"","Trawl_id","time","lon","lat","depth"
"1","200303003002",2003-09-01,-124.93027778,46.73194444,673.7
"2","200303003003",2003-09-01,-124.81861111,46.71916667,276.1
"3","200303003004",2003-09-01,-125.09638889,46.92416667,823.6
"4","200303003005",2003-09-01,-124.98277778,47.01416667,172.6
"5","200303003006",2003-09-02,-125.43611111,47.56361111,985.7
"6","200303003007",2003-09-02,-125.32277778,47.50583333,1252.7
"7","200303003008",2003-09-02,-125.18194444,47.54,556.7
"8","200303003009",2003-09-02,-125.06222222,47.57666667,267.3
"9","200303003010",2003-09-02,-124.94277778,47.64055556,137.4
"10","200303003011",2003-09-03,-124.85333333,47.72861111,98.7
"11","200303003012",2003-09-03,-125.01333333,47.84111111,123.9
"12","200303003013",2003-09-03,-125.10555556,47.83888889,174.2
"13","200303003014",2003-09-03,-125.22777778,47.71388889,839.8
"14","200303003015",2003-09-03,-125.15638889,47.65944444,595.2
"15","200303003016",2003-09-04,-125.85527778,48.095,896.6
"16","200303003017",2003-09-04,-125.74833333,47.93666667,859.4
"17","200303003019",2003-09-04,-125.70583333,47.76916667,1129.4
"18","200303003020",2003-09-05,-125.00666667,48.34388889,237.2
"19","200303003021",2003-09-05,-125.32444444,48.32916667,113.6
"20","200303003023",2003-09-05,-125.17861111,48.2275,203.4
"21","200303003024",2003-09-06,-124.895,48.16055556,65.1
"22","200303003025",2003-09-06,-125.03277778,48.0925,344.5
"23","200303003026",2003-09-06,-125.11583333,48.15611111,270
"24","200303003027",2003-09-06,-124.9575,47.99777778,99.1
"25","200303003028",2003-09-07,-125.22805556,48.00277778,160.2
"26","200303003029",2003-09-07,-125.13222222,48.04388889,141.5
"27","200303003030",2003-09-07,-125.32472222,48.07694444,214.7
"28","200303003032",2003-09-07,-125.60388889,48.11388889,160.6
"29","200303003033",2003-09-08,-124.88027778,47.29555556,230.5
"30","200303003034",2003-09-08,-124.76416667,47.2925,182.9
"31","200303003035",2003-09-08,-124.68416667,47.02916667,106.4
"32","200303003037",2003-09-12,-124.68694444,46.59055556,803.1
"33","200303003038",2003-09-12,-124.63277778,46.43222222,990.5
"34","200303003039",2003-09-12,-124.76666667,46.15166667,1079.7
"35","200303003040",2003-09-13,-124.83,46.0475,403.1
"36","200303003041",2003-09-13,-124.71555556,46.07472222,256.9
"37","200303003042",2003-09-13,-124.36527778,45.95111111,142.2
"38","200303003043",2003-09-13,-124.525,45.79111111,173.8
"39","200303003044",2003-09-14,-124.30472222,45.72277778,143.9
"40","200303003045",2003-09-14,-124.77472222,45.59361111,605.5
"41","200303003046",2003-09-14,-124.71194444,45.36972222,509.2
"42","200303003047",2003-09-14,-124.56638889,45.29694444,436.3
"43","200303003048",2003-09-14,-124.25972222,45.09472222,164.1
"44","200303003049",2003-09-15,-124.51,45.1375,355.6
"45","200303003050",2003-09-15,-124.72666667,45.12972222,312.5
"46","200303003051",2003-09-15,-124.70722222,45.09027778,291.5
"47","200303003052",2003-09-15,-125.02861111,44.95444444,1065
"48","200303003053",2003-09-15,-125.09722222,44.60638889,975
"49","200303003054",2003-09-16,-124.48277778,44.93166667,313.1
"50","200303003055",2003-09-16,-124.42055556,44.69694444,103.4
"51","200303003056",2003-09-16,-124.24638889,44.51083333,72.5
"52","200303003057",2003-09-16,-124.30833333,44.33277778,75.5
"53","200303003058",2003-09-16,-124.28833333,43.93722222,98.7
"54","200303003059",2003-09-17,-124.9925,44.12166667,435.3
"55","200303003060",2003-09-17,-124.89305556,44.45166667,410.5
"56","200303003061",2003-09-17,-125.04972222,43.63,983.7
"57","200303003062",2003-09-17,-124.87666667,43.44305556,623.4
"58","200303003063",2003-09-18,-124.64277778,43.7125,351.2
"59","200303003064",2003-09-24,-124.70361111,43.27361111,198.5
"60","200303003065",2003-09-24,-124.95166667,43.25666667,929.8
"61","200303003066",2003-09-24,-124.84166667,42.94194444,143.8
"62","200303003067",2003-09-25,-124.89444444,42.88,378.4
"63","200303003068",2003-09-25,-124.82638889,42.86916667,289.6
"64","200303003069",2003-09-25,-124.67944444,42.70138889,149.8
"65","200303003070",2003-09-27,-124.71222222,42.59111111,226.6
"66","200303003072",2003-09-27,-124.67194444,42.35888889,171.4
"67","200303003074",2003-09-28,-124.89638889,41.81055556,974.5
"68","200303003075",2003-09-28,-124.56166667,41.79916667,534.5
"69","200303003076",2003-09-28,-124.29416667,41.69027778,62.6
"70","200303003077",2003-09-28,-124.46722222,41.52388889,153.5
"71","200303003078",2003-09-28,-124.49416667,41.52861111,212
"72","200303003079",2003-09-29,-124.91666667,41.50055556,670
"73","200303003080",2003-09-29,-124.655,41.40722222,1037.3
"74","200303003081",2003-09-29,-124.26555556,41.36472222,80.2
"75","200303003082",2003-09-29,-124.39944444,41.27111111,180.8
"76","200303003084",2003-09-30,-124.83611111,41.11916667,1141.6
"77","200303003085",2003-09-30,-124.45388889,41.00833333,449.7
"78","200303003090",2003-10-05,-124.60916667,40.46833333,145.4
"79","200303003091",2003-10-05,-124.50055556,40.34277778,370.5
"80","200303003092",2003-10-05,-124.38333333,40.20444444,94.7
"81","200303003093",2003-10-06,-124.50916667,40.2,450.5
"82","200303003094",2003-10-06,-124.76944444,40.18027778,905.5
"83","200303003096",2003-10-07,-124.05694444,39.73444444,393.2
"84","200303003097",2003-10-07,-123.99583333,39.67027778,248.2
"85","200303003098",2003-10-07,-124.12805556,39.50166667,879.2
"86","200303003099",2003-10-07,-123.83555556,39.24777778,95.6
"87","200303003100",2003-10-07,-123.93444444,39.06666667,150.8
"88","200303003101",2003-10-08,-123.92805556,38.85833333,310.7
"89","200303003102",2003-10-08,-123.70583333,38.76722222,115.7
"90","200303003103",2003-10-08,-123.75861111,38.70388889,190.6
"91","200303003104",2003-10-08,-123.46166667,38.25666667,299.4
"92","200303003105",2003-10-09,-123.37916667,38.03944444,117
"93","200303003106",2003-10-09,-123.0775,37.66777778,118.8
"94","200303003107",2003-10-10,-122.51194444,37.06444444,116.8
"95","200303003108",2003-10-10,-122.48388889,36.99944444,139.2
"96","200303003109",2003-10-10,-121.99583333,36.36527778,133.6
"97","200303003110",2003-10-10,-121.99805556,36.22138889,566
"98","200303003111",2003-10-11,-121.7025,35.78638889,889.9
"99","200303003112",2003-10-11,-121.37611111,35.72833333,69.4
"100","200303003113",2003-10-11,-121.33583333,35.56027778,412.6
"101","200303003114",2003-10-11,-121.00555556,35.07055556,401
"102","200303003115",2003-10-12,-121.08638889,35.29527778,329.6
"103","200303003116",2003-10-16,-121.08777778,34.95972222,524.3
"104","200303003117",2003-10-16,-120.75222222,35.08972222,55.7
"105","200303003118",2003-10-16,-120.8825,34.83555556,207.4
"106","200303003121",2003-10-17,-120.88861111,34.61694444,325.9
"107","200303003122",2003-10-17,-120.58777778,34.37861111,337.5
"108","200303003123",2003-10-17,-120.57305556,34.32277778,433.8
"109","200303003124",2003-10-18,-120.41944444,34.39611111,92.2
"110","200303003125",2003-10-18,-120.45527778,34.23583333,478.3
"111","200303003126",2003-10-18,-120.18111111,34.19222222,507.4
"112","200303003127",2003-10-18,-120.0075,34.14833333,450.5
"113","200303003128",2003-10-18,-119.67805556,34.25694444,195.5
"114","200303003129",2003-10-19,-120.00222222,33.80833333,113.8
"115","200303003132",2003-10-20,-118.99055556,34.01583333,95.4
"116","200303003134",2003-10-20,-118.62055556,33.52333333,431.2
"117","200303003135",2003-10-20,-118.53388889,33.41805556,103.9
"118","200303003136",2003-10-20,-118.12861111,33.2625,822.5
"119","200303003137",2003-10-21,-118.79277778,32.57083333,768.9
"120","200303003138",2003-10-21,-117.64388889,32.98805556,911.1
"121","200303003139",2003-10-21,-117.62777778,33.16305556,790.2
"122","200303003141",2003-10-22,-117.3725,33.06305556,264.1
"123","200303003142",2003-10-22,-117.35638889,32.82888889,101.2
"124","200303003145",2003-10-23,-117.38416667,32.76555556,276.3
"125","200303003215",2003-10-16,-121.35722222,34.82027778,476.8
"126","200303006001",2003-06-24,-124.51555556,46.15666667,140.7
"127","200303006002",2003-06-24,-124.7325,46.50388889,606.3
"128","200303006003",2003-06-24,-124.54277778,46.755,107.4
"129","200303006004",2003-06-25,-124.81555556,47.60194444,106
"130","200303006005",2003-06-25,-125.06,47.67138889,176.6
"131","200303006007",2003-06-25,-124.96555556,47.64722222,149
"132","200303006008",2003-06-26,-124.85083333,48.43861111,312.8
"133","200303006009",2003-06-26,-125.16388889,48.4,169
"134","200303006010",2003-06-26,-125.27805556,48.30666667,171.7
"135","200303006011",2003-06-26,-125.13083333,48.26416667,123.1
"136","200303006012",2003-06-27,-124.92166667,48.0775,81.9
"137","200303006013",2003-06-27,-124.93972222,48.16138889,114.1
"138","200303006014",2003-06-27,-125.05194444,48.02666667,125.3
"139","200303006015",2003-06-28,-125.35305556,47.96611111,659.1
"140","200303006016",2003-06-28,-125.55638889,47.91111111,296.2
"141","200303006023",2003-06-29,-125.38027778,48.15972222,113.6
"142","200303006024",2003-06-29,-125.31472222,48.14027778,135.8
"143","200303006025",2003-06-29,-124.91472222,47.90611111,96.6
"144","200303006026",2003-06-30,-124.91,47.77555556,107.9
"145","200303006027",2003-06-30,-125.43083333,47.61027778,969.8
"146","200303006028",2003-06-30,-125.52083333,47.73888889,949.1
"147","200303006029",2003-06-30,-125.50805556,47.68277778,1096.3
"148","200303006031",2003-07-01,-124.62944444,47.22555556,88.8
"149","200303006032",2003-07-01,-124.86055556,46.96527778,182.3
"150","200303006033",2003-07-05,-124.67138889,46.34694444,977.8
"151","200303006034",2003-07-05,-125.04305556,46.63722222,937.1
"152","200303006035",2003-07-05,-125.07833333,46.76166667,769.8
"153","200303006037",2003-07-06,-124.36444444,46.22555556,122.4
"154","200303006038",2003-07-06,-124.70888889,46.26083333,926.2
"155","200303006039",2003-07-06,-124.65777778,46.01416667,193.3
"156","200303006040",2003-07-06,-124.15888889,45.92222222,92.3
"157","200303006042",2003-07-07,-124.80333333,45.82527778,814
"158","200303006044",2003-07-07,-124.31555556,45.60055556,155.4
"159","200303006045",2003-07-07,-124.48861111,45.43611111,424.1
"160","200303006046",2003-07-08,-124.88083333,45.44972222,1038.1
"161","200303006047",2003-07-08,-124.82722222,45.2325,805.7
"162","200303006048",2003-07-08,-124.90027778,45.09333333,732.5
"163","200303006049",2003-07-08,-124.79194444,44.96416667,589.4
"164","200303006050",2003-07-08,-124.83666667,44.81111111,390.5
"165","200303006051",2003-07-09,-124.38333333,45.29972222,325.3
"166","200303006052",2003-07-09,-124.3875,45.10138889,313.3
"167","200303006053",2003-07-09,-124.185,44.88166667,96.8
"168","200303006054",2003-07-09,-124.85472222,44.755,581
"169","200303006055",2003-07-10,-124.97166667,44.42805556,734.2
"170","200303006056",2003-07-10,-124.60166667,44.56777778,178.3
"171","200303006057",2003-07-10,-124.60083333,44.35083333,96.1
"172","200303006058",2003-07-10,-124.30305556,44.18777778,81.2
"173","200303006059",2003-07-11,-124.74555556,43.91805556,176.4
"174","200303006060",2003-07-11,-124.8175,43.76861111,593
"175","200303006061",2003-07-11,-124.78222222,43.59777778,670.3
"176","200303006062",2003-07-11,-124.57111111,43.60916667,210.4
"177","200303006063",2003-07-15,-124.78055556,43.37805556,614.4
"178","200303006064",2003-07-15,-124.86861111,43.08944444,305.6
"179","200303006066",2003-07-15,-124.72166667,42.89694444,142.7
"180","200303006067",2003-07-15,-124.72444444,42.97583333,149.1
"181","200303006068",2003-07-16,-124.71944444,43.04388889,163.4
"182","200303006069",2003-07-16,-125.0025,43.04472222,1030
"183","200303006071",2003-07-16,-124.86388889,42.99527778,266.8
"184","200303006072",2003-07-16,-124.83111111,42.89666667,246.6
"185","200303006073",2003-07-17,-124.71916667,42.78,198.7
"186","200303006074",2003-07-17,-124.86194444,42.69305556,590.2
"187","200303006075",2003-07-17,-124.68416667,42.61083333,160.1
"188","200303006076",2003-07-17,-124.81083333,42.45861111,319.1
"189","200303006077",2003-07-18,-124.86638889,42.38972222,1134.1
"190","200303006078",2003-07-18,-124.835,42.26805556,655.4
"191","200303006079",2003-07-18,-124.72,42.27111111,498.8
"192","200303006080",2003-07-18,-124.52444444,42.13638889,132.1
"193","200303006081",2003-07-19,-124.66833333,42.10694444,528.1
"194","200303006082",2003-07-19,-124.545,41.9025,205.8
"195","200303006083",2003-07-19,-124.54083333,41.74111111,488.1
"196","200303006084",2003-07-19,-124.29472222,41.60388889,62.1
"197","200303006085",2003-07-19,-124.31638889,41.47027778,83.3
"198","200303006086",2003-07-20,-124.94888889,41.85,935.2
"199","200303006087",2003-07-20,-124.82805556,41.62027778,883
"200","200303006088",2003-07-20,-124.93083333,41.46277778,736.9
"201","200303006089",2003-07-21,-124.295,41.32361111,94.2
"202","200303006090",2003-07-21,-124.38388889,41.16361111,295.1
"203","200303006091",2003-07-21,-124.55444444,41.18583333,1014.3
"204","200303006092",2003-07-21,-124.65638889,40.92472222,652.4
"205","200303006093",2003-07-21,-124.46638889,40.63555556,89.6
"206","200303006094",2003-07-22,-124.30722222,40.99083333,103.7
"207","200303006095",2003-07-22,-124.39666667,40.92416667,183.9
"208","200303006096",2003-07-26,-124.48388889,40.36416667,328.1
"209","200303006097",2003-07-26,-124.55583333,40.30222222,1020.5
"210","200303006098",2003-07-26,-124.80333333,40.12027778,983.8
"211","200303006099",2003-07-26,-124.78666667,39.99527778,1196.1
"212","200303006100",2003-07-27,-124.62416667,39.88638889,1240
"213","200303006101",2003-07-27,-124.16055556,40.00388889,130.6
"214","200303006102",2003-07-27,-124.1025,39.66416667,775.3
"215","200303006103",2003-07-27,-123.85638889,39.54833333,101.9
"216","200303006104",2003-07-28,-123.96305556,39.28805556,252.7
"217","200303006105",2003-07-28,-124.00972222,39.16027778,471.4
"218","200303006106",2003-07-28,-123.88416667,39.09222222,121.1
"219","200303006107",2003-07-28,-123.89888889,38.9025,141.5
"220","200303006108",2003-07-29,-123.6525,38.54666667,214.7
"221","200303006109",2003-07-29,-123.49277778,38.1825,396.2
"222","200303006110",2003-07-29,-123.39638889,38.14472222,252.6
"223","200303006111",2003-07-29,-123.12444444,38.07694444,79.9
"224","200303006112",2003-07-30,-122.96861111,37.96777778,64.3
"225","200303006113",2003-07-30,-122.82694444,37.66666667,60.7
"226","200303006114",2003-07-30,-122.92638889,37.45638889,168.9
"227","200303006115",2003-07-30,-122.58611111,37.26083333,93.4
"228","200303006116",2003-07-31,-122.43777778,37.16111111,61
"229","200303006117",2003-07-31,-122.74277778,37.13888889,362.1
"230","200303006118",2003-07-31,-122.88916667,37.11944444,572
"231","200303006119",2003-07-31,-122.35416667,36.95944444,166.1
"232","200303006120",2003-08-01,-122.22361111,36.42777778,1120.7
"233","200303006121",2003-08-01,-121.97583333,36.23555556,251.1
"234","200303006122",2003-08-01,-121.69944444,36.11555556,454.1
"235","200303006124",2003-08-01,-121.53722222,35.9675,131.6
"236","200303006125",2003-08-02,-121.34638889,35.2525,699.1
"237","200303006126",2003-08-02,-121.16722222,35.505,218.9
"238","200303006127",2003-08-02,-121.11166667,35.50083333,83
"239","200303006128",2003-08-06,-120.91333333,35.14472222,161.4
"240","200303006129",2003-08-06,-121.03361111,34.9975,463.6
"241","200303006130",2003-08-06,-120.97805556,34.89027778,376.4
"242","200303006131",2003-08-06,-120.825,34.87138889,139.7
"243","200303006133",2003-08-07,-120.95861111,34.66444444,431.5
"244","200303006134",2003-08-07,-120.68944444,34.46277778,273.4
"245","200303006135",2003-08-07,-120.63833333,34.36583333,441.3
"246","200303006136",2003-08-07,-120.50055556,34.43972222,74.2
"247","200303006138",2003-08-08,-120.50083333,34.21361111,203.2
"248","200303006139",2003-08-08,-120.1125,34.17333333,525.4
"249","200303006142",2003-08-08,-119.61444444,34.3,89.1
"250","200303006145",2003-08-09,-118.74388889,33.965,454.7
"251","200303006148",2003-08-09,-118.44277778,33.83833333,81
"252","200303006149",2003-08-10,-118.10527778,33.56472222,241.3
"253","200303006151",2003-08-10,-118.13972222,33.41222222,640.7
"254","200303006152",2003-08-10,-118.34611111,33.28972222,90.4
"255","200303006153",2003-08-11,-118.31527778,33.21277778,1156.8
"256","200303006156",2003-08-11,-118.54944444,32.87555556,127.9
"257","200303006157",2003-08-11,-118.45722222,32.77277778,116.8
"258","200303006158",2003-08-11,-118.54333333,32.68694444,931.7
"259","200303006159",2003-08-12,-118.40388889,32.78833333,78.4
"260","200303006160",2003-08-12,-117.80388889,32.84694444,1072.2
"261","200303006163",2003-08-12,-117.29861111,32.9175,85.2
"262","200303006164",2003-08-13,-117.38027778,32.65833333,251.3
"263","200303008002",2003-09-01,-124.64111111,46.43916667,1034.7
"264","200303008003",2003-09-01,-125.01972222,46.61583333,1066.2
"265","200303008005",2003-09-02,-125.16333333,46.73583333,917
"266","200303008007",2003-09-02,-124.89194444,47.34027778,1155.9
"267","200303008008",2003-09-02,-124.85444444,47.29111111,198.7
"268","200303008009",2003-09-03,-125.25638889,47.55,783
"269","200303008010",2003-09-03,-125.36083333,47.61111111,924.2
"270","200303008011",2003-09-03,-125.46777778,47.68444444,1094.8
"271","200303008012",2003-09-03,-125.29888889,47.70805556,939.9
"272","200303008013",2003-09-03,-125.38416667,47.84861111,958.5
"273","200303008014",2003-09-03,-125.50888889,47.91138889,471.8
"274","200303008015",2003-09-04,-125.58333333,47.93361111,255.2
"275","200303008019",2003-09-04,-125.42416667,47.99861111,176.6
"276","200303008020",2003-09-05,-125.21166667,47.97472222,167.7
"277","200303008022",2003-09-05,-125.2875,48.15055556,133.1
"278","200303008023",2003-09-05,-125.06333333,48.13583333,194.7
"279","200303008026",2003-09-06,-124.92305556,48.38194444,117.1
"280","200303008027",2003-09-06,-124.94861111,48.26055556,199.6
"281","200303008028",2003-09-06,-124.90444444,48.26972222,112.7
"282","200303008029",2003-09-06,-124.92138889,48.14527778,88.1
"283","200303008030",2003-09-06,-124.89,48.01666667,65.4
"284","200303008031",2003-09-06,-124.95972222,47.86277778,111.2
"285","200303008032",2003-09-07,-124.86166667,47.75138889,98.6
"286","200303008034",2003-09-07,-125.06888889,47.63472222,187
"287","200303008035",2003-09-07,-124.85416667,47.65333333,107.2
"288","200303008036",2003-09-07,-124.83527778,47.47888889,142.5
"289","200303008037",2003-09-07,-124.84361111,47.02611111,155.4
"290","200303008038",2003-09-08,-124.83166667,46.93972222,305.1
"291","200303008039",2003-09-08,-124.40083333,46.58305556,88.4
"292","200303008040",2003-09-12,-124.84583333,46.28305556,823.6
"293","200303008042",2003-09-12,-124.6525,46.11944444,179.4
"294","200303008043",2003-09-12,-124.79361111,46.13333333,1162.2
"295","200303008044",2003-09-12,-124.94611111,46.04361111,876.4
"296","200303008045",2003-09-13,-124.66722222,45.84138889,209.9
"297","200303008046",2003-09-13,-124.33277778,46.03138889,124.2
"298","200303008047",2003-09-13,-124.38194444,45.73833333,153.4
"299","200303008048",2003-09-13,-124.18694444,45.55972222,116
"300","200303008049",2003-09-14,-124.82138889,45.60638889,1053.9
"301","200303008050",2003-09-14,-124.77027778,45.36027778,580.6
"302","200303008051",2003-09-14,-124.51083333,45.33694444,398
"303","200303008052",2003-09-14,-124.55472222,45.13305556,328.3
"304","200303008053",2003-09-14,-124.68305556,45.04527778,338.4
"305","200303008054",2003-09-15,-124.90694444,45.16527778,796.6
"306","200303008055",2003-09-15,-124.82527778,45.0725,639.2
"307","200303008056",2003-09-15,-125.06416667,44.92833333,1093.8
"308","200303008057",2003-09-15,-125.00055556,44.63472222,982.1
"309","200303008058",2003-09-15,-124.89972222,44.34722222,587.2
"310","200303008060",2003-09-16,-124.66694444,44.6325,241.9
"311","200303008061",2003-09-16,-124.20166667,44.77527778,70.6
"312","200303008063",2003-09-16,-124.36361111,44.57138889,69.6
"313","200303008064",2003-09-16,-124.39,44.33555556,82
"314","200303008065",2003-09-17,-124.36055556,44.10722222,95.4
"315","200303008066",2003-09-17,-124.63444444,43.81916667,312.2
"316","200303008068",2003-09-17,-124.83666667,43.69166667,725.1
"317","200303008069",2003-09-17,-124.82638889,43.54916667,659.9
"318","200303008070",2003-09-18,-124.78916667,43.31722222,578
"319","200303008071",2003-09-18,-124.6375,43.47694444,262
"320","200303008072",2003-09-24,-124.91,42.95111111,393.5
"321","200303008073",2003-09-24,-124.79972222,42.88888889,230.4
"322","200303008074",2003-09-24,-124.62833333,42.99166667,109.5
"323","200303008075",2003-09-24,-124.64472222,42.80138889,64
"324","200303008076",2003-09-24,-124.70611111,42.72444444,177.7
"325","200303008077",2003-09-24,-124.78888889,42.65583333,679.7
"326","200303008079",2003-09-25,-124.71138889,42.41777778,137.4
"327","200303008080",2003-09-25,-124.74861111,42.42527778,205.7
"328","200303008081",2003-09-25,-124.81166667,42.29444444,592.1
"329","200303008082",2003-09-25,-124.77666667,42.26277778,572.3
"330","200303008083",2003-09-25,-124.64722222,42.23277778,395.9
"331","200303008084",2003-09-26,-124.47222222,42.24416667,98.2
"332","200303008085",2003-09-26,-124.72388889,42.18638889,570.9
"333","200303008086",2003-09-26,-124.58694444,42.05944444,217.6
"334","200303008087",2003-09-26,-124.60361111,42.0575,324.7
"335","200303008088",2003-09-26,-124.78611111,41.9625,751.1
"336","200303008089",2003-09-27,-125.01444444,42.0025,943.6
"337","200303008090",2003-09-27,-124.85472222,41.83666667,847
"338","200303008091",2003-09-27,-124.765,41.56583333,892.7
"339","200303008092",2003-09-27,-124.67027778,41.48583333,948.4
"340","200303008093",2003-09-28,-124.55777778,41.82972222,483.7
"341","200303008094",2003-09-28,-124.49805556,41.55916667,249.4
"342","200303008095",2003-09-28,-124.31277778,41.56972222,71.9
"343","200303008096",2003-09-28,-124.39722222,41.40083333,112.2
"344","200303008097",2003-09-29,-124.5025,41.29444444,594.4
"345","200303008098",2003-09-29,-124.255,41.29944444,81.5
"346","200303008099",2003-09-29,-124.38305556,41.13777778,319.3
"347","200303008100",2003-09-30,-124.48194444,41.16166667,781.5
"348","200303008101",2003-09-30,-124.72777778,40.85083333,1024.7
"349","200303008102",2003-09-30,-124.63222222,40.60944444,181.6
"350","200303008103",2003-10-01,-124.47916667,40.90916667,419.7
"351","200303008104",2003-10-01,-124.35166667,40.80666667,67.5
"352","200303008105",2003-10-01,-124.49527778,40.73833333,194.1
"353","200303008106",2003-10-05,-125.00916667,40.2,1062.8
"354","200303008107",2003-10-05,-124.54222222,40.2275,360
"355","200303008108",2003-10-05,-124.64444444,40.03611111,942.7
"356","200303008109",2003-10-05,-124.6325,39.97333333,1037.4
"357","200303008110",2003-10-06,-124.14222222,39.82611111,479.8
"358","200303008111",2003-10-06,-124.06055556,39.80083333,193.7
"359","200303008112",2003-10-06,-123.99416667,39.575,413.7
"360","200303008113",2003-10-06,-123.93166667,39.28083333,147.4
"361","200303008114",2003-10-06,-124.00472222,39.24777778,445.7
"362","200303008115",2003-10-06,-123.9925,39.11277778,414.6
"363","200303008116",2003-10-07,-123.80944444,38.90361111,106.5
"364","200303008117",2003-10-07,-123.81666667,38.77777778,146.4
"365","200303008118",2003-10-07,-123.52194444,38.44555556,171.5
"366","200303008119",2003-10-07,-123.53027778,38.15444444,606.9
"367","200303008120",2003-10-07,-123.46194444,38.09944444,173.5
"368","200303008122",2003-10-08,-123.07694444,38.06138889,63.7
"369","200303008123",2003-10-08,-123.13222222,37.94138889,92.7
"370","200303008124",2003-10-08,-122.67583333,37.49694444,64.3
"371","200303008125",2003-10-09,-122.86916667,37.36638889,168.1
"372","200303008126",2003-10-09,-122.80444444,37.05194444,878.8
"373","200303008127",2003-10-09,-122.68944444,37.07194444,336.7
"374","200303008128",2003-10-09,-122.56027778,37.21111111,90.7
"375","200303008129",2003-10-09,-122.4775,37.09861111,94.8
"376","200303008130",2003-10-10,-121.99916667,36.53833333,714.6
"377","200303008131",2003-10-10,-122.22222222,36.31583333,927.1
"378","200303008132",2003-10-10,-121.94166667,36.0675,1177.9
"379","200303008134",2003-10-11,-121.82138889,36.22083333,77.1
"380","200303008135",2003-10-11,-121.86888889,35.80611111,1158.6
"381","200303008136",2003-10-11,-121.32972222,35.59972222,257.6
"382","200303008137",2003-10-11,-121.17527778,35.38944444,344.5
"383","200303008138",2003-10-11,-121.01916667,35.4075,104.8
"384","200303008139",2003-10-12,-121.115,35.12555556,542.5
"385","200303008140",2003-10-12,-121.00027778,34.98527778,418.3
"386","200303008141",2003-10-16,-121.18666667,35.02111111,570.7
"387","200303008142",2003-10-16,-121.1375,34.86416667,563.1
"388","200303008143",2003-10-16,-120.72194444,34.82777778,61
"389","200303008144",2003-10-16,-120.84583333,34.68083333,169
"390","200303008145",2003-10-16,-120.79138889,34.66888889,97.4
"391","200303008146",2003-10-17,-120.93111111,34.21555556,904.2
"392","200303008147",2003-10-17,-120.59833333,34.42416667,238.7
"393","200303008148",2003-10-17,-120.26111111,34.43138889,79.6
"394","200303008150",2003-10-17,-120.32055556,34.2175,468.4
"395","200303008156",2003-10-18,-120.12083333,33.36305556,1209.3
"396","200303008159",2003-10-19,-120.34805556,33.1475,543.4
"397","200303008160",2003-10-19,-120.05,33.56166667,872.1
"398","200303008161",2003-10-20,-119.48833333,34.20861111,85.7
"399","200303008162",2003-10-20,-119.4875,34.27361111,63.5
"400","200303008163",2003-10-20,-119.00972222,34.02888889,89.7
"401","200303008164",2003-10-20,-118.58222222,33.84472222,148.8
"402","200303008165",2003-10-21,-118.36944444,32.77777778,218.9
"403","200303008167",2003-10-21,-118.49027778,33.38888889,61.9
"404","200303008169",2003-10-21,-118.27388889,33.41611111,847.9
"405","200303008171",2003-10-22,-117.91083333,33.55777778,304.7
"406","200303008172",2003-10-22,-117.84972222,33.01222222,813.5
"407","200303008173",2003-10-22,-117.74833333,32.78777778,1095.8
"408","200303008174",2003-10-22,-117.35444444,32.87472222,323
"409","200303008176",2003-10-23,-117.35333333,32.61694444,189.6
"410","200303010001",2003-06-24,-124.73888889,46.02472222,310
"411","200303010002",2003-06-24,-124.77611111,46.09611111,564.9
"412","200303010003",2003-06-25,-124.83638889,46.66944444,455
"413","200303010004",2003-06-25,-125.16416667,46.81083333,797.7
"414","200303010005",2003-06-25,-124.90527778,46.96277778,171.6
"415","200303010008",2003-06-26,-125.59694444,47.65916667,1181.4
"416","200303010009",2003-06-26,-125.59222222,47.75944444,1212.6
"417","200303010010",2003-06-26,-125.71361111,47.90916667,739.8
"418","200303010011",2003-06-26,-125.76722222,48.10527778,428.1
"419","200303010012",2003-06-27,-125.35722222,47.85944444,707.7
"420","200303010013",2003-06-27,-125.57944444,48.03972222,179.7
"421","200303010016",2003-06-27,-125.50222222,48.08861111,140.8
"422","200303010017",2003-06-27,-125.4775,48.09555556,128.9
"423","200303010018",2003-06-28,-125.44055556,48.29222222,128
"424","200303010020",2003-06-28,-124.99416667,48.45222222,123.1
"425","200303010023",2003-06-28,-124.96333333,48.3325,160.7
"426","200303010024",2003-06-29,-124.95083333,48.22861111,175.7
"427","200303010025",2003-06-29,-124.91861111,48.18666667,84.3
"428","200303010026",2003-06-29,-124.97916667,48.17,224.5
"429","200303010027",2003-06-29,-124.95694444,48.12638889,114.7
"430","200303010028",2003-06-29,-124.87888889,47.995,65.1
"431","200303010029",2003-06-30,-125.07,48.02472222,125.7
"432","200303010030",2003-06-30,-125.105,48.00277778,135.3
"433","200303010031",2003-06-30,-125.02972222,47.82361111,133.2
"434","200303010032",2003-06-30,-124.84777778,47.78527778,93.6
"435","200303010033",2003-06-30,-124.73638889,47.71944444,68.5
"436","200303010034",2003-07-01,-124.7125,47.25583333,114.7
"437","200303010035",2003-07-01,-124.43166667,47.02111111,56.9
"438","200303010036",2003-07-01,-124.60888889,46.70194444,134.5
"439","200303010037",2003-07-01,-124.32444444,46.39388889,79.4
"440","200303010040",2003-07-05,-124.61416667,46.52472222,619.6
"441","200303010041",2003-07-05,-124.68972222,46.39,1154.1
"442","200303010042",2003-07-05,-124.91805556,46.25722222,843.9
"443","200303010043",2003-07-05,-124.98527778,45.99944444,1263.7
"444","200303010044",2003-07-06,-124.34416667,45.91888889,140.7
"445","200303010045",2003-07-06,-124.31027778,45.66388889,144.3
"446","200303010046",2003-07-06,-124.41777778,45.45666667,215
"447","200303010047",2003-07-06,-124.4275,45.29305556,383.2
"448","200303010048",2003-07-07,-124.85333333,45.46527778,982.9
"449","200303010049",2003-07-07,-124.82444444,45.25805556,744.6
"450","200303010050",2003-07-07,-124.68361111,45.095,359.5
"451","200303010051",2003-07-07,-124.95694444,45.085,914.9
"452","200303010052",2003-07-08,-125.01833333,44.93083333,978.6
"453","200303010053",2003-07-08,-124.93388889,44.97194444,742.7
"454","200303010054",2003-07-08,-124.82305556,44.86861111,336.7
"455","200303010055",2003-07-08,-124.91222222,44.56777778,598
"456","200303010057",2003-07-09,-124.42944444,44.64194444,86.4
"457","200303010058",2003-07-09,-124.63444444,44.46555556,137.5
"458","200303010059",2003-07-09,-124.21055556,44.20861111,60.2
"459","200303010061",2003-07-10,-124.94472222,44.01944444,298.1
"460","200303010062",2003-07-10,-124.98777778,43.94444444,566.1
"461","200303010063",2003-07-10,-124.85166667,43.58388889,670.6
"462","200303010064",2003-07-11,-124.53805556,43.6725,177
"463","200303010065",2003-07-11,-124.40861111,43.54638889,115.2
"464","200303010066",2003-07-15,-124.92888889,43.38805556,776.6
"465","200303010067",2003-07-15,-124.79444444,43.25305556,411.4
"466","200303010068",2003-07-15,-124.93111111,43.18972222,752.3
"467","200303010069",2003-07-15,-124.73277778,42.95694444,147.5
"468","200303010070",2003-07-16,-124.85944444,42.88722222,278.6
"469","200303010071",2003-07-16,-124.79444444,42.79083333,314.7
"470","200303010072",2003-07-16,-124.555,42.645,93
"471","200303010073",2003-07-16,-124.76666667,42.48194444,149.5
"472","200303010074",2003-07-17,-124.87416667,42.49388889,942.6
"473","200303010075",2003-07-17,-124.70333333,42.32666667,399.2
"474","200303010076",2003-07-17,-124.88,42.27361111,931.1
"475","200303010077",2003-07-17,-124.90611111,42.17166667,1006.5
"476","200303010078",2003-07-18,-124.57472222,42.18694444,173.7
"477","200303010079",2003-07-18,-124.63972222,42.0225,458.7
"478","200303010080",2003-07-18,-124.67972222,41.88777778,645.7
"479","200303010081",2003-07-18,-124.51583333,41.76638889,419.7
"480","200303010082",2003-07-18,-124.65027778,41.62666667,807.8
"481","200303010083",2003-07-19,-124.55638889,41.49277778,634.5
"482","200303010084",2003-07-19,-124.35666667,41.63027778,84.4
"483","200303010085",2003-07-19,-124.48611111,41.48666667,190.1
"484","200303010086",2003-07-19,-124.42305556,41.45805556,114.6
"485","200303010087",2003-07-20,-124.19027778,41.36388889,60.4
"486","200303010088",2003-07-20,-124.3575,41.19638889,171.2
"487","200303010090",2003-07-20,-124.79027778,41.38083333,1056.7
"488","200303010091",2003-07-21,-124.69694444,40.99722222,738.2
"489","200303010092",2003-07-21,-124.50416667,40.96888889,492.3
"490","200303010093",2003-07-21,-124.56833333,40.76527778,585.4
"491","200303010094",2003-07-21,-124.53805556,40.70194444,398.7
"492","200303010097",2003-07-22,-124.64638889,40.51416667,231.1
"493","200303010098",2003-07-22,-124.63333333,40.55277778,171.5
"494","200303010099",2003-07-26,-124.72194444,40.31916667,1167.5
"495","200303010100",2003-07-26,-124.515,40.17944444,532.4
"496","200303010101",2003-07-26,-124.38805556,40.14583333,403.2
"497","200303010102",2003-07-26,-124.53055556,39.94083333,1201
"498","200303010103",2003-07-27,-124.25972222,40.04916667,279.8
"499","200303010104",2003-07-27,-123.96805556,39.8375,117.8
"500","200303010105",2003-07-27,-124.16611111,39.71222222,1051.9
"501","200303010106",2003-07-27,-123.98638889,39.28055556,381.4
"502","200303010107",2003-07-28,-124.04833333,39.2075,563.8
"503","200303010108",2003-07-28,-123.79111111,39.17083333,73.3
"504","200303010109",2003-07-28,-123.92305556,39.00861111,140.9
"505","200303010110",2003-07-28,-123.65,38.61416667,153.2
"506","200303010111",2003-07-29,-123.42333333,38.54305556,101.4
"507","200303010112",2003-07-29,-123.68416667,38.43444444,737.9
"508","200303010113",2003-07-29,-123.37527778,38.20583333,178.4
"509","200303010114",2003-07-29,-123.19583333,38.00722222,105.5
"510","200303010115",2003-07-29,-122.88222222,37.795,58.4
"511","200303010116",2003-07-30,-122.95861111,37.53861111,134.8
"512","200303010117",2003-07-30,-122.99888889,37.13111111,665.9
"513","200303010118",2003-07-30,-122.81388889,37.23388889,228.5
"514","200303010119",2003-07-30,-122.55111111,37.37694444,63.6
"515","200303010120",2003-07-31,-122.56388889,37.15222222,99.6
"516","200303010121",2003-07-31,-122.39222222,36.96111111,205.9
"517","200303010123",2003-07-31,-122.10972222,36.49805556,991.9
"518","200303010124",2003-08-01,-122.07388889,36.34638889,335
"519","200303010126",2003-08-01,-121.91694444,36.14194444,953.1
"520","200303010127",2003-08-01,-121.60444444,35.99666667,350.2
"521","200303010128",2003-08-01,-121.31666667,35.56305556,323.8
"522","200303010129",2003-08-02,-121.49222222,35.34333333,889.2
"523","200303010130",2003-08-02,-121.13305556,35.50722222,93.2
"524","200303010131",2003-08-06,-121.12944444,35.15972222,543.9
"525","200303010132",2003-08-06,-121.03722222,35.04527778,449.3
"526","200303010133",2003-08-06,-121.04333333,34.94416667,474.9
"527","200303010134",2003-08-06,-120.77333333,34.96555556,84.4
"528","200303010135",2003-08-07,-121.12166667,34.60138889,791.8
"529","200303010136",2003-08-07,-120.90694444,34.73194444,247
"530","200303010138",2003-08-07,-120.64472222,34.52611111,67.7
"531","200303010139",2003-08-08,-120.71083333,34.46666667,341.5
"532","200303010141",2003-08-08,-120.29583333,34.37555556,264.7
"533","200303010142",2003-08-08,-119.95638889,34.39416667,75.2
"534","200303010143",2003-08-08,-119.75,34.31638889,174.4
"535","200303010144",2003-08-09,-119.51722222,34.16861111,205.8
"536","200303010145",2003-08-09,-119.55583333,34.21111111,123.5
"537","200303010146",2003-08-09,-119.72083333,34.24194444,177.6
"538","200303010147",2003-08-09,-119.76916667,34.17222222,373.2
"539","200303010148",2003-08-10,-120.20833333,33.10638889,574.6
"540","200303010149",2003-08-10,-119.95861111,33.72777778,129.4
"541","200303010151",2003-08-10,-119.76083333,33.58333333,641.4
"542","200303010152",2003-08-11,-118.65527778,33.96888889,195.8
"543","200303010154",2003-08-11,-118.53555556,33.91083333,61.5
"544","200303010156",2003-08-11,-118.73611111,33.84972222,843.2
"545","200303010157",2003-08-11,-118.76583333,33.52611111,394.5
"546","200303010158",2003-08-12,-117.78472222,32.82805556,1078.7
"547","200303010160",2003-08-12,-117.71638889,33.27277778,763.4
"548","200303010161",2003-08-12,-117.63555556,33.36305556,59.9
"549","200303010163",2003-08-13,-117.3075,32.77444444,59.3
"550","200403008001",2004-08-22,-124.84361111,45.67472222,957.2
"551","200403008002",2004-08-22,-124.74333333,45.70638889,383.9
"552","200403008003",2004-08-22,-124.70972222,45.71944444,253
"553","200403008004",2004-08-22,-124.56194444,45.695,211.3
"554","200403008005",2004-08-22,-124.56083333,45.79194444,180.2
"555","200403008006",2004-08-23,-124.84388889,45.93888889,701.9
"556","200403008007",2004-08-23,-124.56138889,46.03111111,157.6
"557","200403008008",2004-08-23,-124.91972222,46.21694444,851.4
"558","200403008010",2004-08-23,-124.55722222,46.37444444,147.3
"559","200403008011",2004-08-24,-124.87,47.23194444,179.5
"560","200403008012",2004-08-24,-125.15083333,47.43138889,711.1
"561","200403008014",2004-08-24,-125.38833333,47.61972222,968.9
"562","200403008015",2004-08-25,-125.80194444,47.98694444,991
"563","200403008017",2004-08-25,-125.47944444,48.16222222,146.9
"564","200403008018",2004-08-25,-125.25527778,48.37083333,190.6
"565","200403008019",2004-08-25,-125.06694444,48.3275,196
"566","200403008020",2004-08-25,-125.07361111,48.10472222,345.8
"567","200403008021",2004-08-26,-125.08222222,48.03611111,133.2
"568","200403008022",2004-08-26,-125.16166667,47.96333333,159.9
"569","200403008023",2004-08-26,-125.11333333,47.85861111,169.5
"570","200403008024",2004-08-26,-125.05027778,47.79805556,157.7
"571","200403008025",2004-08-26,-124.98638889,47.69527778,145.4
"572","200403008026",2004-08-26,-124.78833333,47.885,62.7
"573","200403008028",2004-08-27,-124.63222222,47.49916667,69.1
"574","200403008029",2004-08-27,-124.57805556,47.37055556,69.8
"575","200403008030",2004-08-27,-124.70416667,47.32972222,116.8
"576","200403008031",2004-08-27,-124.56944444,47.25555556,77.1
"577","200403008035",2004-08-27,-124.43416667,46.72472222,87.6
"578","200403008036",2004-08-28,-124.32166667,46.68583333,66.9
"579","200403008037",2004-08-28,-124.26916667,46.39583333,62.9
"580","200403008038",2004-08-28,-124.34222222,46.32555556,103.1
"581","200403008039",2004-08-28,-124.33305556,46.15583333,114.7
"582","200403008040",2004-08-28,-124.38472222,45.7825,152.1
"583","200403008041",2004-08-28,-124.18055556,45.69305556,112.2
"584","200403008043",2004-08-29,-124.18861111,45.55083333,119.9
"585","200403008044",2004-08-29,-124.63972222,45.43333333,467.4
"586","200403008045",2004-08-29,-124.77861111,45.29666667,602.3
"587","200403008047",2004-08-29,-124.64694444,45.20388889,370.9
"588","200403008048",2004-08-29,-124.43472222,45.30694444,384.4
"589","200403008049",2004-08-30,-124.12666667,45.05555556,92.4
"590","200403008050",2004-09-03,-124.55944444,44.96777778,445.8
"591","200403008051",2004-09-03,-124.70944444,44.91916667,400.7
"592","200403008052",2004-09-03,-124.72111111,44.84611111,497.1
"593","200403008053",2004-09-03,-124.62055556,44.80416667,333.4
"594","200403008054",2004-09-03,-124.96583333,44.73388889,683.2
"595","200403008055",2004-09-04,-124.53861111,44.37916667,97.5
"596","200403008057",2004-09-04,-124.39361111,44.36583333,81.8
"597","200403008058",2004-09-04,-124.25722222,44.31138889,70.9
"598","200403008059",2004-09-04,-124.31583333,44.21944444,83.2
"599","200403008060",2004-09-04,-124.39305556,44.31888889,87.4
"600","200403008061",2004-09-04,-124.58777778,44.29555556,99.1
"601","200403008062",2004-09-05,-124.74333333,44.12416667,111
"602","200403008063",2004-09-05,-124.98166667,44.01111111,720.9
"603","200403008064",2004-09-05,-124.85444444,43.68166667,785.9
"604","200403008065",2004-09-05,-124.96861111,43.32388889,827.9
"605","200403008066",2004-09-06,-124.30222222,43.67277778,102.6
"606","200403008067",2004-09-06,-124.46,43.67444444,131.7
"607","200403008068",2004-09-06,-124.51055556,43.44888889,121.6
"608","200403008069",2004-09-06,-124.64666667,43.385,188.1
"609","200403008071",2004-09-06,-124.85416667,43.03,235.1
"610","200403008072",2004-09-07,-124.82888889,42.67388889,663.3
"611","200403008073",2004-09-07,-124.93805556,42.59916667,1234.8
"612","200403008074",2004-09-07,-124.64166667,42.59666667,126.1
"613","200403008075",2004-09-08,-124.73916667,42.38916667,303.6
"614","200403008076",2004-09-08,-124.70166667,42.33277778,385.4
"615","200403008077",2004-09-08,-124.97111111,42.26916667,1162
"616","200403008078",2004-09-08,-124.81694444,42.29944444,589.2
"617","200403008079",2004-09-09,-124.54944444,42.16333333,145.4
"618","200403008080",2004-09-09,-124.9525,42.14,1155
"619","200403008081",2004-09-09,-124.80666667,42.09861111,706.9
"620","200403008082",2004-09-09,-124.58166667,42.06666667,175.7
"621","200403008083",2004-09-09,-124.38583333,41.89916667,64.3
"622","200403008084",2004-09-10,-124.385,41.57555556,103.2
"623","200403008085",2004-09-10,-124.48527778,41.6575,254.2
"624","200403008086",2004-09-10,-124.68888889,41.64083333,835.3
"625","200403008087",2004-09-10,-124.48361111,41.72361111,273.2
"626","200403008088",2004-09-11,-124.44111111,42.09083333,96.1
"627","200403008089",2004-09-11,-124.44833333,42.02388889,97.6
"628","200403008090",2004-09-15,-124.64833333,41.25694444,1134
"629","200403008091",2004-09-15,-124.35,40.80555556,70.4
"630","200403008092",2004-09-15,-124.60555556,40.68833333,577.3
"631","200403008093",2004-09-16,-124.74944444,40.14055556,885.4
"632","200403008094",2004-09-16,-124.66055556,40.04916667,943.6
"633","200403008095",2004-09-16,-124.15805556,39.97583333,129.1
"634","200403008096",2004-09-16,-123.94138889,39.71166667,144.9
"635","200403008097",2004-09-16,-123.9575,39.50916667,162
"636","200403008098",2004-09-17,-123.86055556,39.33472222,101.1
"637","200403008099",2004-09-17,-123.97805556,39.255,322.9
"638","200403008100",2004-09-17,-124.16388889,39.30222222,922.9
"639","200403008101",2004-09-17,-123.95972222,39.17444444,253.5
"640","200403008102",2004-09-17,-124.09083333,39.07694444,858.8
"641","200403008104",2004-09-18,-123.9925,38.93833333,404
"642","200403008105",2004-09-18,-123.83833333,38.88888889,118.5
"643","200403008106",2004-09-18,-123.78388889,38.88,98.4
"644","200403008107",2004-09-18,-123.56305556,38.48416667,188.9
"645","200403008108",2004-09-18,-123.25111111,38.37722222,97.2
"646","200403008109",2004-09-19,-123.30916667,38.21027778,128.6
"647","200403008112",2004-09-19,-123.47277778,38.13638889,375.1
"648","200403008113",2004-09-19,-123.40555556,38.17222222,273.7
"649","200403008114",2004-09-19,-123.27638889,38.17555556,121.2
"650","200403008115",2004-09-20,-123.25638889,38.00638889,114.2
"651","200403008116",2004-09-20,-123.28972222,37.96611111,111.7
"652","200403008122",2004-09-20,-123.33777778,37.86472222,116.7
"653","200403008123",2004-09-21,-123.33027778,37.82083333,150.4
"654","200403008124",2004-09-21,-123.05333333,37.65888889,114.3
"655","200403008125",2004-09-21,-123.105,37.47138889,725.4
"656","200403008126",2004-09-21,-123.07027778,37.29777778,780.9
"657","200403008127",2004-09-21,-123.07472222,37.26722222,741.4
"658","200403008128",2004-09-22,-122.22666667,36.95277778,81.3
"659","200403008130",2004-09-22,-122.25888889,36.87916667,568.3
"660","200403008131",2004-09-22,-122.3725,36.9775,161.4
"661","200403008132",2004-09-22,-122.49861111,37.05722222,115.9
"662","200403008134",2004-09-23,-122.8425,37.07444444,666.9
"663","200403008136",2004-09-23,-122.8575,37.14805556,454.4
"664","200403008137",2004-09-23,-122.83388889,37.27027778,212.3
"665","200403008138",2004-09-24,-123.12361111,38.03277778,78.1
"666","200403008139",2004-09-24,-123.00666667,37.96277778,61.8
"667","200403008140",2004-09-28,-121.92777778,36.75611111,99.7
"668","200403008141",2004-09-28,-121.96583333,36.23222222,239.9
"669","200403008142",2004-09-28,-121.66,36.11861111,60
"670","200403008143",2004-09-29,-121.51388889,35.78888889,421.9
"671","200403008144",2004-09-29,-121.4825,35.73333333,429.4
"672","200403008145",2004-09-29,-121.45638889,35.73611111,327.4
"673","200403008146",2004-09-29,-121.22888889,35.52777778,269.2
"674","200403008147",2004-09-29,-121.19361111,35.525,208.3
"675","200403008148",2004-09-29,-121.16027778,35.5075,184
"676","200403008149",2004-09-30,-121.57333333,35.25972222,824.9
"677","200403008150",2004-09-30,-121.54583333,34.93027778,932.6
"678","200403008153",2004-09-30,-121.53666667,34.82055556,969.8
"679","200403008154",2004-10-01,-120.7225,34.72722222,66.8
"680","200403008155",2004-10-01,-120.73611111,34.7025,72.4
"681","200403008158",2004-10-02,-120.2425,33.56472222,1021.3
"682","200403008159",2004-10-02,-120.37361111,33.49805556,1183.6
"683","200403008160",2004-10-02,-120.55388889,33.66861111,1170.4
"684","200403008161",2004-10-03,-120.96888889,34.44777778,942
"685","200403008162",2004-10-03,-121.04944444,34.50944444,965
"686","200403008163",2004-10-03,-121.09888889,34.62166667,742.9
"687","200403008164",2004-10-03,-120.87166667,34.63361111,273
"688","200403008165",2004-10-03,-121.21472222,34.78916667,433.7
"689","200403008166",2004-10-04,-121.45138889,35.28444444,792.2
"690","200403008167",2004-10-04,-121.04916667,35.31638889,223.8
"691","200403008168",2004-10-08,-120.68,34.495,103.4
"692","200403008169",2004-10-08,-120.59638889,34.36777778,384.9
"693","200403008170",2004-10-08,-120.54444444,34.32916667,406
"694","200403008171",2004-10-08,-120.66277778,34.16694444,645.4
"695","200403008172",2004-10-08,-120.39416667,34.21833333,464.8
"696","200403008173",2004-10-08,-120.20944444,34.36166667,396.5
"697","200403008174",2004-10-09,-119.51972222,34.26722222,74.9
"698","200403008175",2004-10-09,-119.54555556,34.26833333,81.9
"699","200403008176",2004-10-09,-119.78416667,34.22638889,310.7
"700","200403008177",2004-10-09,-119.9325,34.30527778,498
"701","200403008178",2004-10-09,-120.16777778,34.35583333,459.7
"702","200403008180",2004-10-10,-119.88916667,33.81777778,196.2
"703","200403008182",2004-10-10,-119.93055556,33.71166667,141.3
"704","200403008183",2004-10-10,-119.81,33.57027778,405.2
"705","200403008184",2004-10-11,-119.64805556,33.56805556,1187.6
"706","200403008185",2004-10-11,-118.98777778,34.01611111,91
"707","200403008186",2004-10-11,-118.90111111,34.01361111,59.8
"708","200403008187",2004-10-12,-118.57416667,33.94972222,127.7
"709","200403008188",2004-10-12,-118.36722222,33.575,820
"710","200403008189",2004-10-13,-118.00666667,33.54361111,294.8
"711","200403008190",2004-10-13,-117.93833333,33.45972222,552.3
"712","200403008191",2004-10-13,-117.79027778,33.32027778,690.7
"713","200403008192",2004-10-13,-117.97361111,33.22055556,847.7
"714","200403008193",2004-10-13,-117.93805556,33.11361111,909.5
"715","200403008194",2004-10-14,-118.52388889,32.75972222,418.5
"716","200403008195",2004-10-14,-118.39055556,32.72611111,302.4
"717","200403008196",2004-10-14,-118.64527778,33.01277778,116.8
"718","200403008199",2004-10-15,-118.15472222,32.85861111,863.5
"719","200403008200",2004-10-15,-117.30388889,32.94666667,65.2
"720","200403008201",2004-10-15,-117.36361111,32.83388889,200.2
"721","200403008202",2004-10-16,-117.31472222,32.74472222,72.8
"722","200403008203",2004-10-16,-117.27666667,32.6125,72.1
"723","200403010002",2004-05-27,-125.00972222,46.2725,1115.1
"724","200403010004",2004-05-27,-124.90083333,46.63472222,621.1
"725","200403010005",2004-05-27,-124.87055556,46.79277778,285.2
"726","200403010007",2004-05-28,-125.69305556,47.8075,1196.5
"727","200403010009",2004-05-28,-125.58666667,47.93138889,254.7
"728","200403010010",2004-05-28,-125.65222222,48.20777778,554.5
"729","200403010012",2004-05-29,-125.62555556,48.15722222,167.3
"730","200403010013",2004-05-29,-125.48277778,48.22916667,141.7
"731","200403010015",2004-05-29,-125.4075,48.30194444,123.6
"732","200403010016",2004-05-29,-125.31972222,48.19555556,107.5
"733","200403010017",2004-05-30,-125.17111111,48.20083333,118.1
"734","200403010018",2004-05-30,-125.14222222,48.20055556,123
"735","200403010020",2004-05-30,-125.07805556,48.23027778,119.8
"736","200403010021",2004-05-30,-124.81305556,48.35555556,64.5
"737","200403010022",2004-05-30,-124.88722222,48.15111111,61.3
"738","200403010023",2004-05-31,-124.99027778,48.06194444,111.6
"739","200403010024",2004-05-31,-125.10611111,48.03611111,134.3
"740","200403010025",2004-05-31,-125.21666667,48.06527778,145.7
"741","200403010026",2004-05-31,-125.21944444,47.96805556,170.1
"742","200403010027",2004-05-31,-125.22722222,47.8075,546.7
"743","200403010028",2004-06-01,-125.12166667,47.79833333,396.8
"744","200403010029",2004-06-01,-125.14888889,47.69472222,663.9
"745","200403010030",2004-06-01,-124.82611111,47.02916667,147.5
"746","200403010031",2004-06-01,-124.43944444,46.53055556,112.1
"747","200403010032",2004-06-02,-124.53583333,46.46638889,458
"748","200403010034",2004-06-02,-124.60972222,46.4625,800.9
"749","200403010035",2004-06-02,-124.48583333,46.36555556,132
"750","200403010036",2004-06-02,-124.26944444,46.29583333,72.3
"751","200403010037",2004-06-03,-124.73055556,46.25694444,921.1
"752","200403010038",2004-06-03,-124.65861111,46.09888889,188
"753","200403010039",2004-06-03,-124.41472222,46.15027778,125.2
"754","200403010040",2004-06-03,-124.26416667,46.05555556,101.3
"755","200403010041",2004-06-03,-124.2025,45.99555556,93.7
"756","200403010042",2004-06-04,-124.15583333,46.09583333,75.6
"757","200403010043",2004-06-04,-124.19583333,46.12888889,79.2
"758","200403010044",2004-06-09,-124.70222222,45.97166667,228.6
"759","200403010045",2004-06-09,-124.24194444,45.90388889,115.4
"760","200403010046",2004-06-09,-124.20527778,45.85972222,108.2
"761","200403010047",2004-06-09,-124.48666667,45.79833333,162.9
"762","200403010048",2004-06-10,-124.89083333,45.39305556,1048.2
"763","200403010049",2004-06-10,-124.67166667,45.38888889,402.3
"764","200403010050",2004-06-10,-124.18833333,45.36972222,131.5
"765","200403010051",2004-06-10,-124.21777778,45.20444444,154.3
"766","200403010052",2004-06-10,-124.50194444,45.16361111,364.2
"767","200403010053",2004-06-11,-124.47888889,45.1025,352.4
"768","200403010054",2004-06-11,-124.50416667,44.99861111,388.6
"769","200403010055",2004-06-11,-124.62138889,44.83916667,366
"770","200403010056",2004-06-11,-125.00416667,44.89555556,864.1
"771","200403010057",2004-06-11,-125.05416667,44.73916667,1113.8
"772","200403010058",2004-06-12,-124.94638889,44.51138889,601.7
"773","200403010059",2004-06-12,-124.87388889,44.54305556,404
"774","200403010060",2004-06-12,-124.84277778,44.57694444,416.7
"775","200403010061",2004-06-12,-124.76027778,44.70722222,377.7
"776","200403010062",2004-06-13,-124.19472222,44.85972222,92.1
"777","200403010063",2004-06-13,-124.13083333,44.82888889,59.8
"778","200403010065",2004-06-14,-124.23444444,44.56222222,73
"779","200403010066",2004-06-14,-124.37694444,44.5675,66.5
"780","200403010067",2004-06-14,-124.42722222,44.49388889,67.3
"781","200403010068",2004-06-15,-124.77277778,44.36694444,153.2
"782","200403010069",2004-06-15,-124.60888889,44.36638889,91.7
"783","200403010070",2004-06-15,-124.49611111,44.3325,90.6
"784","200403010071",2004-06-15,-124.53138889,44.23888889,99
"785","200403010072",2004-06-15,-124.56194444,44.23055556,101.1
"786","200403010073",2004-06-16,-124.25305556,43.98194444,73.1
"787","200403010074",2004-06-16,-124.57444444,43.45305556,154.5
"788","200403010075",2004-06-20,-125.0225,44.05888889,1097
"789","200403010076",2004-06-20,-124.67888889,44.13277778,117.5
"790","200403010077",2004-06-20,-124.60694444,44.01583333,143.7
"791","200403010078",2004-06-20,-124.71694444,43.87972222,255.1
"792","200403010079",2004-06-20,-124.87722222,43.84916667,357.9
"793","200403010080",2004-06-21,-124.99361111,43.49222222,1150.8
"794","200403010081",2004-06-21,-124.675,43.63777778,411.9
"795","200403010082",2004-06-22,-124.75277778,43.14361111,274.3
"796","200403010083",2004-06-22,-124.6275,43.05972222,127.3
"797","200403010084",2004-06-22,-124.88,42.63333333,906.5
"798","200403010085",2004-06-22,-124.7,42.62027778,205.6
"799","200403010086",2004-06-23,-124.785,42.33388889,645.3
"800","200403010087",2004-06-23,-124.68222222,42.33083333,279.7
"801","200403010088",2004-06-23,-124.64666667,42.35055556,162.9
"802","200403010089",2004-06-23,-124.57305556,42.32555556,136.2
"803","200403010090",2004-06-23,-124.5075,42.23166667,124
"804","200403010091",2004-06-24,-124.95444444,42.21888889,1040
"805","200403010092",2004-06-24,-124.79888889,42.21583333,610.7
"806","200403010093",2004-06-24,-124.60472222,42.15666667,275.5
"807","200403010094",2004-06-24,-124.71694444,42.06888889,604
"808","200403010095",2004-06-24,-124.78138889,41.89166667,695.2
"809","200403010096",2004-06-25,-124.48861111,41.87027778,137.9
"810","200403010097",2004-06-25,-124.51583333,41.8,392.9
"811","200403010098",2004-06-25,-124.66805556,41.24,1151.4
"812","200403010099",2004-06-25,-124.72083333,41.07,953.5
"813","200403010100",2004-06-26,-124.39444444,41.02472222,246.3
"814","200403010101",2004-06-26,-124.66166667,40.93361111,656.6
"815","200403010102",2004-06-26,-124.64055556,40.94555556,619.3
"816","200403010103",2004-06-26,-124.46388889,40.905,350.8
"817","200403010104",2004-06-27,-124.67666667,40.11583333,888
"818","200403010105",2004-06-27,-124.64694444,40.09861111,867.6
"819","200403010107",2004-06-29,-124.10194444,39.87833333,137.3
"820","200403010108",2004-06-30,-124.07027778,39.86527778,130.9
"821","200403010109",2004-06-30,-123.90861111,39.74638889,117
"822","200403010110",2004-06-30,-124.04777778,39.5975,637.3
"823","200403010111",2004-06-30,-124.10194444,39.3825,742.8
"824","200403010112",2004-07-01,-123.95388889,39.03888889,288.6
"825","200403010113",2004-07-01,-123.70805556,38.77722222,111.6
"826","200403010114",2004-07-01,-123.43805556,38.51583333,117.4
"827","200403010115",2004-07-01,-123.48583333,38.47083333,141
"828","200403010116",2004-07-01,-123.30222222,38.47333333,87.7
"829","200403010117",2004-07-02,-123.02861111,38.205,63.3
"830","200403010118",2004-07-02,-123.3375,38.20666667,139.7
"831","200403010119",2004-07-02,-123.28444444,38.07166667,123.1
"832","200403010120",2004-07-02,-123.22194444,38.07138889,109.7
"833","200403010121",2004-07-02,-123.12861111,37.93833333,91.4
"834","200403010122",2004-07-03,-123.07027778,37.74666667,66.9
"835","200403010123",2004-07-03,-122.84805556,37.61972222,70.5
"836","200403010124",2004-07-07,-122.74583333,37.29888889,107.3
"837","200403010125",2004-07-07,-122.68833333,37.19611111,111.9
"838","200403010126",2004-07-07,-122.47527778,37.08944444,97.7
"839","200403010127",2004-07-07,-122.5725,36.97055556,485.3
"840","200403010128",2004-07-07,-122.43777778,36.92888889,506.3
"841","200403010129",2004-07-08,-122.00805556,36.35,133
"842","200403010130",2004-07-08,-122.02555556,36.25583333,369.6
"843","200403010131",2004-07-08,-121.9,36.24805556,81.7
"844","200403010132",2004-07-09,-121.53611111,35.99083333,64.8
"845","200403010133",2004-07-09,-121.71888889,35.92361111,905.8
"846","200403010135",2004-07-09,-121.66527778,35.50638889,985.4
"847","200403010136",2004-07-10,-121.31722222,35.65055556,63.8
"848","200403010137",2004-07-10,-121.28111111,35.61916667,90.1
"849","200403010139",2004-07-10,-121.10972222,35.5175,57.8
"850","200403010140",2004-07-10,-121.32333333,35.23055556,671.8
"851","200403010141",2004-07-10,-121.35916667,35.18611111,665.3
"852","200403010142",2004-07-11,-121.64055556,35.24138889,903.7
"853","200403010144",2004-07-11,-121.54944444,35.12055556,596.1
"854","200403010145",2004-07-11,-121.15527778,35.11416667,563.4
"855","200403010146",2004-07-11,-121.14722222,34.855,562.4
"856","200403010147",2004-07-12,-121.34194444,34.75861111,562.5
"857","200403010148",2004-07-12,-121.26583333,34.71611111,602.7
"858","200403010149",2004-07-12,-121.075,34.62194444,740.2
"859","200403010150",2004-07-12,-120.91333333,34.60805556,432.2
"860","200403010151",2004-07-12,-120.93388889,34.75222222,291.9
"861","200403010152",2004-07-13,-120.88694444,34.94416667,204.1
"862","200403010153",2004-07-13,-120.74027778,35.04138889,56.9
"863","200403010155",2004-07-17,-120.61527778,34.49333333,83.9
"864","200403010156",2004-07-17,-120.38833333,34.25027778,436.7
"865","200403010157",2004-07-17,-120.32333333,34.30305556,371
"866","200403010158",2004-07-17,-120.3,34.36833333,275.8
"867","200403010159",2004-07-18,-120.29277778,34.41777778,163.4
"868","200403010160",2004-07-18,-120.14472222,34.40861111,159.6
"869","200403010163",2004-07-18,-119.84555556,34.25888889,399.5
"870","200403010164",2004-07-18,-119.89194444,34.35888889,180.5
"871","200403010165",2004-07-19,-119.65666667,34.27666667,120.5
"872","200403010166",2004-07-19,-119.51722222,34.22722222,84.6
"873","200403010167",2004-07-19,-119.85472222,33.81611111,326.3
"874","200403010169",2004-07-20,-120.19777778,33.62722222,968.8
"875","200403010170",2004-07-20,-120.24666667,33.40638889,1206.3
"876","200403010171",2004-07-20,-120.18527778,33.39944444,1148.9
"877","200403010172",2004-07-21,-118.45027778,32.78583333,92.8
"878","200403010173",2004-07-21,-118.60944444,33.04638889,63.1
"879","200403010176",2004-07-21,-118.445,33.07583333,1186.3
"880","200403010177",2004-07-22,-118.23472222,33.17027778,1096.9
"881","200403010178",2004-07-22,-118.04666667,33.27055556,845.5
"882","200403010179",2004-07-22,-118.16361111,33.33833333,751.5
"883","200403010180",2004-07-22,-118.63805556,33.4975,251.7
"884","200403010181",2004-07-23,-118.63694444,33.91222222,268.6
"885","200403010182",2004-07-23,-118.44388889,33.75611111,67.2
"886","200403010185",2004-07-23,-117.63861111,33.34166667,184.4
"887","200403010186",2004-07-24,-117.53055556,33.26194444,60.2
"888","200403010187",2004-07-24,-117.67555556,33.00722222,878.3
"889","200403010188",2004-07-24,-117.58944444,32.96361111,868.9
"890","200403010189",2004-07-24,-117.2975,32.92222222,79
"891","200403015001",2004-08-21,-124.70888889,45.46638889,475.2
"892","200403015002",2004-08-22,-124.55083333,46.56472222,246.3
"893","200403015006",2004-08-23,-124.60472222,47.19138889,82.2
"894","200403015007",2004-08-23,-124.50444444,46.96722222,79.6
"895","200403015008",2004-08-23,-124.64388889,46.93666667,109.9
"896","200403015009",2004-08-23,-124.42,46.89861111,69
"897","200403015010",2004-08-24,-124.96194444,47.53916667,180.9
"898","200403015012",2004-08-24,-125.08166667,47.46583333,1011.2
"899","200403015015",2004-08-25,-124.85583333,47.60305556,115.4
"900","200403015016",2004-08-25,-125.04472222,47.67027778,172.1
"901","200403015017",2004-08-25,-124.81416667,47.86694444,74.4
"902","200403015018",2004-08-26,-125.51305556,48.20583333,151.2
"903","200403015019",2004-08-26,-125.47472222,48.10555556,132.6
"904","200403015020",2004-08-26,-125.18527778,48.16444444,289.6
"905","200403015021",2004-08-26,-125.1,48.20027778,129.8
"906","200403015022",2004-08-27,-125.03222222,48.09194444,339.5
"907","200403015023",2004-08-27,-124.91527778,47.99833333,85.4
"908","200403015024",2004-08-27,-125.23555556,47.7525,699.5
"909","200403015026",2004-08-28,-124.76944444,47.36388889,154
"910","200403015027",2004-08-28,-124.92527778,47.15944444,171.9
"911","200403015028",2004-08-28,-124.57833333,46.69472222,130.3
"912","200403015030",2004-08-31,-124.40416667,46.07138889,128
"913","200403015031",2004-09-01,-124.66583333,45.77083333,251.9
"914","200403015032",2004-09-01,-124.66333333,45.72944444,235.3
"915","200403015033",2004-09-01,-124.60555556,45.67,275.1
"916","200403015034",2004-09-01,-124.57305556,45.43805556,442.3
"917","200403015035",2004-09-02,-124.57472222,45.40638889,408.2
"918","200403015037",2004-09-02,-124.32027778,45.39194444,178.4
"919","200403015038",2004-09-02,-124.34083333,45.36972222,194.1
"920","200403015039",2004-09-02,-124.38805556,45.40388889,219.6
"921","200403015040",2004-09-03,-124.47222222,45.30361111,397.9
"922","200403015041",2004-09-03,-124.55111111,45.29888889,421.9
"923","200403015042",2004-09-03,-124.60361111,45.23277778,453.8
"924","200403015043",2004-09-03,-124.94611111,45.23166667,1016.1
"925","200403015044",2004-09-03,-124.81694444,45.07083333,631.7
"926","200403015045",2004-09-04,-124.195,45.06833333,130.7
"927","200403015046",2004-09-04,-124.40527778,45.03083333,273.1
"928","200403015047",2004-09-04,-124.47416667,44.9375,313.1
"929","200403015048",2004-09-04,-124.5425,44.83027778,236.7
"930","200403015049",2004-09-04,-124.32722222,44.86083333,141.9
"931","200403015050",2004-09-05,-124.27138889,44.77444444,105
"932","200403015051",2004-09-05,-124.27583333,44.70611111,78.3
"933","200403015052",2004-09-05,-124.27777778,44.61083333,76.2
"934","200403015054",2004-09-05,-124.32333333,44.56527778,81.9
"935","200403015055",2004-09-05,-124.70666667,44.67166667,250.2
"936","200403015056",2004-09-06,-124.90583333,44.75694444,567.1
"937","200403015057",2004-09-06,-124.98555556,44.71277778,793.9
"938","200403015058",2004-09-06,-125.01444444,44.41777778,745.4
"939","200403015059",2004-09-06,-124.76861111,44.43805556,230.1
"940","200403015061",2004-09-07,-124.78555556,44.28361111,129.7
"941","200403015062",2004-09-07,-124.56,44.07527778,127.5
"942","200403015066",2004-09-08,-124.70527778,43.94527778,157.3
"943","200403015067",2004-09-08,-124.49972222,44.0775,124.9
"944","200403015068",2004-09-08,-124.2825,43.98333333,88.7
"945","200403015069",2004-09-08,-124.77916667,43.7175,591.1
"946","200403015070",2004-09-08,-124.75944444,43.74583333,536.7
"947","200403015071",2004-09-09,-124.62388889,43.68055556,294.8
"948","200403015072",2004-09-09,-124.37,43.60833333,112.6
"949","200403015073",2004-09-09,-124.50361111,43.545,144.1
"950","200403015074",2004-09-09,-124.6175,43.45555556,202.4
"951","200403015075",2004-09-09,-124.81583333,43.42583333,540
"952","200403015076",2004-09-10,-124.82583333,43.12666667,273.7
"953","200403015077",2004-09-10,-124.70944444,42.5975,214.5
"954","200403015078",2004-09-10,-124.79916667,42.51777778,559.5
"955","200403015079",2004-09-11,-124.53888889,42.08694444,131.8
"956","200403015080",2004-09-11,-124.445,42.13694444,95.3
"957","200403015081",2004-09-15,-124.81527778,41.94888889,760.9
"958","200403015082",2004-09-15,-124.98055556,41.84305556,1114.6
"959","200403015083",2004-09-15,-124.765,41.59972222,890
"960","200403015084",2004-09-15,-124.44833333,41.65416667,156.9
"961","200403015085",2004-09-16,-124.22055556,41.25444444,69.7
"962","200403015086",2004-09-16,-124.38638889,41.27833333,154.9
"963","200403015087",2004-09-16,-124.43916667,41.00333333,411.1
"964","200403015088",2004-09-16,-124.57361111,40.93555556,566.2
"965","200403015089",2004-09-16,-124.58055556,40.76777778,582
"966","200403015090",2004-09-17,-124.47472222,40.73638889,126.6
"967","200403015091",2004-09-17,-124.46666667,40.57111111,71.2
"968","200403015092",2004-09-17,-124.54388889,40.54722222,99.8
"969","200403015094",2004-09-18,-124.94333333,40.25222222,945.5
"970","200403015095",2004-09-18,-124.87916667,40.24583333,803.1
"971","200403015096",2004-09-19,-124.23111111,40.0975,125
"972","200403015097",2004-09-19,-124.00305556,39.53777778,601.4
"973","200403015098",2004-09-19,-123.91972222,39.34805556,136.6
"974","200403015099",2004-09-19,-123.86666667,39.17888889,118.1
"975","200403015100",2004-09-20,-123.80027778,39.03416667,85.2
"976","200403015102",2004-09-20,-123.64472222,38.77083333,90.6
"977","200403015103",2004-09-20,-123.62027778,38.77611111,75.1
"978","200403015104",2004-09-20,-123.40611111,38.47583333,120.7
"979","200403015105",2004-09-20,-123.25305556,38.31194444,101.6
"980","200403015106",2004-09-21,-123.55972222,38.21388889,672.3
"981","200403015107",2004-09-21,-123.25416667,38.17972222,113.3
"982","200403015108",2004-09-21,-123.21722222,38.24361111,100.1
"983","200403015109",2004-09-21,-123.08944444,38.175,78.6
"984","200403015110",2004-09-22,-123.1275,38.005,80.4
"985","200403015113",2004-09-22,-123.13888889,37.85805556,92.3
"986","200403015114",2004-09-23,-123.00888889,37.57777778,215.5
"987","200403015115",2004-09-23,-122.87638889,37.42916667,183.2
"988","200403015116",2004-09-23,-122.77666667,37.36083333,102.8
"989","200403015117",2004-09-23,-123.20777778,37.4025,1144.8
"990","200403015118",2004-09-24,-122.73222222,37.55916667,61.5
"991","200403015119",2004-09-24,-122.82555556,37.63,65.4
"992","200403015120",2004-09-28,-122.76388889,37.17472222,271.9
"993","200403015121",2004-09-28,-122.46611111,37.1175,86
"994","200403015122",2004-09-28,-122.48555556,36.94083333,519.2
"995","200403015123",2004-09-29,-121.95694444,36.74111111,108.2
"996","200403015124",2004-09-29,-122.32777778,36.39416667,1049.5
"997","200403015125",2004-09-29,-122.02527778,36.45222222,581.2
"998","200403015126",2004-09-30,-121.74055556,36.04,836.3
"999","200403015128",2004-09-30,-121.95083333,35.8325,1279.2
"1000","200403015129",2004-09-30,-121.8225,35.73083333,1039.3
"1001","200403015130",2004-10-01,-121.13694444,34.91,568.8
"1002","200403015131",2004-10-01,-121.22583333,35.11194444,590.6
"1003","200403015132",2004-10-01,-121.01861111,35.32305556,177.1
"1004","200403015133",2004-10-01,-121.28888889,35.41666667,474
"1005","200403015134",2004-10-02,-121.48444444,35.70666667,498.5
"1006","200403015136",2004-10-02,-121.38388889,35.73055556,74.4
"1007","200403015137",2004-10-02,-121.47944444,35.23083333,652.3
"1008","200403015138",2004-10-03,-120.86777778,34.2325,846.9
"1009","200403015139",2004-10-03,-120.73638889,34.51083333,166
"1010","200403015140",2004-10-03,-121.09972222,34.51666667,1023.5
"1011","200403015141",2004-10-03,-120.82166667,34.66694444,125.8
"1012","200403015142",2004-10-04,-120.81444444,34.86333333,127.1
"1013","200403015143",2004-10-04,-120.75111111,34.89972222,73.9
"1014","200403015144",2004-10-08,-120.52277778,34.36555556,300.6
"1015","200403015145",2004-10-08,-120.40222222,34.31638889,348.9
"1016","200403015146",2004-10-08,-120.23305556,34.27222222,464.7
"1017","200403015147",2004-10-08,-120.13638889,34.37222222,388.1
"1018","200403015149",2004-10-09,-119.82527778,34.22805556,394.7
"1019","200403015150",2004-10-09,-119.59472222,34.32361111,62.7
"1020","200403015151",2004-10-09,-119.39666667,34.1625,75.6
"1021","200403015152",2004-10-09,-119.14555556,34.045,238.1
"1022","200403015153",2004-10-10,-120.25194444,34.13138889,107.7
"1023","200403015155",2004-10-11,-119.79472222,33.71416667,447.1
"1024","200403015156",2004-10-11,-119.91138889,33.29722222,894
"1025","200403015157",2004-10-11,-120.005,33.17944444,1158.5
"1026","200403015158",2004-10-12,-120.01833333,33.015,1123
"1027","200403015161",2004-10-13,-118.635,33.45416667,165.4
"1028","200403015162",2004-10-13,-118.68277778,33.67722222,775.9
"1029","200403015163",2004-10-13,-118.46972222,33.77638889,87.6
"1030","200403015165",2004-10-14,-118.07555556,33.46555556,532.8
"1031","200403015166",2004-10-14,-118.04305556,33.57583333,125.2
"1032","200403015167",2004-10-14,-117.98944444,33.52527778,358.1
"1033","200403015168",2004-10-14,-118.01138889,33.49166667,478.3
"1034","200403015169",2004-10-14,-117.64583333,33.37166667,66.1
"1035","200403015171",2004-10-15,-117.84972222,32.74777778,588.4
"1036","200403015173",2004-10-15,-117.32444444,32.83888889,58.7
"1037","200403015174",2004-10-15,-117.29333333,32.71722222,58.1
"1038","200403015175",2004-10-15,-117.33527778,32.67277778,129.5
"1039","200403015176",2004-10-16,-117.33361111,32.58888889,148
"1040","200503008004",2005-08-22,-125.02666667,44.90944444,952.1
"1041","200503008005",2005-08-22,-124.77138889,44.91472222,323
"1042","200503008006",2005-08-22,-124.65333333,45.00305556,448.5
"1043","200503008007",2005-08-22,-124.84333333,45.36055556,799
"1044","200503008008",2005-08-23,-124.86861111,45.81777778,1171.9
"1045","200503008009",2005-08-23,-124.7325,45.97833333,359.2
"1046","200503008012",2005-08-23,-124.97111111,46.55833333,1118.2
"1047","200503008013",2005-08-24,-124.82444444,46.66916667,427.4
"1048","200503008014",2005-08-24,-124.92888889,46.76555556,607.3
"1049","200503008015",2005-08-24,-125.03138889,47.15805556,559.6
"1050","200503008016",2005-08-24,-124.99972222,47.25222222,431.9
"1051","200503008017",2005-08-24,-125.24694444,47.56722222,714.8
"1052","200503008018",2005-08-25,-125.03694444,47.89972222,124.8
"1053","200503008019",2005-08-25,-125.17722222,47.83722222,380.9
"1054","200503008020",2005-08-25,-125.58416667,47.82555556,876.8
"1055","200503008021",2005-08-25,-125.51055556,47.87444444,976.7
"1056","200503008024",2005-08-26,-125.53027778,48.10138889,147.2
"1057","200503008025",2005-08-26,-125.51138889,48.21777778,153.7
"1058","200503008027",2005-08-26,-125.31111111,48.25222222,103.5
"1059","200503008028",2005-08-26,-125.21416667,48.26944444,208.5
"1060","200503008029",2005-08-26,-125.02583333,48.41611111,208.8
"1061","200503008030",2005-08-26,-124.99333333,48.40861111,294.1
"1062","200503008031",2005-08-27,-124.74861111,47.40388889,124.1
"1063","200503008032",2005-08-27,-124.68416667,47.25861111,105.4
"1064","200503008033",2005-08-27,-124.56638889,47.12277778,73.2
"1065","200503008034",2005-08-27,-124.60944444,47.03416667,89.4
"1066","200503008035",2005-08-27,-124.6925,46.82444444,136
"1067","200503008036",2005-08-28,-124.32472222,46.53083333,72
"1068","200503008037",2005-08-28,-124.33277778,46.48361111,77.7
"1069","200503008038",2005-08-28,-124.37333333,46.38277778,95.2
"1070","200503008039",2005-08-28,-124.5075,46.27361111,143.7
"1071","200503008040",2005-08-28,-124.60305556,46.23055556,761.4
"1072","200503008041",2005-08-29,-124.65138889,46.12583333,180.5
"1073","200503008042",2005-08-29,-124.56138889,45.7975,174.8
"1074","200503008043",2005-08-29,-124.53361111,45.63222222,237.2
"1075","200503008044",2005-08-29,-124.21777778,45.66083333,122.3
"1076","200503008045",2005-08-29,-124.14361111,45.53194444,104.5
"1077","200503008046",2005-08-30,-124.14888889,45.15416667,108.6
"1078","200503008047",2005-08-30,-124.75361111,44.74416667,382.7
"1079","200503008048",2005-08-30,-124.90166667,44.75166667,568.8
"1080","200503008049",2005-08-30,-124.69333333,44.75138889,285.5
"1081","200503008050",2005-08-31,-124.53333333,44.62472222,139
"1082","200503008051",2005-08-31,-124.25055556,44.76888889,92
"1083","200503008052",2005-09-05,-124.23,44.53111111,68.8
"1084","200503008053",2005-09-05,-124.31833333,44.34138889,76.3
"1085","200503008054",2005-09-05,-124.22722222,44.24666667,64.4
"1086","200503008055",2005-09-05,-124.38444444,44.24027778,92.2
"1087","200503008056",2005-09-05,-124.54805556,44.38694444,98.6
"1088","200503008057",2005-09-06,-124.74555556,44.43527778,171.2
"1089","200503008058",2005-09-06,-124.90833333,44.48833333,499
"1090","200503008059",2005-09-06,-125.015,44.52666667,923.8
"1091","200503008060",2005-09-06,-125.05861111,44.36666667,884.7
"1092","200503008061",2005-09-06,-124.88583333,44.31472222,391.3
"1093","200503008062",2005-09-07,-124.93166667,44.04138889,247.5
"1094","200503008063",2005-09-07,-124.70527778,44.03611111,125.1
"1095","200503008064",2005-09-07,-124.70055556,44.02527778,126.5
"1096","200503008065",2005-09-07,-124.64916667,43.9825,150.6
"1097","200503008066",2005-09-07,-124.50916667,43.97805556,142
"1098","200503008067",2005-09-08,-124.35666667,43.80888889,112.1
"1099","200503008068",2005-09-08,-124.54916667,43.76972222,182
"1100","200503008069",2005-09-08,-124.81555556,43.46027778,537.8
"1101","200503008070",2005-09-08,-124.41833333,43.60166667,124.1
"1102","200503008071",2005-09-08,-124.40916667,43.48472222,105.3
"1103","200503008072",2005-09-09,-124.54611111,43.32444444,107.9
"1104","200503008073",2005-09-09,-124.92555556,42.8,603.5
"1105","200503008074",2005-09-09,-124.61166667,42.73222222,86
"1106","200503008075",2005-09-09,-124.49777778,42.63361111,75.1
"1107","200503008078",2005-09-10,-124.60916667,42.42944444,88.7
"1108","200503008079",2005-09-10,-124.50722222,42.26388889,120.5
"1109","200503008080",2005-09-10,-124.58472222,42.15888889,190
"1110","200503008081",2005-09-10,-124.64944444,42.06361111,475.8
"1111","200503008082",2005-09-10,-124.80527778,42.00833333,817.5
"1112","200503008083",2005-09-11,-124.97111111,41.96333333,1019.2
"1113","200503008084",2005-09-11,-124.87666667,41.61555556,939.3
"1114","200503008085",2005-09-11,-124.88583333,41.54666667,1018.7
"1115","200503008086",2005-09-11,-124.58555556,41.63472222,706.8
"1116","200503008087",2005-09-12,-124.54722222,41.74083333,493
"1117","200503008088",2005-09-12,-124.51111111,41.53638889,299.7
"1118","200503008089",2005-09-12,-124.45527778,41.37388889,174.5
"1119","200503008090",2005-09-12,-124.2875,41.23166667,98.6
"1120","200503008091",2005-09-12,-124.35138889,41.16416667,173.9
"1121","200503008092",2005-09-13,-124.48833333,41.00777778,529
"1122","200503008093",2005-09-13,-124.30638889,41.00861111,105.5
"1123","200503008094",2005-09-17,-124.275,40.90833333,69.9
"1124","200503008095",2005-09-17,-124.51888889,40.87888889,491
"1125","200503008096",2005-09-17,-124.56194444,40.83638889,555.6
"1126","200503008097",2005-09-17,-124.63611111,40.68027778,510.2
"1127","200503008098",2005-09-18,-124.45666667,40.16833333,466.5
"1128","200503008099",2005-09-18,-124.49277778,40.11972222,666.9
"1129","200503008101",2005-09-18,-124.08361111,39.89611111,100.8
"1130","200503008102",2005-09-18,-124.01361111,39.85916667,113.5
"1131","200503008103",2005-09-19,-124.04027778,39.54861111,727.3
"1132","200503008104",2005-09-19,-124.17388889,39.24972222,1010.1
"1133","200503008105",2005-09-19,-124.0075,39.18722222,462.3
"1134","200503008106",2005-09-19,-123.94694444,39.19527778,170.2
"1135","200503008107",2005-09-19,-123.95055556,39.10083333,193.7
"1136","200503008108",2005-09-19,-123.95277778,38.96916667,309
"1137","200503008109",2005-09-20,-123.68277778,38.80916667,85.6
"1138","200503008110",2005-09-20,-123.71333333,38.74416667,128.5
"1139","200503008111",2005-09-20,-123.73583333,38.72111111,137.9
"1140","200503008112",2005-09-20,-123.59638889,38.64583333,127.3
"1141","200503008114",2005-09-20,-123.56361111,38.45,195.4
"1142","200503008115",2005-09-21,-123.45722222,38.36444444,168.2
"1143","200503008116",2005-09-21,-123.45527778,38.33972222,181.3
"1144","200503008117",2005-09-21,-123.35138889,38.2675,137.6
"1145","200503008121",2005-09-21,-123.4425,38.08694444,146.7
"1146","200503008123",2005-09-22,-123.215,37.86694444,98.8
"1147","200503008125",2005-09-22,-123.20222222,37.84583333,95.5
"1148","200503008126",2005-09-22,-123.09444444,37.87555556,91.9
"1149","200503008128",2005-09-22,-123.06666667,37.65083333,133.5
"1150","200503008129",2005-09-23,-122.76027778,37.41111111,92.3
"1151","200503008130",2005-09-24,-122.57916667,37.38944444,70.2
"1152","200503008131",2005-09-24,-122.50472222,37.31,58.2
"1153","200503008132",2005-09-24,-122.41583333,37.13277778,59.8
"1154","200503008133",2005-09-24,-122.31166667,36.96083333,109.6
"1155","200503008134",2005-09-24,-122.56277778,37.08416667,115.8
"1156","200503008136",2005-09-25,-122.86388889,37.29416667,227.6
"1157","200503008137",2005-09-25,-122.78305556,37.32888889,118.3
"1158","200503008138",2005-09-29,-121.9675,36.49138889,97
"1159","200503008139",2005-09-29,-122.06361111,36.31833333,160.8
"1160","200503008140",2005-09-29,-121.95611111,36.21777778,488.9
"1161","200503008141",2005-09-29,-121.73138889,36.11361111,570.9
"1162","200503008144",2005-09-29,-121.65916667,36.11833333,61.2
"1163","200503008145",2005-09-30,-121.60388889,35.98861111,410
"1164","200503008146",2005-09-30,-121.54555556,35.99222222,61.1
"1165","200503008147",2005-09-30,-121.50722222,35.82722222,313.8
"1166","200503008148",2005-09-30,-121.57,35.80666667,577.9
"1167","200503008149",2005-09-30,-121.68666667,35.82722222,838.2
"1168","200503008150",2005-09-30,-121.67666667,35.76777778,869.5
"1169","200503008151",2005-10-01,-121.4175,35.60416667,493.3
"1170","200503008152",2005-10-01,-121.56694444,35.64694444,715.6
"1171","200503008153",2005-10-01,-121.76277778,35.49277778,1053.8
"1172","200503008156",2005-10-02,-121.69333333,35.30444444,1015.2
"1173","200503008157",2005-10-02,-121.72055556,35.27166667,1153.9
"1174","200503008158",2005-10-02,-121.49916667,35.19777778,633.6
"1175","200503008159",2005-10-02,-121.255,34.64138889,819.9
"1176","200503008161",2005-10-03,-120.51916667,34.42916667,94.9
"1177","200503008162",2005-10-03,-120.32111111,34.29277778,390
"1178","200503008163",2005-10-03,-119.88805556,34.20333333,509.4
"1179","200503008164",2005-10-03,-119.70083333,34.18722222,296
"1180","200503008165",2005-10-03,-119.40166667,34.15305556,110.1
"1181","200503008166",2005-10-04,-118.74694444,33.99555556,61.3
"1182","200503008167",2005-10-04,-118.7475,33.95694444,496
"1183","200503008169",2005-10-05,-119.83861111,34.34722222,170.6
"1184","200503008170",2005-10-05,-120.03777778,34.41833333,71.3
"1185","200503008171",2005-10-05,-120.7975,34.52361111,334
"1186","200503008172",2005-10-05,-120.76333333,34.65555556,85
"1187","200503008173",2005-10-06,-120.96583333,35.17,232.4
"1188","200503008174",2005-10-06,-121.07111111,35.37388889,230.3
"1189","200503008175",2005-10-06,-121.14166667,35.53861111,71.5
"1190","200503008176",2005-10-10,-120.3625,33.83916667,647.5
"1191","200503008177",2005-10-10,-120.31,33.7875,785.2
"1192","200503008178",2005-10-10,-120.25166667,33.74472222,884.6
"1193","200503008179",2005-10-10,-120.24305556,33.71694444,936.8
"1194","200503008181",2005-10-10,-119.97,33.75722222,178
"1195","200503008182",2005-10-11,-120.13361111,33.24833333,1098.2
"1196","200503008183",2005-10-11,-120.19166667,33.11777778,488.6
"1197","200503008184",2005-10-11,-120.04361111,32.8925,1101.8
"1198","200503008185",2005-10-11,-120.16333333,32.76916667,629.9
"1199","200503008186",2005-10-11,-120.06333333,32.73194444,515.6
"1200","200503008187",2005-10-12,-119.96111111,32.74277778,971.8
"1201","200503008188",2005-10-12,-119.62305556,32.61472222,1006
"1202","200503008189",2005-10-12,-118.68277778,32.53527778,758
"1203","200503008190",2005-10-13,-118.69083333,32.9075,1056.4
"1204","200503008191",2005-10-13,-118.70194444,32.90611111,1140.2
"1205","200503008192",2005-10-13,-118.59555556,32.88305556,426
"1206","200503008193",2005-10-13,-118.59194444,32.76833333,915.5
"1207","200503008194",2005-10-13,-118.49833333,32.73055556,515.5
"1208","200503008195",2005-10-14,-117.27527778,32.60333333,69
"1209","200503008196",2005-10-14,-117.295,32.65972222,76.4
"1210","200503008198",2005-10-14,-117.33833333,32.83416667,85.9
"1211","200503008199",2005-10-14,-117.29388889,32.92138889,74
"1212","200503008200",2005-10-15,-117.9025,33.54333333,392.2
"1213","200503008201",2005-10-15,-117.96222222,33.43111111,527.5
"1214","200503008202",2005-10-15,-118.02944444,33.34333333,740.5
"1215","200503008204",2005-10-15,-118.3625,33.43416667,328
"1216","200503008205",2005-10-16,-118.60166667,33.65722222,581.3
"1217","200503008206",2005-10-16,-118.36277778,33.71138889,66.7
"1218","200503008207",2005-10-16,-118.44833333,33.79222222,60.2
"1219","200503008208",2005-10-16,-118.85472222,33.93138889,755.4
"1220","200503008209",2005-10-17,-121.21444444,34.53361111,1028.6
"1221","200503008210",2005-10-17,-121.1725,34.81777778,551.6
"1222","200503008211",2005-10-17,-121.08472222,34.90194444,531.7
"1223","200503008212",2005-10-17,-121.15361111,35.01083333,563.2
"1224","200503008213",2005-10-17,-121.17972222,35.20777778,551.3
"1225","200503010005",2005-05-30,-124.87527778,45.77305556,1152
"1226","200503010008",2005-05-30,-125.04833333,45.95361111,1242.9
"1227","200503010009",2005-05-30,-124.84166667,45.91277778,730.2
"1228","200503010010",2005-05-31,-124.77333333,46.03805556,293.2
"1229","200503010011",2005-05-31,-124.765,45.92,531.2
"1230","200503010012",2005-05-31,-124.51611111,45.85138889,155.7
"1231","200503010013",2005-05-31,-124.2775,45.83416667,136
"1232","200503010014",2005-06-01,-125.15722222,46.90833333,810.5
"1233","200503010017",2005-06-01,-124.83,47.0925,142.3
"1234","200503010018",2005-06-02,-125.33861111,47.65916667,1023.3
"1235","200503010019",2005-06-02,-125.18861111,47.79,574.6
"1236","200503010020",2005-06-02,-125.10416667,47.92361111,146.6
"1237","200503010021",2005-06-02,-125.18083333,47.96111111,165.9
"1238","200503010022",2005-06-02,-125.54972222,48.03583333,171.4
"1239","200503010023",2005-06-03,-125.58694444,48.00416667,194
"1240","200503010024",2005-06-03,-125.66722222,48.10555556,231.1
"1241","200503010025",2005-06-03,-125.59444444,48.10277778,164.8
"1242","200503010027",2005-06-03,-125.40111111,48.16583333,115.4
"1243","200503010028",2005-06-04,-125.07416667,48.42638889,111.1
"1244","200503010029",2005-06-04,-124.95888889,48.22833333,199.7
"1245","200503010030",2005-06-04,-125.11,48.19638889,123.7
"1246","200503010031",2005-06-04,-125.03555556,47.72611111,162.5
"1247","200503010032",2005-06-05,-124.84666667,47.55638889,122.7
"1248","200503010034",2005-06-05,-124.58055556,46.96972222,94.3
"1249","200503010035",2005-06-05,-124.42638889,46.81527778,79.1
"1250","200503010036",2005-06-06,-124.58,46.70666667,127.8
"1251","200503010037",2005-06-06,-124.57972222,46.47277778,870.6
"1252","200503010038",2005-06-06,-124.46972222,46.3175,135.9
"1253","200503010039",2005-06-06,-124.26138889,46.35083333,65.2
"1254","200503010040",2005-06-07,-124.27638889,46.2575,81.7
"1255","200503010041",2005-06-07,-124.23888889,46.19805556,76.4
"1256","200503010042",2005-06-11,-124.16583333,45.82638889,101.9
"1257","200503010043",2005-06-11,-124.31166667,45.79527778,145.7
"1258","200503010044",2005-06-11,-124.66805556,45.57083333,434.4
"1259","200503010045",2005-06-11,-124.73611111,45.55694444,480.2
"1260","200503010046",2005-06-12,-124.61055556,45.46361111,476.7
"1261","200503010047",2005-06-12,-124.76166667,45.39805556,647.2
"1262","200503010048",2005-06-12,-124.46611111,45.39555556,391.2
"1263","200503010049",2005-06-12,-124.63527778,45.26083333,497.6
"1264","200503010050",2005-06-12,-124.71694444,45.20166667,550.5
"1265","200503010051",2005-06-13,-124.14194444,45.32222222,114.2
"1266","200503010052",2005-06-13,-124.12111111,45.02111111,88.6
"1267","200503010053",2005-06-13,-124.37694444,44.90055556,162.1
"1268","200503010054",2005-06-13,-124.28055556,44.76166667,103
"1269","200503010055",2005-06-13,-124.61805556,44.74333333,282.8
"1270","200503010056",2005-06-14,-124.74138889,44.62944444,283.4
"1271","200503010058",2005-06-16,-124.87583333,44.54222222,396.8
"1272","200503010059",2005-06-18,-124.3175,44.28166667,78.9
"1273","200503010060",2005-06-18,-124.4575,44.36416667,88
"1274","200503010061",2005-06-18,-124.62888889,44.38861111,112.3
"1275","200503010062",2005-06-18,-125.02444444,44.26111111,784.6
"1276","200503010064",2005-06-19,-124.68055556,44.21027778,111.9
"1277","200503010065",2005-06-19,-124.80861111,43.85527778,304.9
"1278","200503010066",2005-06-19,-124.63944444,43.72111111,334.7
"1279","200503010067",2005-06-19,-124.57,43.67,209.8
"1280","200503010068",2005-06-23,-124.26111111,43.83611111,89.4
"1281","200503010069",2005-06-23,-124.29666667,43.75166667,99.7
"1282","200503010071",2005-06-23,-124.51583333,43.67361111,164.7
"1283","200503010072",2005-06-23,-124.61111111,43.41805556,172.8
"1284","200503010073",2005-06-25,-124.72694444,43.18194444,248.7
"1285","200503010074",2005-06-25,-124.59361111,42.96083333,83.8
"1286","200503010075",2005-06-25,-124.89555556,42.94472222,276.2
"1287","200503010076",2005-06-25,-124.86638889,42.89027778,286.6
"1288","200503010077",2005-06-25,-124.89222222,42.85027778,387.2
"1289","200503010078",2005-06-26,-124.57416667,42.54638889,88.6
"1290","200503010079",2005-06-26,-124.83694444,42.16472222,795.8
"1291","200503010080",2005-06-26,-124.71055556,42.08138889,593.1
"1292","200503010081",2005-06-26,-124.45,42.00083333,96.8
"1293","200503010082",2005-06-26,-124.57611111,41.93472222,292
"1294","200503010083",2005-06-27,-124.72972222,41.7425,835.4
"1295","200503010084",2005-06-27,-124.63583333,41.63888889,776.2
"1296","200503010085",2005-06-27,-124.54777778,41.625,594.1
"1297","200503010086",2005-06-27,-124.28944444,41.61666667,58.2
"1298","200503010087",2005-06-27,-124.28555556,41.55416667,65.4
"1299","200503010088",2005-06-28,-124.22777778,41.3025,77.4
"1300","200503010089",2005-06-28,-124.45444444,41.30777778,293.7
"1301","200503010090",2005-06-28,-124.42527778,41.20138889,495
"1302","200503010091",2005-06-28,-124.30111111,41.16083333,114.1
"1303","200503010092",2005-06-28,-124.45805556,40.90166667,350.2
"1304","200503010093",2005-06-29,-124.2675,40.93111111,73.6
"1305","200503010094",2005-06-29,-124.28222222,40.83972222,62.2
"1306","200503010095",2005-06-29,-124.47333333,40.55,64
"1307","200503010096",2005-06-29,-124.55222222,40.56888889,130.2
"1308","200503010097",2005-06-29,-124.70722222,40.57194444,549.7
"1309","200503010098",2005-06-30,-124.49111111,40.40388889,81.2
"1310","200503010099",2005-06-30,-124.60472222,40.46111111,136.9
"1311","200503010100",2005-06-30,-124.16916667,40.08611111,109.5
"1312","200503010101",2005-06-30,-123.87888889,39.64722222,117.9
"1313","200503010102",2005-07-01,-123.89555556,39.31416667,128.2
"1314","200503010103",2005-07-01,-123.80083333,39.17388889,82.4
"1315","200503010104",2005-07-01,-123.80277778,39.01583333,86.6
"1316","200503010105",2005-07-01,-123.77916667,38.96833333,71.2
"1317","200503010106",2005-07-01,-123.65111111,38.80555556,72.1
"1318","200503010107",2005-07-06,-122.94027778,37.925,62
"1319","200503010108",2005-07-06,-122.70694444,37.53555556,64.1
"1320","200503010109",2005-07-06,-122.86194444,37.44333333,124.3
"1321","200503010110",2005-07-07,-123.05666667,37.43416667,606.3
"1322","200503010111",2005-07-07,-122.75361111,37.30166667,114.1
"1323","200503010112",2005-07-07,-122.7575,36.98833333,955.1
"1324","200503010113",2005-07-07,-122.44027778,37.11027778,79.4
"1325","200503010114",2005-07-08,-122.44194444,37.02638889,118.2
"1326","200503010115",2005-07-08,-122.22583333,36.97361111,64
"1327","200503010116",2005-07-08,-122.17055556,36.88055556,102.4
"1328","200503010117",2005-07-08,-122.10472222,36.87666667,88.2
"1329","200503010118",2005-07-08,-122.06888889,36.83833333,97.6
"1330","200503010119",2005-07-09,-121.94583333,36.38583333,85.2
"1331","200503010120",2005-07-09,-122.02416667,36.28388889,108.7
"1332","200503010121",2005-07-09,-122.10777778,36.21777778,847.6
"1333","200503010122",2005-07-09,-121.9325,36.23527778,238.6
"1334","200503010123",2005-07-09,-121.74972222,35.79888889,972
"1335","200503010124",2005-07-10,-121.45333333,35.65472222,506.1
"1336","200503010125",2005-07-10,-121.36861111,35.59,386.7
"1337","200503010126",2005-07-10,-121.01416667,35.40305556,108.3
"1338","200503010127",2005-07-10,-120.99305556,35.28194444,147.8
"1339","200503010128",2005-07-10,-121.09527778,35.08833333,520.4
"1340","200503010129",2005-07-11,-121.48777778,35.02083333,615.1
"1341","200503010130",2005-07-11,-121.49694444,34.88972222,693.1
"1342","200503010131",2005-07-11,-121.36416667,34.79333333,492.4
"1343","200503010132",2005-07-11,-121.57888889,34.66361111,1029.9
"1344","200503010133",2005-07-12,-120.94583333,34.90111111,313.4
"1345","200503010134",2005-07-12,-120.91583333,35.08,208.9
"1346","200503010135",2005-07-16,-120.87722222,34.53611111,503
"1347","200503010136",2005-07-16,-120.65277778,34.42833333,300.6
"1348","200503010137",2005-07-16,-120.56138889,34.39527778,250.4
"1349","200503010138",2005-07-16,-120.56638889,34.32777778,424.7
"1350","200503010139",2005-07-17,-120.19555556,34.12666667,262.6
"1351","200503010140",2005-07-17,-120.09694444,34.12583333,367.2
"1352","200503010142",2005-07-17,-120.07944444,34.39638889,192.4
"1353","200503010143",2005-07-17,-119.83277778,34.37527778,71
"1354","200503010144",2005-07-18,-119.63,34.27194444,109.8
"1355","200503010145",2005-07-18,-119.54583333,34.265,85.5
"1356","200503010146",2005-07-18,-119.46027778,34.19861111,79.9
"1357","200503010147",2005-07-18,-119.22694444,34.07111111,143
"1358","200503010148",2005-07-18,-119.15111111,34.03722222,308.7
"1359","200503010149",2005-07-19,-119.82916667,33.78472222,464.9
"1360","200503010150",2005-07-19,-119.77527778,33.74555556,936.8
"1361","200503010151",2005-07-19,-119.86944444,33.60972222,307.3
"1362","200503010152",2005-07-20,-118.58027778,33.96527778,108.5
"1363","200503010153",2005-07-20,-118.46638889,33.83861111,87.2
"1364","200503010154",2005-07-20,-118.61944444,33.68305556,615
"1365","200503010157",2005-07-22,-118.19972222,33.27944444,340.6
"1366","200503010158",2005-07-22,-118.14805556,33.5775,78.4
"1367","200503010159",2005-07-22,-118.03638889,33.50805556,463.9
"1368","200503010160",2005-07-22,-117.80777778,33.38638889,698.3
"1369","200503010161",2005-07-23,-118.18305556,32.99666667,805
"1370","200503010162",2005-07-23,-117.8675,32.93527778,1027.9
"1371","200503010163",2005-07-23,-117.78416667,32.83027778,1075
"1372","200503010166",2005-07-23,-117.80888889,32.715,412.4
"1373","200503010167",2005-07-24,-117.56583333,32.93888889,838.4
"1374","200503010168",2005-07-24,-117.30944444,32.58333333,105
"1375","200503017001",2005-05-30,-124.70611111,45.39333333,498.8
"1376","200503017002",2005-05-30,-124.69194444,45.44638889,419.7
"1377","200503017003",2005-05-30,-124.69055556,45.47111111,519.9
"1378","200503017004",2005-05-30,-124.54222222,45.53222222,459.5
"1379","200503017005",2005-05-30,-124.39388889,45.6225,168.5
"1380","200503017006",2005-05-31,-124.17722222,45.55611111,115.3
"1381","200503017007",2005-05-31,-124.1375,45.4575,107.9
"1382","200503017008",2005-06-01,-124.81527778,45.78138889,656.2
"1383","200503017009",2005-06-01,-124.72,45.8325,317.1
"1384","200503017010",2005-06-01,-124.77638889,45.9025,550
"1385","200503017011",2005-06-01,-124.84861111,45.93611111,700
"1386","200503017013",2005-06-01,-124.81805556,46.06138889,351.5
"1387","200503017014",2005-06-01,-125.04444444,46.09944444,1250.8
"1388","200503017015",2005-06-02,-124.74166667,46.25861111,957
"1389","200503017016",2005-06-02,-124.64861111,46.42916667,1077.4
"1390","200503017017",2005-06-02,-124.58111111,46.51916667,576.1
"1391","200503017018",2005-06-02,-124.7575,46.55972222,814.2
"1392","200503017019",2005-06-03,-125.05111111,46.82972222,598.3
"1393","200503017020",2005-06-03,-124.86222222,46.82666667,180.5
"1394","200503017021",2005-06-03,-124.97833333,47.07361111,571.4
"1395","200503017022",2005-06-03,-124.98027778,47.26277778,455.1
"1396","200503017023",2005-06-03,-125.29916667,47.54361111,998
"1397","200503017024",2005-06-04,-125.59555556,47.9025,358.1
"1398","200503017029",2005-06-04,-125.07277778,48.3275,187.5
"1399","200503017030",2005-06-05,-124.89083333,48.36333333,327.4
"1400","200503017031",2005-06-05,-124.99222222,48.06111111,116.9
"1401","200503017033",2005-06-05,-124.82194444,47.855,77.8
"1402","200503017034",2005-06-05,-124.89027778,47.50472222,171.9
"1403","200503017035",2005-06-05,-124.79444444,47.42666667,150
"1404","200503017037",2005-06-06,-124.82055556,47.29055556,171.4
"1405","200503017038",2005-06-06,-124.79944444,47.16611111,133.5
"1406","200503017039",2005-06-06,-124.43333333,46.96722222,62
"1407","200503017040",2005-06-06,-124.46638889,46.76416667,89.4
"1408","200503017041",2005-06-06,-124.40722222,46.60111111,89.8
"1409","200503017042",2005-06-07,-124.46194444,46.54805556,126.2
"1410","200503017043",2005-06-07,-124.44972222,46.30611111,141.2
"1411","200503017044",2005-06-11,-124.19138889,45.9825,93.2
"1412","200503017046",2005-06-11,-124.11555556,45.75361111,84.4
"1413","200503017050",2005-06-11,-124.18416667,45.35888889,133.4
"1414","200503017051",2005-06-11,-124.46416667,45.36166667,388.5
"1415","200503017052",2005-06-12,-124.39388889,45.19888889,382.5
"1416","200503017053",2005-06-12,-124.20055556,45.12416667,139.4
"1417","200503017054",2005-06-12,-124.40666667,45.16166667,366
"1418","200503017055",2005-06-12,-124.90361111,44.91805556,619.1
"1419","200503017056",2005-06-12,-124.5525,44.96916667,442.9
"1420","200503017057",2005-06-13,-124.45194444,44.86027778,174.6
"1421","200503017058",2005-06-13,-124.44444444,44.90305556,208.1
"1422","200503017059",2005-06-13,-124.30416667,44.89222222,144.1
"1423","200503017060",2005-06-13,-124.27416667,44.89777778,137.3
"1424","200503017063",2005-06-14,-124.31694444,44.86833333,139.6
"1425","200503017064",2005-06-14,-124.34,44.80916667,129.1
"1426","200503017066",2005-06-14,-124.17583333,44.75833333,65.1
"1427","200503017068",2005-06-14,-124.17805556,44.72305556,64.2
"1428","200503017070",2005-06-14,-124.18111111,44.67638889,62.2
"1429","200503017071",2005-06-15,-125.02055556,44.4275,750.1
"1430","200503017072",2005-06-15,-125.06555556,44.41138889,910.9
"1431","200503017073",2005-06-15,-124.91638889,44.34027778,592.9
"1432","200503017074",2005-06-15,-124.875,44.37805556,520
"1433","200503017075",2005-06-15,-124.78194444,44.3675,165.7
"1434","200503017076",2005-06-16,-124.76583333,44.19222222,96.5
"1435","200503017077",2005-06-18,-124.3975,44.07444444,109.4
"1436","200503017078",2005-06-18,-124.47222222,43.84972222,129.9
"1437","200503017079",2005-06-18,-124.66916667,44.04722222,128.2
"1438","200503017080",2005-06-18,-125.05083333,43.89388889,1205.1
"1439","200503017081",2005-06-18,-124.93916667,43.82555556,788.4
"1440","200503017082",2005-06-19,-124.92583333,43.65861111,1005.8
"1441","200503017083",2005-06-19,-125.02027778,43.58,1063.3
"1442","200503017084",2005-06-19,-124.98333333,43.5225,1128.2
"1443","200503017085",2005-06-19,-124.79333333,43.54194444,623.7
"1444","200503017086",2005-06-19,-124.68083333,43.57444444,448.5
"1445","200503017087",2005-06-23,-124.47944444,43.36055556,96
"1446","200503017088",2005-06-23,-124.55944444,43.25666667,91.5
"1447","200503017089",2005-06-23,-124.95888889,43.25944444,971.7
"1448","200503017090",2005-06-23,-124.89222222,43.05694444,392.7
"1449","200503017091",2005-06-25,-124.62722222,43.05611111,129
"1450","200503017092",2005-06-25,-124.76583333,42.98777778,157.2
"1451","200503017094",2005-06-25,-124.86611111,42.98083333,209.7
"1452","200503017095",2005-06-25,-124.73555556,42.92888889,148
"1453","200503017096",2005-06-25,-124.83694444,42.85416667,306.1
"1454","200503017097",2005-06-26,-124.66416667,42.59694444,136.6
"1455","200503017098",2005-06-26,-124.64916667,42.32333333,200
"1456","200503017099",2005-06-26,-124.57222222,42.26277778,160.6
"1457","200503017100",2005-06-26,-124.54638889,42.03333333,135.6
"1458","200503017101",2005-06-26,-124.53694444,41.96638889,139.9
"1459","200503017102",2005-06-26,-124.84111111,41.92111111,787.1
"1460","200503017103",2005-06-27,-124.61777778,41.70361111,689.2
"1461","200503017104",2005-06-27,-124.72305556,41.59333333,890.5
"1462","200503017105",2005-06-27,-124.785,41.49888889,983.9
"1463","200503017106",2005-06-27,-124.69083333,41.35111111,1113.8
"1464","200503017107",2005-06-27,-124.80111111,41.32916667,1088
"1465","200503017108",2005-06-27,-124.80555556,41.26666667,1139.5
"1466","200503017110",2005-06-28,-124.36166667,41.26416667,141.3
"1467","200503017111",2005-06-28,-124.42777778,40.83833333,228.7
"1468","200503017112",2005-06-28,-124.61111111,40.74583333,726.3
"1469","200503017113",2005-06-28,-124.52166667,40.67777778,188
"1470","200503017114",2005-06-29,-124.4775,40.74083333,136.4
"1471","200503017116",2005-06-29,-124.64,40.605,184.4
"1472","200503017117",2005-06-29,-124.6175,40.2,637.9
"1473","200503017118",2005-06-30,-124.82083333,40.21611111,808.3
"1474","200503017119",2005-06-30,-123.98638889,39.78083333,156.9
"1475","200503017120",2005-06-30,-124.06333333,39.71027778,499.3
"1476","200503017121",2005-06-30,-123.89222222,39.51416667,118.4
"1477","200503017122",2005-06-30,-123.94083333,39.34861111,154.2
"1478","200503017123",2005-07-01,-123.84055556,39.20222222,110.8
"1479","200503017124",2005-07-01,-123.77833333,39.10166667,84.3
"1480","200503017125",2005-07-01,-123.80694444,38.84388889,124
"1481","200503017126",2005-07-02,-123.31388889,38.36916667,111.1
"1482","200503017127",2005-07-02,-123.18916667,38.37055556,83.8
"1483","200503017128",2005-07-02,-123.15888889,38.30611111,86.2
"1484","200503017129",2005-07-02,-123.2475,38.1375,113.1
"1485","200503017132",2005-07-07,-123.10944444,37.575,884.6
"1486","200503017133",2005-07-07,-122.76083333,37.20666667,185.1
"1487","200503017137",2005-07-08,-122.34666667,37.06861111,58
"1488","200503017138",2005-07-08,-121.92055556,36.85861111,60.4
"1489","200503017139",2005-07-08,-122.00972222,36.85194444,81
"1490","200503017142",2005-07-09,-122.06638889,36.38694444,620.5
"1491","200503017143",2005-07-09,-122.22861111,36.18472222,1165.7
"1492","200503017144",2005-07-09,-121.62722222,35.96527778,571
"1493","200503017145",2005-07-09,-121.62694444,35.83944444,709.5
"1494","200503017146",2005-07-10,-121.14805556,35.21944444,516
"1495","200503017147",2005-07-10,-121.21694444,35.08527778,584.4
"1496","200503017148",2005-07-10,-121.31722222,35.02694444,602.6
"1497","200503017149",2005-07-10,-121.29694444,34.98777778,569.1
"1498","200503017150",2005-07-10,-121.58666667,34.82361111,956.6
"1499","200503017151",2005-07-11,-121.02111111,34.81194444,419.2
"1500","200503017152",2005-07-11,-120.97972222,34.96722222,392.8
"1501","200503017153",2005-07-11,-120.92527778,35.03472222,255.4
"1502","200503017154",2005-07-11,-120.84916667,35.10861111,109.4
"1503","200503017155",2005-07-11,-121.00138889,35.11083333,366.9
"1504","200503017156",2005-07-12,-121.11638889,35.01,538.2
"1505","200503017157",2005-07-12,-121.075,35.07972222,496.9
"1506","200503017158",2005-07-16,-121.10833333,34.52555556,996.8
"1507","200503017159",2005-07-16,-120.87277778,34.38,820.3
"1508","200503017160",2005-07-16,-120.63222222,34.42583333,258.3
"1509","200503017161",2005-07-16,-120.51527778,34.24777778,499.3
"1510","200503017162",2005-07-17,-120.24111111,34.38444444,330.7
"1511","200503017163",2005-07-17,-120.30083333,34.27666667,425
"1512","200503017164",2005-07-17,-119.94388889,34.25888889,550.2
"1513","200503017165",2005-07-17,-119.87444444,34.37138889,76.5
"1514","200503017166",2005-07-17,-119.76944444,34.37027778,72.3
"1515","200503017167",2005-07-18,-119.69055556,34.36416667,62.7
"1516","200503017168",2005-07-18,-119.48861111,34.2925,59.4
"1517","200503017169",2005-07-18,-119.70166667,34.21444444,178.5
"1518","200503017170",2005-07-18,-119.72583333,34.18861111,312.2
"1519","200503017171",2005-07-18,-119.90083333,33.75722222,155.4
"1520","200503017172",2005-07-19,-119.9225,33.72083333,140.9
"1521","200503017173",2005-07-19,-119.96277778,33.65805556,142.1
"1522","200503017176",2005-07-20,-119.025,34.01027778,85.5
"1523","200503017177",2005-07-20,-118.70055556,33.9175,464.4
"1524","200503017178",2005-07-20,-118.66444444,33.68944444,755.9
"1525","200503017179",2005-07-20,-118.615,33.55388889,600.5
"1526","200503017181",2005-07-22,-118.26666667,33.61166667,78.4
"1527","200503017182",2005-07-22,-117.88416667,33.55638889,338.7
"1528","200503017183",2005-07-22,-117.8175,33.31916667,630.6
"1529","200503017184",2005-07-22,-118.47416667,33.16166667,1230
"1530","200503017188",2005-07-23,-118.34805556,32.61666667,754.4
"1531","200503017190",2005-07-24,-117.39,32.85472222,420.7
"1532","200503017191",2005-07-24,-117.30027778,32.87388889,91.1
"1533","200503017192",2005-07-24,-117.30388889,32.68111111,77.3
"1534","200503018001",2005-08-22,-125.00611111,44.925,953.7
"1535","200503018002",2005-08-22,-124.80277778,44.94972222,531.5
"1536","200503018003",2005-08-22,-124.61194444,45.04027778,449.4
"1537","200503018004",2005-08-22,-124.53666667,45.13277778,336.4
"1538","200503018005",2005-08-22,-124.89138889,45.27777778,898.4
"1539","200503018006",2005-08-23,-124.8025,45.64833333,994
"1540","200503018007",2005-08-23,-124.85388889,45.87861111,781.2
"1541","200503018008",2005-08-23,-124.57638889,46.27194444,149.2
"1542","200503018009",2005-08-23,-124.53666667,46.42916667,171.1
"1543","200503018010",2005-08-23,-124.85888889,46.61916667,579.6
"1544","200503018011",2005-08-24,-125.01111111,46.82916667,600.9
"1545","200503018012",2005-08-24,-125.11194444,47.25833333,766
"1546","200503018013",2005-08-24,-125.17861111,47.4575,633.2
"1547","200503018014",2005-08-24,-125.10333333,47.59305556,452.7
"1548","200503018015",2005-08-24,-125.05888889,47.64111111,185.4
"1549","200503018016",2005-08-25,-125.45944444,47.68,1082.9
"1550","200503018017",2005-08-25,-125.51027778,47.69277778,1074.7
"1551","200503018020",2005-08-26,-125.3025,48.22444444,153.7
"1552","200503018021",2005-08-26,-125.16138889,48.2375,210.4
"1553","200503018022",2005-08-26,-124.9925,48.42055556,246.8
"1554","200503018023",2005-08-27,-124.90944444,48.22861111,87
"1555","200503018024",2005-08-27,-125.13861111,47.91361111,164.9
"1556","200503018025",2005-08-27,-124.92944444,47.83777778,107.2
"1557","200503018026",2005-08-27,-124.69888889,47.62861111,71.2
"1558","200503018028",2005-08-28,-124.7025,46.65916667,176
"1559","200503018029",2005-08-28,-124.52138889,46.66166667,117.8
"1560","200503018030",2005-08-28,-124.51111111,46.59111111,140.8
"1561","200503018031",2005-08-28,-124.2825,46.22333333,95.5
"1562","200503018032",2005-08-29,-124.41666667,46.05861111,133.9
"1563","200503018033",2005-08-29,-124.14583333,45.87027778,91.9
"1564","200503018034",2005-08-29,-124.24083333,45.68888889,133.9
"1565","200503018035",2005-08-29,-124.46,45.67555556,190.3
"1566","200503018036",2005-08-29,-124.52166667,45.65972222,213.2
"1567","200503018037",2005-08-29,-124.30944444,45.48861111,173.9
"1568","200503018040",2005-08-30,-124.15277778,45.25638889,118
"1569","200503018041",2005-08-30,-124.18333333,44.90166667,101.8
"1570","200503018042",2005-08-30,-124.68527778,44.62972222,255.5
"1571","200503018043",2005-08-30,-124.76277778,44.50833333,378.5
"1572","200503018044",2005-08-31,-124.34805556,44.69,89.9
"1573","200503018046",2005-08-31,-124.33638889,44.56583333,80.7
"1574","200503018047",2005-09-04,-124.24305556,44.5675,73.7
"1575","200503018048",2005-09-04,-124.22138889,44.43333333,64.3
"1576","200503018049",2005-09-04,-124.6525,44.44694444,135.8
"1577","200503018050",2005-09-04,-124.94277778,44.41388889,556.3
"1578","200503018051",2005-09-05,-125.00055556,44.13638889,446.3
"1579","200503018052",2005-09-05,-124.92,44.14,163.3
"1580","200503018053",2005-09-05,-124.61027778,44.08055556,128.9
"1581","200503018054",2005-09-05,-124.22805556,44.27083333,63.8
"1582","200503018055",2005-09-05,-124.27888889,44.14027778,76.4
"1583","200503018056",2005-09-06,-124.53194444,44.01138889,140.7
"1584","200503018057",2005-09-06,-124.30111111,43.96944444,101.4
"1585","200503018058",2005-09-06,-124.32138889,43.93972222,111.9
"1586","200503018059",2005-09-06,-124.30083333,43.91638889,107.6
"1587","200503018060",2005-09-06,-124.26944444,43.93361111,91.2
"1588","200503018061",2005-09-07,-124.89722222,43.75222222,781.6
"1589","200503018062",2005-09-07,-124.85805556,43.82638889,371.7
"1590","200503018063",2005-09-07,-124.91166667,43.84777778,554.6
"1591","200503018064",2005-09-07,-124.99166667,43.31694444,857.3
"1592","200503018065",2005-09-08,-124.62805556,43.44333333,207.4
"1593","200503018066",2005-09-08,-124.60444444,43.2625,122.2
"1594","200503018067",2005-09-08,-124.65944444,43.075,151.5
"1595","200503018068",2005-09-08,-124.60388889,43.04694444,116.7
"1596","200503018069",2005-09-09,-124.59944444,43.03,110.9
"1597","200503018070",2005-09-09,-124.75194444,43.02416667,171
"1598","200503018071",2005-09-09,-124.77777778,43.02833333,164.5
"1599","200503018072",2005-09-09,-124.82916667,42.90111111,234.1
"1600","200503018073",2005-09-09,-124.61805556,42.73666667,87.4
"1601","200503018074",2005-09-10,-124.69833333,42.22638889,520.6
"1602","200503018075",2005-09-10,-124.48916667,42.23361111,115.1
"1603","200503018076",2005-09-10,-124.66444444,42.26138889,416.5
"1604","200503018077",2005-09-10,-124.77,42.10527778,658.3
"1605","200503018078",2005-09-10,-124.7675,42.06583333,643.5
"1606","200503018079",2005-09-10,-124.86833333,42.12333333,897.6
"1607","200503018080",2005-09-11,-124.56472222,42.0675,150.3
"1608","200503018081",2005-09-11,-124.47555556,41.98388889,103.9
"1609","200503018082",2005-09-11,-124.39111111,41.95916667,74.1
"1610","200503018083",2005-09-11,-124.36527778,41.67305556,89.6
"1611","200503018084",2005-09-12,-124.88277778,41.80777778,968.1
"1612","200503018085",2005-09-12,-124.79777778,41.70833333,871.4
"1613","200503018086",2005-09-12,-124.32777778,41.27361111,116.4
"1614","200503018087",2005-09-12,-124.32027778,41.22444444,121.1
"1615","200503018088",2005-09-13,-124.5625,41.035,699.4
"1616","200503018089",2005-09-13,-124.32027778,40.80916667,62.8
"1617","200503018090",2005-09-17,-124.72666667,40.90277778,812.1
"1618","200503018091",2005-09-17,-125.04972222,40.305,1186.4
"1619","200503018092",2005-09-18,-124.41111111,40.26611111,96.2
"1620","200503018093",2005-09-18,-124.05611111,39.81138889,192.3
"1621","200503018094",2005-09-18,-124.09,39.64694444,777.1
"1622","200503018095",2005-09-18,-123.97111111,39.63972222,207.2
"1623","200503018096",2005-09-18,-123.88361111,39.53722222,117.2
"1624","200503018097",2005-09-19,-124.09638889,39.53277778,850.4
"1625","200503018098",2005-09-19,-124.00111111,39.50611111,466.9
"1626","200503018099",2005-09-19,-123.86361111,39.39944444,92.9
"1627","200503018100",2005-09-19,-123.80583333,39.23888889,70.6
"1628","200503018101",2005-09-19,-123.82805556,39.235,92.9
"1629","200503018102",2005-09-20,-124.08666667,39.06888889,831.8
"1630","200503018103",2005-09-20,-124.02527778,39.09361111,547
"1631","200503018104",2005-09-20,-123.89666667,38.93361111,137.1
"1632","200503018105",2005-09-20,-123.56027778,38.68277778,99.1
"1633","200503018107",2005-09-21,-123.61972222,38.45027778,331.2
"1634","200503018108",2005-09-21,-123.49194444,38.43527778,157.6
"1635","200503018109",2005-09-21,-123.43277778,38.44527778,133.2
"1636","200503018110",2005-09-21,-123.33111111,38.52277778,80.2
"1637","200503018111",2005-09-22,-123.49,38.37444444,191.1
"1638","200503018112",2005-09-22,-123.51916667,38.28333333,333
"1639","200503018113",2005-09-22,-123.48944444,38.27527778,292.3
"1640","200503018114",2005-09-22,-123.43472222,38.29833333,193.1
"1641","200503018115",2005-09-23,-123.2125,38.22611111,101.3
"1642","200503018117",2005-09-24,-123.14,37.74027778,109.4
"1643","200503018118",2005-09-24,-122.9825,37.54611111,156.8
"1644","200503018119",2005-09-24,-122.94194444,37.45472222,233.6
"1645","200503018120",2005-09-25,-122.76666667,37.53083333,77.1
"1646","200503018121",2005-09-25,-122.61611111,37.51083333,58.4
"1647","200503018122",2005-09-29,-123.08666667,37.25083333,813
"1648","200503018123",2005-09-29,-122.78777778,37.29972222,128.1
"1649","200503018124",2005-09-29,-122.62611111,37.21638889,100.2
"1650","200503018125",2005-09-29,-122.67666667,37.12861111,132.3
"1651","200503018126",2005-09-30,-122.04472222,36.85416667,89.8
"1652","200503018127",2005-09-30,-122.11277778,36.49444444,986.4
"1653","200503018128",2005-09-30,-122.22,36.30527778,930.7
"1654","200503018129",2005-09-30,-122.34583333,36.28527778,1207.7
"1655","200503018130",2005-10-01,-121.94722222,35.73166667,1112.7
"1656","200503018131",2005-10-01,-121.90777778,35.66722222,1089.7
"1657","200503018132",2005-10-01,-121.67194444,35.61583333,873.5
"1658","200503018133",2005-10-01,-121.23722222,35.32416667,503.5
"1659","200503018134",2005-10-02,-121.57194444,34.98611111,1064.7
"1660","200503018135",2005-10-02,-121.2625,34.80666667,449.6
"1661","200503018136",2005-10-02,-120.81361111,34.535,380.4
"1662","200503018137",2005-10-03,-120.44333333,34.41,86.2
"1663","200503018138",2005-10-03,-120.25666667,34.33027778,385.6
"1664","200503018139",2005-10-03,-119.83944444,34.29416667,325.7
"1665","200503018140",2005-10-03,-119.66277778,34.2875,114
"1666","200503018141",2005-10-04,-119.925,34.35222222,418.6
"1667","200503018142",2005-10-04,-120.22166667,34.12694444,104.8
"1668","200503018143",2005-10-04,-120.22138889,34.28388889,470.2
"1669","200503018144",2005-10-04,-120.20722222,34.3875,324.4
"1670","200503018145",2005-10-05,-120.41861111,34.41416667,75.6
"1671","200503018146",2005-10-05,-120.56944444,34.44027778,110
"1672","200503018147",2005-10-05,-120.73555556,34.77138889,77.1
"1673","200503018148",2005-10-05,-120.73111111,34.79361111,73.5
"1674","200503018149",2005-10-06,-121.11861111,34.87277778,562.7
"1675","200503018150",2005-10-06,-121.05166667,34.99694444,490.2
"1676","200503018151",2005-10-06,-121.0275,35.08916667,434.2
"1677","200503018152",2005-10-10,-120.50083333,33.59166667,1124.1
"1678","200503018153",2005-10-10,-120.51194444,33.5125,1089.8
"1679","200503018154",2005-10-10,-120.20888889,33.46,1228.9
"1680","200503018155",2005-10-10,-120.13666667,33.36027778,1177.7
"1681","200503018156",2005-10-11,-119.98638889,33.73166667,127.4
"1682","200503018158",2005-10-12,-118.82416667,33.53527778,396.7
"1683","200503018159",2005-10-12,-118.51333333,33.41666667,85.4
"1684","200503018160",2005-10-12,-118.39,33.43527778,247.3
"1685","200503018162",2005-10-13,-118.21777778,33.30055556,337
"1686","200503018163",2005-10-13,-117.95777778,33.16277778,875.9
"1687","200503018164",2005-10-13,-117.79,33.15416667,814.2
"1688","200503018165",2005-10-13,-117.66388889,33.11166667,813.6
"1689","200503018166",2005-10-13,-117.65972222,32.77277778,1040.6
"1690","200503018167",2005-10-14,-117.32194444,32.73555556,81.5
"1691","200503018168",2005-10-14,-117.39666667,32.87055556,501.8
"1692","200503018169",2005-10-14,-117.44527778,33.11527778,422.4
"1693","200503018170",2005-10-15,-118.00861111,33.44583333,493.7
"1694","200503018171",2005-10-15,-117.87694444,33.57138889,90.1
"1695","200503018172",2005-10-15,-118.11333333,33.49472222,423.8
"1696","200503018173",2005-10-15,-118.60916667,33.89277778,88.7
"1697","200503018174",2005-10-16,-118.72944444,33.94722222,482.4
"1698","200503018175",2005-10-16,-118.89805556,34.01083333,67.5
"1699","200503018176",2005-10-16,-118.95916667,34.01111111,84.9
"1700","200503018177",2005-10-16,-119.04527778,34.05444444,79.2
"1701","200503018179",2005-10-17,-120.95611111,34.81138889,323.1
"1702","200503018180",2005-10-17,-120.90055556,34.97888889,225.6
"1703","200503018181",2005-10-17,-120.96722222,35.14527778,267.9
"1704","200503018182",2005-10-17,-121.16833333,35.23833333,524.5
"1705","200503018183",2005-10-17,-121.1225,35.27583333,421.9
"1706","200603008002",2006-08-18,-125.13666667,44.63694444,852.1
"1707","200603008003",2006-08-18,-124.58611111,44.99361111,449.1
"1708","200603008004",2006-08-18,-124.73277778,45.09444444,385.2
"1709","200603008005",2006-08-18,-124.80944444,45.26611111,713.3
"1710","200603008006",2006-08-19,-124.64861111,45.2575,496.5
"1711","200603008007",2006-08-19,-124.74777778,45.29305556,544
"1712","200603008008",2006-08-19,-124.81222222,45.33361111,709.6
"1713","200603008009",2006-08-19,-124.70972222,45.49333333,511.9
"1714","200603008010",2006-08-19,-124.54361111,45.50694444,473.4
"1715","200603008011",2006-08-19,-124.47,45.55583333,237.8
"1716","200603008012",2006-08-19,-124.52333333,45.72527778,191.3
"1717","200603008013",2006-08-20,-124.3925,45.77,150.9
"1718","200603008014",2006-08-20,-124.77666667,45.93666667,575.7
"1719","200603008015",2006-08-20,-124.94888889,46.12,1271.1
"1720","200603008016",2006-08-20,-125.00555556,46.29611111,1147.6
"1721","200603008018",2006-08-21,-124.83388889,46.93722222,314.4
"1722","200603008019",2006-08-21,-124.8325,47.00472222,156.1
"1723","200603008020",2006-08-21,-124.92583333,47.18555556,192.4
"1724","200603008022",2006-08-21,-124.93111111,47.42,1135.3
"1725","200603008023",2006-08-22,-124.90444444,48.25694444,97.2
"1726","200603008025",2006-08-22,-125.16361111,48.20305556,122.3
"1727","200603008026",2006-08-22,-125.13555556,48.125,247.8
"1728","200603008028",2006-08-23,-125.71444444,48.12027778,256.5
"1729","200603008029",2006-08-23,-125.685,47.92722222,604.4
"1730","200603008030",2006-08-23,-125.39055556,47.63583333,1075.5
"1731","200603008031",2006-08-23,-125.31,47.82277778,588.6
"1732","200603008032",2006-08-24,-125.30222222,47.86527778,460.8
"1733","200603008033",2006-08-24,-125.005,47.68888889,154.3
"1734","200603008034",2006-08-24,-124.61638889,47.39194444,78.2
"1735","200603008035",2006-08-24,-124.40833333,46.96916667,59.2
"1736","200603008036",2006-08-24,-124.4875,46.91611111,80.8
"1737","200603008037",2006-08-24,-124.51111111,46.79027778,96.6
"1738","200603008038",2006-08-24,-124.48083333,46.72583333,94.9
"1739","200603008039",2006-08-25,-124.87,46.335,972.9
"1740","200603008040",2006-08-26,-124.32138889,46.285,107.1
"1741","200603008041",2006-08-26,-124.3875,45.96916667,142.4
"1742","200603008042",2006-08-26,-124.07722222,45.7575,77.2
"1743","200603008043",2006-08-26,-124.05333333,45.49388889,69.1
"1744","200603008044",2006-08-26,-124.17527778,45.29583333,130.2
"1745","200603008045",2006-08-26,-124.21333333,45.24,154.8
"1746","200603008046",2006-08-26,-124.27888889,45.24583333,181.2
"1747","200603008047",2006-08-26,-124.27944444,45.08305556,171.9
"1748","200603008048",2006-08-27,-124.63527778,44.73694444,268.8
"1749","200603008049",2006-08-27,-124.74805556,44.615,306.6
"1750","200603008051",2006-08-31,-124.34,44.45805556,70
"1751","200603008052",2006-08-31,-124.28111111,44.37527778,70.3
"1752","200603008053",2006-08-31,-124.24833333,44.28055556,68.9
"1753","200603008054",2006-08-31,-124.28222222,44.08361111,78.6
"1754","200603008055",2006-08-31,-124.39083333,44.07944444,109.1
"1755","200603008056",2006-08-31,-124.37166667,44.11416667,99.6
"1756","200603008057",2006-08-31,-124.72861111,44.41055556,143.5
"1757","200603008058",2006-09-01,-124.64194444,44.18972222,116.4
"1758","200603008059",2006-09-01,-124.95194444,44.14444444,207.2
"1759","200603008061",2006-09-01,-124.95361111,43.955,226
"1760","200603008062",2006-09-01,-125.06222222,43.64611111,1098.9
"1761","200603008063",2006-09-01,-125.10694444,43.41916667,1056.1
"1762","200603008064",2006-09-07,-124.54333333,43.87611111,162.2
"1763","200603008065",2006-09-07,-124.60583333,43.82083333,257.8
"1764","200603008066",2006-09-07,-124.55166667,43.75583333,189.9
"1765","200603008067",2006-09-07,-124.46194444,43.64194444,137
"1766","200603008068",2006-09-07,-124.6825,43.41805556,326.7
"1767","200603008069",2006-09-07,-124.65138889,43.3725,193
"1768","200603008070",2006-09-08,-125.00138889,43.32583333,906.4
"1769","200603008071",2006-09-08,-125.02222222,43.29527778,1012.7
"1770","200603008072",2006-09-08,-124.87777778,43.06555556,321.5
"1771","200603008073",2006-09-08,-124.71833333,43.05722222,168.1
"1772","200603008074",2006-09-08,-124.60388889,43.04805556,116
"1773","200603008075",2006-09-08,-124.69277778,42.66361111,168.9
"1774","200603008076",2006-09-09,-124.57472222,42.55638889,89.4
"1775","200603008077",2006-09-09,-124.76833333,42.58888889,441.2
"1776","200603008078",2006-09-09,-124.81194444,42.45305556,331.4
"1777","200603008079",2006-09-09,-124.67166667,42.30055556,365.2
"1778","200603008080",2006-09-09,-124.73222222,42.19833333,568.9
"1779","200603008081",2006-09-09,-124.605,42.23277778,236.6
"1780","200603008082",2006-09-10,-124.40583333,41.99555556,79.7
"1781","200603008083",2006-09-10,-124.60027778,42.00166667,307.8
"1782","200603008084",2006-09-10,-124.54777778,42,139.3
"1783","200603008085",2006-09-10,-124.77055556,41.76583333,849.5
"1784","200603008086",2006-09-10,-124.75666667,41.70027778,859.9
"1785","200603008087",2006-09-10,-124.95694444,41.56055556,978.9
"1786","200603008088",2006-09-11,-124.62305556,41.26861111,1119.8
"1787","200603008089",2006-09-11,-124.33194444,41.1925,137.9
"1788","200603008090",2006-09-11,-124.2675,40.97555556,79.2
"1789","200603008091",2006-09-15,-124.58388889,41.03583333,712.6
"1790","200603008092",2006-09-15,-124.56694444,41.01305556,645.8
"1791","200603008093",2006-09-15,-124.69444444,41.00111111,737.4
"1792","200603008094",2006-09-15,-124.69861111,40.70916667,921.5
"1793","200603008095",2006-09-15,-124.55055556,40.57972222,146.4
"1794","200603008096",2006-09-16,-124.4175,40.31805556,84.1
"1795","200603008097",2006-09-16,-124.845,40.15555556,980.6
"1796","200603008098",2006-09-16,-124.68888889,40.08555556,916.1
"1797","200603008099",2006-09-16,-124.61611111,40.04694444,922
"1798","200603008100",2006-09-16,-124.33694444,39.95972222,1004.5
"1799","200603008101",2006-09-17,-124.17944444,39.6,1172.5
"1800","200603008102",2006-09-17,-124.15694444,39.49527778,998.9
"1801","200603008103",2006-09-17,-123.89305556,39.52666667,120.1
"1802","200603008104",2006-09-17,-123.97777778,39.29888889,330
"1803","200603008105",2006-09-17,-124.0125,39.16055556,475.7
"1804","200603008106",2006-09-18,-123.93472222,38.82416667,658.6
"1805","200603008107",2006-09-18,-123.90055556,38.84138889,266.7
"1806","200603008108",2006-09-18,-123.74083333,38.77138889,128.1
"1807","200603008109",2006-09-18,-123.71222222,38.56666667,490.2
"1808","200603008110",2006-09-18,-123.5575,38.36305556,274.2
"1809","200603008111",2006-09-18,-123.49222222,38.31222222,245.4
"1810","200603008112",2006-09-19,-123.24138889,38.10277778,113.5
"1811","200603008113",2006-09-19,-123.28333333,37.87111111,107.1
"1812","200603008114",2006-09-19,-123.13222222,37.80694444,81.9
"1813","200603008115",2006-09-19,-123.09722222,37.82722222,85.1
"1814","200603008116",2006-09-20,-122.67138889,37.51583333,61.9
"1815","200603008117",2006-09-20,-122.67861111,37.38444444,86.8
"1816","200603008118",2006-09-20,-122.87611111,37.14083333,491.3
"1817","200603008120",2006-09-21,-122.10611111,36.91166667,62.9
"1818","200603008121",2006-09-21,-122.16333333,36.91083333,84
"1819","200603008122",2006-09-21,-121.99527778,36.16194444,1100.3
"1820","200603008123",2006-09-21,-121.95694444,36.08944444,1196.6
"1821","200603008124",2006-09-22,-121.66333333,36.05805556,594.6
"1822","200603008125",2006-09-22,-122.00888889,35.81638889,1173.3
"1823","200603008126",2006-09-22,-121.85444444,35.68527778,1039.5
"1824","200603008127",2006-09-23,-121.36888889,35.72111111,62.7
"1825","200603008128",2006-09-23,-121.29583333,35.61972222,102.4
"1826","200603008129",2006-09-28,-121.37222222,35.61833333,312.3
"1827","200603008130",2006-09-28,-121.49027778,35.41111111,901.3
"1828","200603008131",2006-09-28,-121.64555556,35.32333333,958.8
"1829","200603008132",2006-09-28,-121.58583333,35.28,867.3
"1830","200603008133",2006-09-29,-121.13277778,35.06083333,548.6
"1831","200603008134",2006-09-29,-120.87083333,34.97638889,180.6
"1832","200603008136",2006-09-29,-120.72277778,34.81222222,68.7
"1833","200603008137",2006-09-30,-120.74,34.79416667,79.3
"1834","200603008138",2006-09-30,-120.99111111,34.70722222,442.9
"1835","200603008139",2006-09-30,-120.55,34.39472222,231.8
"1836","200603008140",2006-09-30,-120.45583333,34.35416667,276.1
"1837","200603008141",2006-10-01,-120.33194444,34.25222222,439.2
"1838","200603008142",2006-10-01,-120.26222222,34.31555556,402.4
"1839","200603008143",2006-10-01,-120.22388889,34.39583333,270
"1840","200603008144",2006-10-01,-120.20361111,34.4075,202.3
"1841","200603008145",2006-10-02,-120.13527778,34.42305556,80
"1842","200603008147",2006-10-02,-119.99916667,34.33638889,527.8
"1843","200603008149",2006-10-02,-119.83777778,34.22611111,438
"1844","200603008150",2006-10-03,-119.62611111,34.20694444,159.1
"1845","200603008151",2006-10-03,-119.54611111,34.20611111,114.9
"1846","200603008152",2006-10-06,-119.83166667,33.58055556,398.1
"1847","200603008155",2006-10-06,-119.92805556,33.62388889,275.4
"1848","200603008156",2006-10-06,-119.99361111,33.57611111,694.4
"1849","200603008157",2006-10-06,-120.06916667,33.36416667,960.3
"1850","200603008158",2006-10-07,-120.3475,33.51055556,974.2
"1851","200603008161",2006-10-07,-120.3425,33.4775,1091.8
"1852","200603008162",2006-10-07,-120.49527778,33.20444444,1089.1
"1853","200603008163",2006-10-07,-120.33194444,33.12305556,344.6
"1854","200603008164",2006-10-08,-120.11416667,32.76777778,465.8
"1855","200603008165",2006-10-08,-119.77,32.68722222,1095.7
"1856","200603008166",2006-10-08,-119.65222222,32.68138889,960.7
"1857","200603008167",2006-10-09,-118.7,32.63333333,1055.6
"1858","200603008168",2006-10-09,-118.62027778,32.56194444,1034.2
"1859","200603008169",2006-10-09,-118.44944444,32.59833333,1122.8
"1860","200603008170",2006-10-09,-118.42194444,32.73055556,227.1
"1861","200603008171",2006-10-09,-118.20333333,32.91611111,873.5
"1862","200603008172",2006-10-10,-118.62611111,33.46805556,98.4
"1863","200603008173",2006-10-10,-118.72083333,33.50222222,259.4
"1864","200603008176",2006-10-10,-118.80944444,33.56944444,544.7
"1865","200603008178",2006-10-11,-118.09638889,33.50055556,416.6
"1866","200603008179",2006-10-11,-117.86916667,33.54666667,377.3
"1867","200603008180",2006-10-11,-117.50666667,33.18805556,317
"1868","200603008181",2006-10-11,-117.42916667,33.16805556,81.4
"1869","200603008182",2006-10-11,-117.39472222,33.06194444,379
"1870","200603008183",2006-10-12,-117.31666667,32.74305556,75.8
"1871","200603010001",2006-05-27,-125.14666667,45.53916667,1141.5
"1872","200603010002",2006-05-27,-124.74472222,45.70388889,408.4
"1873","200603010003",2006-05-27,-124.63888889,45.80861111,212.2
"1874","200603010004",2006-05-27,-124.86444444,45.94694444,728.3
"1875","200603010006",2006-05-28,-124.37388889,46.73916667,69.8
"1876","200603010007",2006-05-28,-124.68333333,46.85861111,126.6
"1877","200603010008",2006-05-28,-125.06472222,46.69666667,779.5
"1878","200603010009",2006-05-28,-125.16777778,46.89666667,758.7
"1879","200603010010",2006-05-29,-125.4425,47.83194444,988.7
"1880","200603010011",2006-05-29,-125.29722222,47.92861111,393.6
"1881","200603010012",2006-05-29,-125.21138889,47.88805556,219
"1882","200603010014",2006-05-29,-125.15083333,47.96111111,153.8
"1883","200603010015",2006-05-30,-125.75833333,48.005,1007.7
"1884","200603010016",2006-05-30,-125.73333333,48.02583333,968.3
"1885","200603010017",2006-05-30,-125.86,48.10027778,884.7
"1886","200603010019",2006-05-30,-125.62694444,48.23805556,163.1
"1887","200603010020",2006-05-31,-124.88611111,48.22861111,65.9
"1888","200603010021",2006-05-31,-125.3075,48.11111111,226.1
"1889","200603010022",2006-05-31,-125.0775,48.03916667,128.5
"1890","200603010023",2006-05-31,-125.06694444,47.99027778,123.8
"1891","200603010024",2006-06-01,-124.97083333,47.90416667,109.4
"1892","200603010025",2006-06-01,-124.81694444,47.78777778,79
"1893","200603010026",2006-06-01,-125.06277778,47.70444444,166.5
"1894","200603010027",2006-06-01,-125.29138889,47.56027778,919.6
"1895","200603010028",2006-06-02,-124.68638889,47.225,101.3
"1896","200603010029",2006-06-02,-124.92277778,47.17277778,174
"1897","200603010031",2006-06-03,-124.30666667,46.43972222,68.8
"1898","200603010032",2006-06-03,-124.41361111,46.205,131.4
"1899","200603010033",2006-06-03,-124.58777778,46.28833333,149.1
"1900","200603010034",2006-06-03,-124.98305556,46.19027778,907
"1901","200603010036",2006-06-04,-124.69416667,45.02166667,432
"1902","200603010037",2006-06-04,-124.71305556,44.88361111,463.5
"1903","200603010038",2006-06-08,-124.20666667,44.77083333,68.8
"1904","200603010039",2006-06-08,-124.25944444,44.96138889,143.4
"1905","200603010040",2006-06-08,-124.53638889,44.9375,421.2
"1906","200603010041",2006-06-08,-124.50916667,45.10444444,333.1
"1907","200603010042",2006-06-09,-124.18555556,45.26972222,132.8
"1908","200603010043",2006-06-09,-124.28194444,45.29972222,176.6
"1909","200603010044",2006-06-09,-124.64277778,45.29861111,482.2
"1910","200603010045",2006-06-09,-124.86222222,45.10416667,697.1
"1911","200603010046",2006-06-09,-125.07027778,44.94833333,1006.6
"1912","200603010047",2006-06-10,-125.00388889,44.87527778,836
"1913","200603010048",2006-06-10,-124.83222222,44.77083333,483.9
"1914","200603010049",2006-06-10,-124.8275,44.73027778,440.8
"1915","200603010050",2006-06-10,-124.70166667,44.5775,300.3
"1916","200603010051",2006-06-11,-124.71027778,44.46166667,146.5
"1917","200603010052",2006-06-11,-124.84361111,44.50833333,311.7
"1918","200603010053",2006-06-11,-124.87583333,44.44055556,366.6
"1919","200603010054",2006-06-11,-124.87194444,44.37555556,513.4
"1920","200603010055",2006-06-12,-124.30611111,44.43055556,67.5
"1921","200603010056",2006-06-12,-124.3175,44.33166667,72.2
"1922","200603010057",2006-06-12,-124.25138889,44.14805556,69.3
"1923","200603010058",2006-06-12,-124.38805556,44.04916667,110.5
"1924","200603010059",2006-06-12,-124.49138889,44.17,107.8
"1925","200603010060",2006-06-13,-124.69444444,44.13944444,109.4
"1926","200603010061",2006-06-13,-124.85722222,43.96861111,110.1
"1927","200603010062",2006-06-13,-125.02,44.05888889,1081.6
"1928","200603010063",2006-06-13,-124.94916667,43.92166667,427
"1929","200603010064",2006-06-13,-124.57361111,43.8475,195.6
"1930","200603010065",2006-06-14,-124.44111111,43.9325,120.1
"1931","200603010066",2006-06-14,-124.41388889,43.80611111,113.2
"1932","200603010067",2006-06-14,-124.3275,43.7175,102.9
"1933","200603010068",2006-06-14,-124.57361111,43.41888889,141.5
"1934","200603010069",2006-06-15,-124.80527778,43.09555556,233.4
"1935","200603010070",2006-06-15,-124.89194444,42.8825,346.8
"1936","200603010071",2006-06-15,-124.86611111,42.96194444,167.3
"1937","200603010072",2006-06-15,-124.56083333,42.98333333,78.8
"1938","200603010073",2006-06-16,-124.81583333,43.4875,593.8
"1939","200603010074",2006-06-16,-124.60611111,43.41805556,164.3
"1940","200603010075",2006-06-22,-124.47555556,42.61833333,61.3
"1941","200603010076",2006-06-22,-124.7325,42.59444444,309.3
"1942","200603010078",2006-06-23,-124.25555556,41.43583333,68.2
"1943","200603010079",2006-06-23,-124.4675,40.84388889,378.3
"1944","200603010080",2006-06-23,-124.63694444,40.58361111,185
"1945","200603010081",2006-06-24,-124.50916667,40.3375,429
"1946","200603010082",2006-06-24,-124.61805556,40.27333333,385.7
"1947","200603010083",2006-06-24,-124.61833333,40.10583333,823.4
"1948","200603010084",2006-06-24,-124.53166667,39.99416667,1105.2
"1949","200603010085",2006-06-24,-124.36972222,39.94722222,1091.7
"1950","200603010086",2006-06-25,-124.28166667,40.10361111,154.4
"1951","200603010087",2006-06-25,-124.12805556,39.84222222,337.4
"1952","200603010088",2006-06-25,-123.90555556,39.79722222,85.7
"1953","200603010089",2006-06-25,-123.82361111,39.54305556,64.2
"1954","200603010092",2006-06-26,-124.17638889,39.21944444,991.3
"1955","200603010093",2006-06-26,-123.92861111,39.15361111,138.8
"1956","200603010094",2006-06-26,-123.86416667,39.13305556,111.4
"1957","200603010096",2006-06-27,-123.74777778,38.65,254.8
"1958","200603010097",2006-06-27,-123.68277778,38.58722222,212
"1959","200603010098",2006-06-27,-123.45583333,38.59694444,93.9
"1960","200603010099",2006-06-27,-123.54888889,38.43833333,190.3
"1961","200603010101",2006-06-28,-123.37444444,38.02916667,112.1
"1962","200603010102",2006-06-28,-123.19888889,38.04194444,103.5
"1963","200603010103",2006-06-28,-123.21305556,38.005,104.4
"1964","200603010104",2006-07-02,-122.71166667,37.45944444,74.1
"1965","200603010105",2006-07-02,-122.89583333,37.37083333,231.9
"1966","200603010106",2006-07-02,-123.03027778,37.43388889,557.3
"1967","200603010107",2006-07-02,-123.01611111,37.32111111,628.2
"1968","200603010108",2006-07-02,-123.17861111,37.26361111,1229.8
"1969","200603010109",2006-07-03,-123.06916667,37.35972222,804.5
"1970","200603010110",2006-07-03,-122.88027778,37.29833333,260.9
"1971","200603010111",2006-07-03,-122.65805556,37.23222222,96.9
"1972","200603010112",2006-07-03,-122.57777778,37.38388889,65.2
"1973","200603010114",2006-07-04,-122.68138889,37.16166667,115.6
"1974","200603010115",2006-07-04,-122.78305556,37.13555556,438.1
"1975","200603010116",2006-07-04,-122.63916667,37.0675,137.7
"1976","200603010117",2006-07-04,-122.35055556,37.01694444,89.8
"1977","200603010118",2006-07-04,-122.22777778,36.97444444,60.3
"1978","200603010120",2006-07-05,-121.88388889,36.81277778,74.8
"1979","200603010121",2006-07-05,-121.88777778,36.77888889,225.4
"1980","200603010122",2006-07-05,-121.93111111,36.75805556,94.1
"1981","200603010123",2006-07-05,-122.06666667,36.39527778,625.8
"1982","200603010124",2006-07-10,-121.52833333,35.41055556,941.8
"1983","200603010125",2006-07-10,-121.75305556,35.37055556,1268.4
"1984","200603010126",2006-07-10,-121.7325,35.375,1268.3
"1985","200603010127",2006-07-10,-121.69222222,35.24277778,1148
"1986","200603010128",2006-07-11,-121.33861111,35.10111111,641.1
"1987","200603010129",2006-07-11,-121.09972222,35.18027778,491.7
"1988","200603010130",2006-07-11,-121.13527778,34.96055556,558.8
"1989","200603010131",2006-07-11,-120.99083333,34.98944444,400
"1990","200603010132",2006-07-11,-120.89027778,35.07111111,164.4
"1991","200603010133",2006-07-12,-120.76638889,35.0125,69.9
"1992","200603010134",2006-07-12,-120.82416667,34.94027778,128.7
"1993","200603010135",2006-07-12,-120.84638889,34.85027778,161
"1994","200603010136",2006-07-12,-120.76666667,34.70916667,80.3
"1995","200603010137",2006-07-12,-120.53416667,34.45583333,69.4
"1996","200603010138",2006-07-13,-120.77277778,34.07888889,795.3
"1997","200603010139",2006-07-13,-120.82861111,34.14583333,811
"1998","200603010140",2006-07-13,-120.53805556,34.23861111,504.2
"1999","200603010141",2006-07-13,-120.41305556,34.26833333,416.4
"2000","200603010142",2006-07-13,-120.39166667,34.26944444,409.3
"2001","200603010143",2006-07-14,-120.41555556,33.91805556,428.5
"2002","200603010144",2006-07-14,-120.30861111,34.21138889,469.9
"2003","200603010148",2006-07-14,-119.85416667,34.1875,464.8
"2004","200603010149",2006-07-15,-119.8325,34.37555556,61.2
"2005","200603010150",2006-07-15,-119.6675,34.20722222,161.8
"2006","200603010151",2006-07-15,-119.60888889,34.21055556,157.8
"2007","200603010152",2006-07-15,-119.17916667,34.01111111,506.6
"2008","200603010157",2006-07-16,-118.74694444,33.19972222,833.9
"2009","200603010159",2006-07-17,-118.085,32.71194444,555.3
"2010","200603010161",2006-07-17,-117.47416667,32.66111111,382.1
"2011","200603010163",2006-07-17,-117.30472222,32.63666667,83.1
"2012","200603010164",2006-07-18,-117.30277778,32.69055556,71.5
"2013","200603010165",2006-07-18,-117.41972222,33.15527778,181.1
"2014","200603010166",2006-07-18,-117.60805556,33.30472222,138.4
"2015","200603010167",2006-07-18,-117.92666667,33.02611111,967.8
"2016","200603010169",2006-07-18,-118.01805556,33,925.8
"2017","200603010171",2006-07-19,-118.35944444,33.29194444,83.4
"2018","200603010172",2006-07-19,-118.33916667,33.29027778,84.4
"2019","200603010173",2006-07-19,-118.28555556,33.30611111,93.4
"2020","200603010174",2006-07-19,-118.27555556,33.41722222,844
"2021","200603010175",2006-07-19,-118.32555556,33.39555556,203.8
"2022","200603017001",2006-05-27,-124.90861111,44.6825,582.9
"2023","200603017002",2006-05-27,-124.87805556,44.6725,464.8
"2024","200603017003",2006-05-27,-124.73138889,44.73111111,365.7
"2025","200603017004",2006-05-27,-124.61333333,45.1,430
"2026","200603017005",2006-05-27,-124.7975,45.27833333,700.2
"2027","200603017006",2006-05-28,-124.95416667,46.20472222,963.8
"2028","200603017007",2006-05-28,-124.49666667,46.53222222,155.5
"2029","200603017008",2006-05-28,-124.54222222,46.69138889,120.3
"2030","200603017009",2006-05-28,-124.83527778,46.79305556,182.3
"2031","200603017010",2006-05-28,-124.65888889,46.91611111,116.4
"2032","200603017011",2006-05-29,-125.29166667,47.47166667,1146.8
"2033","200603017012",2006-05-29,-125.36722222,47.59916667,927.2
"2034","200603017013",2006-05-29,-125.76861111,47.71305556,1238.8
"2035","200603017014",2006-05-29,-125.41361111,47.76361111,825.7
"2036","200603017015",2006-05-29,-125.44666667,47.92722222,593.5
"2037","200603017018",2006-05-30,-125.6,48.26111111,144.4
"2038","200603017019",2006-05-30,-125.30027778,48.25972222,99.7
"2039","200603017020",2006-05-30,-125.0625,48.42555556,115.2
"2040","200603017021",2006-05-30,-125.405,48.10888889,117.1
"2041","200603017022",2006-05-30,-125.28416667,48.05388889,165.7
"2042","200603017023",2006-05-31,-125.06472222,47.265,713.2
"2043","200603017024",2006-05-31,-124.54972222,47.10388889,73.3
"2044","200603017025",2006-05-31,-124.65222222,47.02444444,100.7
"2045","200603017026",2006-05-31,-124.80083333,46.99611111,149.1
"2046","200603017027",2006-06-01,-124.37194444,46.22222222,121.7
"2047","200603017028",2006-06-01,-124.41861111,46.06527778,132.3
"2048","200603017029",2006-06-01,-124.5125,45.89416667,149.2
"2049","200603017030",2006-06-01,-124.23805556,45.95472222,113.1
"2050","200603017031",2006-06-01,-124.23722222,45.90416667,117.6
"2051","200603017032",2006-06-02,-124.09972222,45.55472222,87.6
"2052","200603017033",2006-06-02,-124.10055556,45.64805556,83.6
"2053","200603017035",2006-06-02,-124.43333333,45.65472222,176.8
"2054","200603017036",2006-06-02,-124.45638889,45.65694444,192.5
"2055","200603017037",2006-06-02,-124.48972222,45.56416667,256.9
"2056","200603017038",2006-06-03,-124.61444444,45.31333333,448.4
"2057","200603017039",2006-06-03,-124.2275,45.35444444,157.2
"2058","200603017041",2006-06-03,-124.12555556,45.31388889,102.9
"2059","200603017042",2006-06-03,-124.08638889,45.32583333,83.9
"2060","200603017043",2006-06-03,-124.25611111,45.26638889,172.6
"2061","200603017044",2006-06-04,-124.28777778,45.07722222,176.3
"2062","200603017045",2006-06-04,-124.25888889,45.02722222,157.7
"2063","200603017046",2006-06-08,-124.31,44.84027778,131.7
"2064","200603017047",2006-06-08,-124.24277778,44.70055556,74.7
"2065","200603017048",2006-06-08,-124.45472222,44.39888889,86.2
"2066","200603017049",2006-06-08,-124.22861111,44.31111111,63.1
"2067","200603017050",2006-06-08,-124.525,44.21722222,98.3
"2068","200603017051",2006-06-09,-124.93694444,44.29,503.6
"2069","200603017052",2006-06-09,-124.82361111,44.26083333,133.8
"2070","200603017053",2006-06-09,-124.40944444,44.11361111,107
"2071","200603017054",2006-06-09,-124.46388889,43.92194444,126.3
"2072","200603017056",2006-06-09,-124.44,43.90194444,123.6
"2073","200603017057",2006-06-10,-124.95222222,43.98055556,231.6
"2074","200603017059",2006-06-10,-124.91472222,43.94305556,134.3
"2075","200603017060",2006-06-10,-125.04638889,43.91833333,1192.5
"2076","200603017061",2006-06-10,-124.79944444,43.81166667,413.5
"2077","200603017062",2006-06-11,-124.75055556,43.84861111,329.6
"2078","200603017063",2006-06-11,-124.675,43.61444444,425.6
"2079","200603017064",2006-06-11,-124.51083333,43.58333333,157.6
"2080","200603017065",2006-06-11,-124.66194444,43.42444444,259.1
"2081","200603017066",2006-06-12,-124.47722222,43.38444444,100.9
"2082","200603017067",2006-06-12,-124.78194444,43.48166667,553.8
"2083","200603017068",2006-06-12,-124.66555556,43.25722222,154.5
"2084","200603017069",2006-06-12,-124.68916667,43.25583333,181.4
"2085","200603017070",2006-06-12,-124.72833333,43.26,253.7
"2086","200603017071",2006-06-13,-125.0025,43.18138889,1044.3
"2087","200603017072",2006-06-13,-124.96916667,43.18194444,1010.1
"2088","200603017073",2006-06-13,-124.80944444,43.02472222,123.3
"2089","200603017074",2006-06-13,-124.66777778,43.05527778,149.1
"2090","200603017075",2006-06-13,-124.5675,42.95777778,75.8
"2091","200603017076",2006-06-14,-124.59805556,42.485,84.4
"2092","200603017077",2006-06-14,-124.60638889,42.42777778,87.3
"2093","200603017078",2006-06-14,-124.67861111,42.06638889,550.4
"2094","200603017079",2006-06-14,-124.88416667,42.00222222,971.7
"2095","200603017080",2006-06-14,-125.02305556,41.85777778,996
"2096","200603017081",2006-06-15,-124.92833333,41.72666667,1028.6
"2097","200603017082",2006-06-15,-124.62888889,41.72055556,691.5
"2098","200603017083",2006-06-15,-124.48805556,41.72888889,294.6
"2099","200603017084",2006-06-15,-124.725,41.36888889,1144.5
"2100","200603017085",2006-06-15,-124.83055556,41.29388889,1162
"2101","200603017086",2006-06-16,-124.23944444,41.23583333,77.1
"2102","200603017087",2006-06-16,-124.42833333,41.10111111,506.6
"2103","200603017088",2006-06-21,-124.32222222,41.25611111,116.9
"2104","200603017089",2006-06-22,-124.48138889,41.33638889,339
"2105","200603017090",2006-06-22,-124.59472222,40.975,632.5
"2106","200603017091",2006-06-22,-124.70166667,40.68472222,963.9
"2107","200603017094",2006-06-23,-124.64111111,40.59222222,183.3
"2108","200603017095",2006-06-23,-124.60305556,40.45916667,141.8
"2109","200603017096",2006-06-23,-124.94611111,40.09194444,1240.2
"2110","200603017097",2006-06-23,-124.66805556,40.01944444,1017.5
"2111","200603017098",2006-06-24,-124.20555556,40.07083333,134.5
"2112","200603017099",2006-06-24,-124.1525,39.86611111,388.9
"2113","200603017100",2006-06-24,-124.00583333,39.85972222,110.2
"2114","200603017101",2006-06-24,-123.92944444,39.38805556,138.7
"2115","200603017102",2006-06-25,-123.92472222,39.34638889,139.6
"2116","200603017103",2006-06-25,-123.98444444,39.2825,355.1
"2117","200603017104",2006-06-25,-123.97944444,39.20138889,341.9
"2118","200603017105",2006-06-25,-123.98138889,39.10444444,359.2
"2119","200603017106",2006-06-25,-123.985,39.07916667,454.2
"2120","200603017107",2006-06-26,-123.68527778,38.41444444,771.7
"2121","200603017108",2006-06-26,-123.50333333,38.27833333,301.5
"2122","200603017109",2006-06-26,-123.40944444,38.24666667,214.4
"2123","200603017110",2006-06-26,-123.3175,38.30888889,115.9
"2124","200603017111",2006-06-27,-123.09083333,38.23861111,77.6
"2125","200603017112",2006-06-27,-123.43916667,38.14527778,231.9
"2126","200603017113",2006-06-27,-123.50444444,38.10555556,295.4
"2127","200603017114",2006-06-27,-123.5325,38.01611111,845.3
"2128","200603017115",2006-06-28,-123.10333333,37.90416667,91.9
"2129","200603017116",2006-06-28,-122.925,37.81916667,66.2
"2130","200603017117",2006-07-02,-122.70111111,37.54583333,59.6
"2131","200603017118",2006-07-02,-122.65388889,37.52888889,59
"2132","200603017119",2006-07-02,-123.08861111,37.39722222,733.8
"2133","200603017120",2006-07-02,-123.025,37.31083333,652.1
"2134","200603017121",2006-07-02,-122.96722222,37.3,499.6
"2135","200603017122",2006-07-03,-122.62694444,37.16305556,107.9
"2136","200603017123",2006-07-03,-122.67055556,37.04166667,385.6
"2137","200603017124",2006-07-03,-122.08305556,36.81916667,107.1
"2138","200603017125",2006-07-03,-122.18416667,36.72944444,805.1
"2139","200603017126",2006-07-04,-122.08361111,36.39944444,673.3
"2140","200603017127",2006-07-04,-122.18916667,36.35388889,859.3
"2141","200603017129",2006-07-04,-122.08138889,36.25416667,546.7
"2142","200603017130",2006-07-04,-122.19694444,36.19194444,1138.5
"2143","200603017131",2006-07-04,-122.09388889,36.1425,1173.3
"2144","200603017132",2006-07-05,-121.76416667,35.80722222,995.7
"2145","200603017133",2006-07-05,-121.55722222,35.82305556,526.2
"2146","200603017134",2006-07-05,-121.45694444,35.7425,328
"2147","200603017135",2006-07-05,-121.0825,35.4225,226.1
"2148","200603017136",2006-07-08,-121.55861111,35.59416667,768.4
"2149","200603017137",2006-07-08,-121.58305556,35.63777778,756.7
"2150","200603017138",2006-07-08,-121.59472222,35.54138889,866.7
"2151","200603017139",2006-07-08,-121.41861111,35.23111111,712.2
"2152","200603017140",2006-07-08,-121.39333333,35.13611111,564
"2153","200603017141",2006-07-12,-120.89083333,34.93555556,215.1
"2154","200603017142",2006-07-12,-120.99111111,34.81861111,378.2
"2155","200603017143",2006-07-12,-121.08833333,34.79,518.5
"2156","200603017144",2006-07-12,-121.29916667,34.85888889,439
"2157","200603017145",2006-07-12,-121.27638889,34.72777778,593.5
"2158","200603017146",2006-07-13,-121.25277778,34.61555556,865.8
"2159","200603017147",2006-07-13,-121.14277778,34.51777778,1036
"2160","200603017148",2006-07-13,-121.14666667,34.49444444,1099.4
"2161","200603017149",2006-07-13,-120.83361111,34.50805556,492.4
"2162","200603017150",2006-07-13,-120.69166667,34.43416667,411.8
"2163","200603017151",2006-07-14,-120.60111111,34.31444444,465.6
"2164","200603017152",2006-07-14,-120.42055556,34.315,358.9
"2165","200603017153",2006-07-14,-120.15361111,34.30638889,509.3
"2166","200603017154",2006-07-14,-119.89777778,33.76833333,129
"2167","200603017157",2006-07-15,-120.00833333,33.72361111,122.1
"2168","200603017159",2006-07-15,-120.06666667,33.77722222,288.1
"2169","200603017160",2006-07-15,-119.83305556,33.66166667,235.9
"2170","200603017161",2006-07-16,-120.32527778,33.26611111,1023.5
"2171","200603017162",2006-07-16,-120.3175,33.20972222,892.6
"2172","200603017163",2006-07-16,-120.36555556,32.97277778,912.3
"2173","200603017165",2006-07-16,-119.95944444,33.15361111,1241.2
"2174","200603017166",2006-07-17,-118.99027778,34.00388889,144.5
"2175","200603017167",2006-07-17,-118.66805556,33.98972222,73.7
"2176","200603017168",2006-07-17,-118.62777778,33.94916667,216.6
"2177","200603017169",2006-07-17,-118.46833333,33.79166667,71.9
"2178","200603017171",2006-07-18,-118.64416667,33.56222222,587.9
"2179","200603017172",2006-07-18,-118.69611111,33.52222222,358.8
"2180","200603017173",2006-07-18,-118.59833333,33.44333333,119.8
"2181","200603017174",2006-07-18,-118.65777778,33.07611111,385.6
"2182","200603017176",2006-07-19,-117.92527778,33.39083333,552.4
"2183","200603017177",2006-07-19,-117.95194444,33.33972222,613.2
"2184","200603017178",2006-07-19,-117.89944444,32.76333333,489.6
"2185","200603017180",2006-07-20,-117.31277778,32.98027778,66.4
"2186","200603017181",2006-07-20,-117.4,32.6025,135.5
"2187","200603018001",2006-08-18,-124.97916667,44.78583333,753.1
"2188","200603018002",2006-08-18,-124.93833333,44.78388889,530
"2189","200603018003",2006-08-18,-124.89472222,44.73722222,578.9
"2190","200603018004",2006-08-18,-124.795,45.06416667,593.6
"2191","200603018005",2006-08-19,-124.9325,45.38555556,1141.2
"2192","200603018006",2006-08-19,-124.74833333,45.49888889,558.9
"2193","200603018007",2006-08-19,-124.60611111,45.50555556,460.8
"2194","200603018008",2006-08-19,-124.53027778,45.68611111,205.6
"2195","200603018009",2006-08-19,-124.67083333,45.75916667,247.4
"2196","200603018010",2006-08-20,-124.78888889,46.75194444,178.4
"2197","200603018011",2006-08-20,-125.18333333,46.72444444,947.3
"2198","200603018012",2006-08-21,-125.47055556,47.60555556,1023.7
"2199","200603018013",2006-08-21,-125.57222222,47.63611111,1183.5
"2200","200603018014",2006-08-21,-125.23055556,47.80166667,544.9
"2201","200603018015",2006-08-21,-125.07083333,47.9575,129.3
"2202","200603018016",2006-08-21,-125.03583333,47.99,119.9
"2203","200603018018",2006-08-22,-125.47083333,48.23805556,136.1
"2204","200603018019",2006-08-22,-125.18277778,48.39111111,173.1
"2205","200603018020",2006-08-22,-125.03555556,48.37611111,176.8
"2206","200603018022",2006-08-23,-124.85222222,47.79694444,94.2
"2207","200603018023",2006-08-23,-124.70805556,47.6875,66.2
"2208","200603018024",2006-08-23,-124.88861111,47.63277778,120.3
"2209","200603018025",2006-08-23,-124.81444444,47.44638889,166.4
"2210","200603018026",2006-08-24,-124.51555556,46.73777778,101.7
"2211","200603018027",2006-08-24,-124.44277778,46.78166667,82.2
"2212","200603018028",2006-08-24,-124.33666667,46.79222222,58.6
"2213","200603018029",2006-08-24,-124.54527778,46.27305556,139.7
"2214","200603018030",2006-08-25,-124.62333333,46.23861111,848.1
"2215","200603018031",2006-08-25,-124.81638889,46.14388889,1139.9
"2216","200603018032",2006-08-25,-124.57277778,45.91805556,169
"2217","200603018033",2006-08-25,-124.51222222,45.83361111,159.2
"2218","200603018034",2006-08-25,-124.30472222,45.87055556,139.6
"2219","200603018035",2006-08-26,-124.04333333,45.75416667,65.6
"2220","200603018036",2006-08-26,-124.19777778,45.76166667,113.6
"2221","200603018037",2006-08-26,-124.20583333,45.59361111,125.9
"2222","200603018038",2006-08-26,-124.08388889,45.49777778,79.1
"2223","200603018039",2006-08-26,-124.31805556,45.47305556,175.8
"2224","200603018040",2006-08-26,-124.29833333,45.19638889,193.2
"2225","200603018041",2006-08-27,-124.38583333,44.84166667,147.7
"2226","200603018042",2006-08-27,-124.21861111,44.67722222,69.2
"2227","200603018043",2006-08-31,-124.51555556,45.04361111,376.9
"2228","200603018044",2006-08-31,-124.6825,44.95888889,451
"2229","200603018045",2006-08-31,-124.55055556,44.89805556,360
"2230","200603018046",2006-08-31,-124.75694444,44.80611111,420.1
"2231","200603018047",2006-08-31,-124.5675,44.81027778,245.5
"2232","200603018048",2006-08-31,-124.54888889,44.60527778,143.1
"2233","200603018049",2006-09-01,-124.79194444,44.52527778,406.4
"2234","200603018050",2006-09-01,-124.6725,44.54666667,307.6
"2235","200603018051",2006-09-01,-124.53611111,44.60055556,141.1
"2236","200603018052",2006-09-01,-124.32194444,44.49333333,71.5
"2237","200603018053",2006-09-01,-124.375,44.37277778,81.6
"2238","200603018054",2006-09-02,-124.93111111,44.10972222,192.1
"2239","200603018055",2006-09-02,-124.25472222,44.04277778,76.8
"2240","200603018056",2006-09-02,-124.45333333,43.88416667,126
"2241","200603018057",2006-09-02,-124.38,43.80194444,109.3
"2242","200603018058",2006-09-02,-124.56638889,43.59305556,200.3
"2243","200603018059",2006-09-03,-124.94194444,43.56833333,853.4
"2244","200603018061",2006-09-03,-124.82277778,43.14861111,278.7
"2245","200603018062",2006-09-03,-124.51194444,43.30027778,89.5
"2246","200603018063",2006-09-04,-125.00472222,43.15444444,1024.5
"2247","200603018064",2006-09-04,-124.96777778,43.09083333,1047.7
"2248","200603018065",2006-09-04,-124.73638889,42.78416667,213.9
"2249","200603018066",2006-09-05,-124.84333333,42.62138889,830.9
"2250","200603018067",2006-09-05,-124.77944444,42.56222222,404.8
"2251","200603018068",2006-09-05,-124.72388889,42.41583333,186.7
"2252","200603018070",2006-09-05,-124.54611111,42.67111111,89.4
"2253","200603018071",2006-09-06,-124.61777778,42.515,97.2
"2254","200603018072",2006-09-06,-124.69777778,42.31083333,440.8
"2255","200603018073",2006-09-06,-124.70111111,42.25388889,496.9
"2256","200603018075",2006-09-06,-124.57944444,42.22805556,180.5
"2257","200603018076",2006-09-07,-124.56805556,42.17111111,161.7
"2258","200603018077",2006-09-08,-124.44805556,42.07833333,95.6
"2259","200603018078",2006-09-08,-124.63416667,42.045,445
"2260","200603018079",2006-09-08,-124.85583333,42.14,829.6
"2261","200603018080",2006-09-08,-125.045,41.93555556,1000.3
"2262","200603018081",2006-09-08,-124.62111111,41.78944444,616.1
"2263","200603018082",2006-09-08,-124.59527778,41.73361111,599.3
"2264","200603018083",2006-09-09,-124.49333333,40.88166667,444.9
"2265","200603018084",2006-09-09,-124.40166667,40.86694444,168.6
"2266","200603018085",2006-09-15,-124.47666667,41.49361111,171.1
"2267","200603018086",2006-09-15,-124.61361111,41.60138889,773.9
"2268","200603018087",2006-09-15,-124.75,41.60861111,884.5
"2269","200603018088",2006-09-15,-124.82666667,41.45888889,854.3
"2270","200603018089",2006-09-15,-124.76666667,41.33944444,1105
"2271","200603018090",2006-09-16,-124.67833333,40.77166667,708.7
"2272","200603018091",2006-09-16,-125.11166667,40.28388889,1228.4
"2273","200603018092",2006-09-16,-124.92361111,40.12805556,1138.6
"2274","200603018093",2006-09-17,-124.58611111,40.21222222,529.2
"2275","200603018094",2006-09-17,-124.51722222,40.20861111,482.1
"2276","200603018095",2006-09-17,-124.69361111,39.98027778,1084.1
"2277","200603018096",2006-09-17,-124.51444444,40.03388889,939.8
"2278","200603018097",2006-09-18,-124.10277778,39.38194444,736
"2279","200603018098",2006-09-18,-123.95222222,39.31611111,167
"2280","200603018099",2006-09-18,-123.86972222,39.1075,111.3
"2281","200603018100",2006-09-18,-123.86583333,39.09,107
"2282","200603018101",2006-09-18,-123.90194444,39.0075,125.1
"2283","200603018102",2006-09-18,-123.81472222,39.00527778,89.7
"2284","200603018103",2006-09-18,-123.75361111,38.84527778,91.5
"2285","200603018104",2006-09-19,-123.82555556,38.7825,152.5
"2286","200603018105",2006-09-19,-123.53027778,38.54722222,137.7
"2287","200603018106",2006-09-19,-123.40694444,38.54861111,95.4
"2288","200603018107",2006-09-19,-123.43027778,38.31166667,170.2
"2289","200603018108",2006-09-19,-123.15944444,38.27444444,87
"2290","200603018109",2006-09-20,-123.57027778,38.17777778,666.7
"2291","200603018111",2006-09-20,-123.34805556,38.01222222,111.8
"2292","200603018112",2006-09-20,-123.43861111,37.93944444,141.6
"2293","200603018113",2006-09-20,-123.33583333,37.86444444,117.3
"2294","200603018114",2006-09-21,-123.23111111,37.85027778,101.3
"2295","200603018115",2006-09-21,-123.17222222,37.92861111,95.5
"2296","200603018116",2006-09-25,-122.05611111,36.27416667,382.5
"2297","200603018117",2006-09-25,-122.02527778,36.33222222,124.5
"2298","200603018118",2006-09-25,-121.98805556,36.35333333,117.9
"2299","200603018119",2006-09-25,-121.83166667,36.16083333,573.4
"2300","200603018120",2006-09-25,-121.61277778,35.86138889,647.9
"2301","200603018121",2006-09-26,-121.69444444,35.32972222,1155.6
"2302","200603018122",2006-09-26,-121.63527778,35.35833333,1047.6
"2303","200603018124",2006-09-26,-121.92638889,35.60833333,1002
"2304","200603018125",2006-09-26,-121.51277778,35.77138889,462.1
"2305","200603018126",2006-09-27,-121.45583333,35.54861111,658.9
"2306","200603018127",2006-09-27,-121.03861111,35.07,448.1
"2307","200603018128",2006-09-27,-121.08805556,35.04944444,510.5
"2308","200603018129",2006-09-28,-120.94166667,35.33944444,76.7
"2309","200603018130",2006-09-28,-120.7925,35.0875,76.2
"2310","200603018131",2006-09-28,-121.09277778,34.98833333,522.3
"2311","200603018133",2006-09-28,-121.42361111,34.63972222,940.8
"2312","200603018134",2006-09-29,-121.58861111,34.67722222,991.2
"2313","200603018135",2006-09-29,-121.6225,34.68611111,947.7
"2314","200603018136",2006-09-29,-121.39972222,34.60277778,1018.2
"2315","200603018137",2006-09-29,-121.03388889,34.21833333,1028.1
"2316","200603018138",2006-09-29,-120.68972222,34.36222222,530
"2317","200603018139",2006-09-30,-120.38611111,34.22055556,462.6
"2318","200603018140",2006-09-30,-119.8275,34.19638889,422.8
"2319","200603018141",2006-09-30,-119.77055556,34.28388889,242.9
"2320","200603018142",2006-09-30,-119.69,34.3025,121.7
"2321","200603018143",2006-10-01,-119.56027778,34.23055556,97.6
"2322","200603018144",2006-10-01,-119.57111111,34.17722222,239.2
"2323","200603018147",2006-10-05,-119.89111111,33.66555556,138
"2324","200603018148",2006-10-06,-119.88444444,33.24611111,320.4
"2325","200603018149",2006-10-06,-118.87444444,34.01138889,74.5
"2326","200603018150",2006-10-06,-118.72194444,33.92222222,514.1
"2327","200603018151",2006-10-07,-118.41222222,33.72972222,75.8
"2328","200603018152",2006-10-07,-118.46277778,33.77416667,78.7
"2329","200603018153",2006-10-07,-118.60722222,33.89111111,84.8
"2330","200603018154",2006-10-08,-118.7,33.53555556,403.5
"2331","200603018155",2006-10-08,-118.59638889,33.5325,500.9
"2332","200603018156",2006-10-08,-118.52722222,33.41,119.7
"2333","200603018157",2006-10-08,-118.60972222,33.33611111,1245.9
"2334","200603018158",2006-10-08,-118.48833333,33.31611111,92
"2335","200603018159",2006-10-08,-118.36694444,33.24111111,1168.8
"2336","200603018160",2006-10-09,-118.0425,33.25083333,879.8
"2337","200603018161",2006-10-09,-118.08361111,33.29444444,835
"2338","200603018162",2006-10-09,-118.22777778,33.25916667,240.2
"2339","200603018163",2006-10-09,-118.24194444,33.08472222,1116.8
"2340","200603018164",2006-10-10,-118.67638889,33.0925,451.3
"2341","200603018165",2006-10-10,-118.62194444,32.89138889,509.4
"2342","200603018166",2006-10-10,-118.38555556,32.72055556,303.1
"2343","200603018167",2006-10-11,-117.66027778,33.37722222,79.2
"2344","200603018168",2006-10-11,-117.70361111,33.19777778,799.7
"2345","200603018169",2006-10-11,-117.70916667,33.05666667,850.3
"2346","200603018170",2006-10-11,-117.45027778,33.07277778,491.9
"2347","200603018171",2006-10-12,-117.37194444,32.96916667,513.3
"2348","200703008001",2007-08-18,-124.90916667,45.24111111,948.3
"2349","200703008002",2007-08-18,-124.48055556,45.20583333,400.3
"2350","200703008003",2007-08-18,-124.37083333,45.2325,360.4
"2351","200703008004",2007-08-18,-124.26222222,45.2575,173.2
"2352","200703008005",2007-08-18,-124.14944444,45.45555556,109.5
"2353","200703008006",2007-08-18,-124.34333333,45.49166667,177
"2354","200703008007",2007-08-19,-124.1725,45.70333333,106.8
"2355","200703008008",2007-08-19,-124.255,45.695,132
"2356","200703008009",2007-08-19,-124.305,45.83194444,139.4
"2357","200703008010",2007-08-19,-124.2475,45.91694444,115.4
"2358","200703008011",2007-08-19,-124.44944444,45.96138889,146.2
"2359","200703008012",2007-08-19,-124.31472222,46.09333333,107.1
"2360","200703008013",2007-08-19,-124.30083333,46.11861111,102.1
"2361","200703008014",2007-08-20,-124.09305556,45.99305556,72
"2362","200703008015",2007-08-20,-124.51361111,46.16027778,135.7
"2363","200703008016",2007-08-20,-124.83583333,46.49944444,1215.2
"2364","200703008017",2007-08-20,-124.34194444,46.62388889,73.1
"2365","200703008018",2007-08-20,-124.33444444,46.76611111,59.9
"2366","200703008019",2007-08-21,-124.46638889,46.81916667,83.2
"2367","200703008020",2007-08-21,-124.67611111,46.99,106.5
"2368","200703008021",2007-08-21,-124.60888889,47.18416667,80.2
"2369","200703008022",2007-08-21,-124.73805556,47.42194444,112.3
"2370","200703008023",2007-08-21,-124.9325,47.52305556,175.9
"2371","200703008024",2007-08-21,-124.81972222,47.75527778,85.9
"2372","200703008025",2007-08-21,-124.965,47.8575,110.3
"2373","200703008026",2007-08-22,-124.77777778,48.41555556,211.4
"2374","200703008027",2007-08-22,-124.91111111,48.40361111,226.8
"2375","200703008028",2007-08-22,-125.16722222,48.23027778,197.9
"2376","200703008029",2007-08-22,-125.475,48.09888889,127.7
"2377","200703008030",2007-08-22,-125.73555556,48.11916667,287.3
"2378","200703008031",2007-08-22,-125.55416667,47.995,172.5
"2379","200703008032",2007-08-23,-125.065,47.89888889,130.3
"2380","200703008033",2007-08-23,-125.33333333,47.77194444,905.9
"2381","200703008034",2007-08-23,-125.14472222,47.665,580.6
"2382","200703008035",2007-08-23,-124.79638889,47.26527778,148.5
"2383","200703008036",2007-08-24,-124.98305556,46.97194444,336.5
"2384","200703008037",2007-08-24,-124.97833333,46.85805556,504.4
"2385","200703008038",2007-08-24,-124.91333333,46.03694444,917.6
"2386","200703008039",2007-08-24,-124.73944444,46.03638889,316.3
"2387","200703008040",2007-08-25,-124.56694444,45.92305556,162
"2388","200703008041",2007-08-25,-124.60277778,45.94361111,167.8
"2389","200703008042",2007-08-25,-124.70722222,45.8075,308.8
"2390","200703008043",2007-08-25,-124.80611111,45.875,774.6
"2391","200703008044",2007-08-26,-125.025,45.78055556,984
"2392","200703008045",2007-08-26,-124.7875,45.70527778,584
"2393","200703008046",2007-08-26,-124.535,45.44138889,449
"2394","200703008047",2007-08-27,-124.1,45.005,66.3
"2395","200703008048",2007-08-27,-124.19777778,44.80555556,75.5
"2396","200703008049",2007-09-03,-124.62388889,44.90694444,430.1
"2397","200703008050",2007-09-03,-124.71555556,44.84222222,448.5
"2398","200703008051",2007-09-03,-124.72,45.0275,462.7
"2399","200703008052",2007-09-03,-124.85666667,44.97666667,684.7
"2400","200703008053",2007-09-03,-124.93861111,44.89916667,524.3
"2401","200703008054",2007-09-03,-124.92972222,44.78388889,583
"2402","200703008055",2007-09-04,-125.13138889,44.51416667,1128.7
"2403","200703008056",2007-09-04,-125.05,44.40083333,856.4
"2404","200703008057",2007-09-04,-124.98666667,44.36638889,655.5
"2405","200703008058",2007-09-04,-125.08055556,44.31916667,1028.3
"2406","200703008059",2007-09-04,-124.92111111,44.12305556,174.8
"2407","200703008061",2007-09-05,-124.66638889,44.13861111,119.6
"2408","200703008062",2007-09-05,-124.61722222,44.31805556,92.3
"2409","200703008063",2007-09-05,-124.67916667,44.35222222,101.8
"2410","200703008065",2007-09-06,-124.5325,44.68138889,146.3
"2411","200703008066",2007-09-06,-124.36694444,44.57472222,66.2
"2412","200703008067",2007-09-06,-124.31416667,44.31638889,72.4
"2413","200703008068",2007-09-06,-124.48638889,44.07916667,120.8
"2414","200703008069",2007-09-06,-124.47638889,44.06611111,121.9
"2415","200703008070",2007-09-06,-124.39527778,43.97416667,117.1
"2416","200703008071",2007-09-06,-124.23777778,43.86,72.2
"2417","200703008072",2007-09-07,-124.63527778,43.71861111,326.4
"2418","200703008073",2007-09-07,-124.61472222,43.60944444,279.7
"2419","200703008075",2007-09-07,-124.70944444,43.56611111,510.3
"2420","200703008076",2007-09-07,-124.69583333,43.52277778,458.7
"2421","200703008077",2007-09-08,-124.53416667,43.57888889,167.2
"2422","200703008078",2007-09-08,-124.38722222,43.56694444,111
"2423","200703008079",2007-09-09,-124.93166667,43.45916667,752.7
"2424","200703008080",2007-09-09,-124.74388889,43.445,507.6
"2425","200703008081",2007-09-09,-124.67666667,43.44,340.6
"2426","200703008082",2007-09-13,-124.72388889,43.08861111,189.5
"2427","200703008083",2007-09-13,-124.86861111,42.69916667,566.6
"2428","200703008084",2007-09-13,-124.77472222,42.39972222,500.4
"2429","200703008085",2007-09-13,-124.76222222,42.37111111,466.8
"2430","200703008086",2007-09-13,-124.48222222,42.32388889,69.2
"2431","200703008087",2007-09-14,-124.93583333,42.25583333,1055.9
"2432","200703008088",2007-09-14,-124.90638889,42.2325,969.1
"2433","200703008089",2007-09-14,-124.64361111,42.00472222,487.6
"2434","200703008090",2007-09-14,-124.88305556,41.80611111,968.3
"2435","200703008091",2007-09-15,-125.00361111,41.75722222,1129.5
"2436","200703008092",2007-09-15,-125.00027778,41.72416667,986.6
"2437","200703008093",2007-09-15,-124.92777778,41.69777778,1002.4
"2438","200703008094",2007-09-15,-124.51555556,41.69694444,434.8
"2439","200703008095",2007-09-15,-124.32166667,41.69972222,68.7
"2440","200703008096",2007-09-16,-124.42722222,41.64333333,126.4
"2441","200703008099",2007-09-16,-124.52166667,41.53777778,372.6
"2442","200703008100",2007-09-16,-124.88638889,41.47527778,891.5
"2443","200703008101",2007-09-16,-124.85944444,41.25555556,1144.1
"2444","200703008102",2007-09-17,-124.42555556,41.10944444,507.1
"2445","200703008103",2007-09-17,-124.46111111,41.03555556,505.5
"2446","200703008104",2007-09-17,-124.43166667,40.93222222,272.7
"2447","200703008105",2007-09-17,-124.31166667,40.86527778,73.2
"2448","200703008106",2007-09-18,-124.56833333,40.59694444,155.8
"2449","200703008107",2007-09-18,-124.63333333,40.56333333,172.9
"2450","200703008108",2007-09-18,-124.55666667,40.38666667,422.4
"2451","200703008111",2007-09-18,-124.40444444,40.26694444,81
"2452","200703008112",2007-09-18,-124.73194444,40.12944444,879.9
"2453","200703008113",2007-09-19,-124.06861111,39.87638889,109.3
"2454","200703008114",2007-09-19,-123.93166667,39.53916667,145.1
"2455","200703008115",2007-09-20,-124.07027778,39.44916667,664.3
"2456","200703008116",2007-09-20,-124.17333333,39.53472222,1048.9
"2457","200703008117",2007-09-20,-124.23444444,39.32472222,1187.8
"2458","200703008118",2007-09-20,-123.99361111,39.08583333,455.6
"2459","200703008119",2007-09-21,-123.77027778,38.81777778,118.5
"2460","200703008120",2007-09-21,-123.59083333,38.57888889,143.4
"2461","200703008121",2007-09-21,-123.58083333,38.55361111,145.9
"2462","200703008122",2007-09-21,-123.4425,38.52888889,111.7
"2463","200703008123",2007-09-21,-123.6825,38.38472222,858.1
"2464","200703008124",2007-09-21,-123.33111111,38.27,125.4
"2465","200703008125",2007-09-22,-123.11055556,38.22638889,80.1
"2466","200703008126",2007-09-22,-123.11777778,38.16722222,79.5
"2467","200703008127",2007-09-26,-122.82861111,37.45444444,93.2
"2468","200703008128",2007-09-26,-122.84194444,37.43194444,109.9
"2469","200703008129",2007-09-26,-122.89416667,37.32944444,260.9
"2470","200703008130",2007-09-26,-122.6,37.22111111,93.2
"2471","200703008131",2007-09-26,-122.87305556,37.11277778,572.9
"2472","200703008132",2007-09-27,-122.69305556,37.06805556,360.4
"2473","200703008133",2007-09-27,-122.53611111,36.98805556,257.1
"2474","200703008134",2007-09-27,-122.43805556,36.99166667,158.1
"2475","200703008135",2007-09-27,-122.43666667,36.93194444,486.5
"2476","200703008136",2007-09-27,-122.26777778,36.91694444,126.3
"2477","200703008137",2007-09-28,-121.92666667,36.70194444,92.2
"2478","200703008138",2007-09-28,-122.27,36.34194444,1033.5
"2479","200703008139",2007-09-28,-122.20638889,36.22111111,1010.7
"2480","200703008140",2007-09-28,-121.91083333,35.94861111,1213.2
"2481","200703008141",2007-09-29,-121.85305556,35.86472222,1110.9
"2482","200703008142",2007-09-29,-121.72305556,35.82777778,899.5
"2483","200703008143",2007-09-29,-121.72194444,35.805,916.1
"2484","200703008144",2007-09-29,-122.15611111,35.77027778,1241.2
"2485","200703008145",2007-09-30,-121.91222222,35.63,1097.7
"2486","200703008146",2007-09-30,-121.9475,35.575,1035
"2487","200703008147",2007-09-30,-121.7825,35.48583333,1097.6
"2488","200703008148",2007-09-30,-121.52722222,35.43722222,926
"2489","200703008149",2007-10-01,-121.21527778,35.54138889,181.5
"2490","200703008150",2007-10-01,-121.31638889,35.52111111,450.6
"2491","200703008151",2007-10-01,-121.26888889,35.39638889,454.7
"2492","200703008152",2007-10-01,-121.28805556,35.36111111,520.6
"2493","200703008153",2007-10-01,-121.45694444,35.23194444,660.2
"2494","200703008154",2007-10-02,-121.39,35.05611111,468.3
"2495","200703008155",2007-10-02,-121.18527778,35.07527778,573
"2496","200703008156",2007-10-02,-121.09861111,35.02444444,524.2
"2497","200703008157",2007-10-03,-121.02527778,35.06027778,433.2
"2498","200703008158",2007-10-03,-120.97694444,35.17333333,251.8
"2499","200703008160",2007-10-07,-120.72666667,34.55444444,95.5
"2500","200703008161",2007-10-07,-120.59305556,34.36611111,386.9
"2501","200703008162",2007-10-07,-120.57222222,34.2625,513.8
"2502","200703008163",2007-10-07,-120.41833333,33.92583333,376
"2503","200703008164",2007-10-08,-120.20777778,34.34194444,417.9
"2504","200703008166",2007-10-08,-119.95666667,34.39555556,71.4
"2505","200703008167",2007-10-08,-119.93972222,34.33583333,451.3
"2506","200703008168",2007-10-08,-119.8125,34.24805556,326.3
"2507","200703008169",2007-10-09,-119.45833333,33.86388889,1223.8
"2508","200703008170",2007-10-09,-119.87833333,33.75722222,125.7
"2509","200703008172",2007-10-09,-120.03166667,33.79222222,149.9
"2510","200703008174",2007-10-10,-120.00027778,33.41638889,908
"2511","200703008175",2007-10-11,-119.01111111,34.04083333,62
"2512","200703008176",2007-10-11,-118.86444444,34.00111111,81.3
"2513","200703008178",2007-10-11,-118.71972222,33.99277778,67.9
"2514","200703008179",2007-10-11,-118.60027778,33.97722222,107.1
"2515","200703008180",2007-10-11,-118.57138889,33.975,58.6
"2516","200703008181",2007-10-11,-118.49111111,33.86833333,62.1
"2517","200703008182",2007-10-12,-118.40083333,33.44333333,274.7
"2518","200703008184",2007-10-12,-118.3075,33.24,1124.5
"2519","200703008185",2007-10-12,-118.34805556,33.16777778,1159.6
"2520","200703008186",2007-10-12,-118.52666667,33.40833333,125.7
"2521","200703008187",2007-10-13,-120.14527778,33.14666667,1094.6
"2522","200703008189",2007-10-13,-120.2975,33.18944444,879.3
"2523","200703008191",2007-10-13,-120.41333333,33.01083333,1008.6
"2524","200703008192",2007-10-14,-120.05694444,32.945,1095.7
"2525","200703008193",2007-10-14,-120.07888889,32.80444444,488.4
"2526","200703008194",2007-10-14,-119.76416667,32.77166667,1160.1
"2527","200703008196",2007-10-14,-119.65611111,32.58833333,896.7
"2528","200703008197",2007-10-15,-118.65444444,32.61694444,1036.5
"2529","200703008198",2007-10-15,-118.5825,32.86722222,491.5
"2530","200703008200",2007-10-15,-118.41916667,32.68694444,456.8
"2531","200703008202",2007-10-16,-117.29916667,32.69555556,73.2
"2532","200703008203",2007-10-16,-117.31611111,32.66944444,85.8
"2533","200703010003",2007-05-19,-125.00694444,44.94055556,968.5
"2534","200703010004",2007-05-19,-124.75805556,44.92944444,511
"2535","200703010005",2007-05-19,-124.57888889,44.96972222,447.1
"2536","200703010006",2007-05-20,-124.62888889,46.08916667,171.5
"2537","200703010008",2007-05-20,-124.68972222,46.11944444,482.3
"2538","200703010009",2007-05-20,-124.53944444,46.22638889,665
"2539","200703010010",2007-05-20,-124.34027778,46.32166667,99.9
"2540","200703010011",2007-05-21,-125.05,46.63472222,1002.1
"2541","200703010012",2007-05-21,-124.61333333,46.95972222,95.4
"2542","200703010013",2007-05-21,-124.57194444,46.98861111,85.5
"2543","200703010017",2007-05-22,-124.60527778,47.45222222,62.4
"2544","200703010018",2007-05-23,-124.91944444,48.29,171.5
"2545","200703010019",2007-05-23,-124.94138889,48.255,196
"2546","200703010020",2007-05-23,-125.02583333,48.22444444,306.9
"2547","200703010021",2007-05-23,-125.13333333,48.22333333,121.4
"2548","200703010022",2007-05-23,-125.29333333,48.175,195.6
"2549","200703010023",2007-05-23,-125.40333333,48.13944444,113.8
"2550","200703010025",2007-05-24,-125.51388889,48.12805556,141.9
"2551","200703010026",2007-05-24,-125.58472222,48.00388889,193.5
"2552","200703010027",2007-05-24,-125.56166667,47.975,193.6
"2553","200703010029",2007-05-25,-125.59055556,47.87055556,676.3
"2554","200703010030",2007-05-25,-125.44055556,47.71111111,1050.3
"2555","200703010031",2007-05-25,-125.37222222,47.73166667,981.8
"2556","200703010032",2007-05-25,-125.23027778,47.83972222,439.4
"2557","200703010033",2007-05-25,-125.14638889,47.88944444,168.2
"2558","200703010034",2007-05-26,-125.05777778,47.76722222,221.2
"2559","200703010035",2007-05-26,-124.96555556,47.63416667,148.2
"2560","200703010036",2007-05-26,-124.9625,47.5375,183.2
"2561","200703010037",2007-05-26,-125.21833333,47.39222222,748.9
"2562","200703010038",2007-05-26,-124.76166667,47.4,133.3
"2563","200703010039",2007-05-27,-124.36555556,46.50388889,79.6
"2564","200703010040",2007-05-27,-124.49666667,46.50444444,190.3
"2565","200703010041",2007-05-27,-124.4175,46.16916667,126
"2566","200703010042",2007-05-27,-124.51888889,45.97222222,152.5
"2567","200703010044",2007-05-27,-124.24111111,45.74027778,126.4
"2568","200703010046",2007-05-28,-124.33944444,44.7575,109.9
"2569","200703010047",2007-05-28,-124.36777778,44.67472222,84
"2570","200703010048",2007-06-01,-124.265,44.53805556,75.8
"2571","200703010049",2007-06-01,-124.27666667,44.48305556,77.3
"2572","200703010050",2007-06-01,-124.59083333,44.54305556,155.2
"2573","200703010051",2007-06-01,-124.73138889,44.62916667,267.5
"2574","200703010052",2007-06-02,-124.76694444,45.82416667,536.3
"2575","200703010053",2007-06-02,-124.66444444,45.75888889,244.4
"2576","200703010054",2007-06-02,-124.49972222,45.56194444,276
"2577","200703010055",2007-06-02,-124.635,45.50472222,461.1
"2578","200703010056",2007-06-03,-124.28777778,45.29777778,178.6
"2579","200703010057",2007-06-03,-124.21055556,45.28388889,146.3
"2580","200703010058",2007-06-03,-124.35222222,45.17361111,322
"2581","200703010059",2007-06-03,-124.39277778,45.09694444,301.6
"2582","200703010060",2007-06-03,-124.16888889,45.02138889,106.1
"2583","200703010062",2007-06-04,-124.66138889,44.87166667,352.1
"2584","200703010063",2007-06-04,-124.81861111,44.86222222,335.1
"2585","200703010064",2007-06-04,-124.90472222,44.87333333,448.3
"2586","200703010065",2007-06-04,-124.8625,44.80277778,474.2
"2587","200703010066",2007-06-04,-124.83416667,44.66833333,336
"2588","200703010067",2007-06-05,-125.11166667,44.335,1107.1
"2589","200703010068",2007-06-05,-124.93694444,44.40527778,553.4
"2590","200703010069",2007-06-05,-124.88333333,44.44444444,380.8
"2591","200703010070",2007-06-05,-124.84638889,44.45222222,368.8
"2592","200703010072",2007-06-05,-124.77972222,44.31666667,148.6
"2593","200703010073",2007-06-06,-124.825,44.27888889,147.9
"2594","200703010074",2007-06-06,-124.73333333,44.07694444,120.6
"2595","200703010075",2007-06-06,-124.57027778,44.01277778,141
"2596","200703010077",2007-06-06,-124.27888889,44.09694444,79
"2597","200703010078",2007-06-07,-125.00694444,42.70361111,1237.6
"2598","200703010079",2007-06-07,-124.83972222,42.62861111,808.6
"2599","200703010080",2007-06-07,-124.83972222,42.85361111,304.8
"2600","200703010081",2007-06-07,-124.79416667,42.91583333,194.9
"2601","200703010083",2007-06-08,-124.92416667,42.9525,433.4
"2602","200703010084",2007-06-08,-124.8575,43.01805556,265.3
"2603","200703010085",2007-06-08,-124.62305556,43.01916667,119.1
"2604","200703010086",2007-06-08,-124.69194444,43.15194444,178.1
"2605","200703010087",2007-06-09,-124.41666667,43.57361111,118.4
"2606","200703010088",2007-06-09,-124.54472222,43.74472222,181.1
"2607","200703010089",2007-06-10,-124.93194444,43.19166667,723.3
"2608","200703010090",2007-06-10,-124.59361111,43.305,119.1
"2609","200703010091",2007-06-14,-124.76361111,42.69027778,475.6
"2610","200703010092",2007-06-14,-124.63388889,42.66444444,118.3
"2611","200703010095",2007-06-14,-124.88083333,42.30611111,802.2
"2612","200703010096",2007-06-15,-124.71222222,42.165,562.1
"2613","200703010097",2007-06-15,-124.61666667,42.13388889,316.3
"2614","200703010098",2007-06-15,-124.4825,42.10138889,113.1
"2615","200703010099",2007-06-15,-124.44444444,42.05666667,96.8
"2616","200703010101",2007-06-19,-124.62527778,41.53694444,854.2
"2617","200703010102",2007-06-19,-124.60416667,41.36944444,1074
"2618","200703010103",2007-06-19,-124.42277778,41.40722222,129.5
"2619","200703010104",2007-06-19,-124.35555556,41.48555556,88.7
"2620","200703010105",2007-06-20,-124.22416667,41.32583333,71.2
"2621","200703010106",2007-06-20,-124.35833333,41.13777778,190.8
"2622","200703010107",2007-06-20,-124.36916667,41.07527778,205.4
"2623","200703010108",2007-06-20,-124.45805556,40.99583333,455.7
"2624","200703010109",2007-06-20,-124.69416667,41.05916667,935.5
"2625","200703010110",2007-06-20,-124.67388889,40.87583333,680.4
"2626","200703010111",2007-06-21,-124.67111111,40.56722222,290.1
"2627","200703010114",2007-06-22,-124.34444444,40.11416667,421.8
"2628","200703010115",2007-06-22,-124.10972222,39.98333333,64
"2629","200703010116",2007-06-22,-124.30027778,39.94694444,901.8
"2630","200703010118",2007-06-23,-124.03361111,39.01333333,619.4
"2631","200703010119",2007-06-23,-123.62361111,38.75111111,87
"2632","200703010120",2007-06-24,-123.14888889,38.20416667,90.6
"2633","200703010121",2007-06-24,-123.15666667,38.10805556,85.5
"2634","200703010122",2007-06-24,-123.13194444,38.04388889,80.5
"2635","200703010123",2007-06-25,-122.975,37.96638889,59.7
"2636","200703010124",2007-06-25,-123.07138889,37.84111111,86.9
"2637","200703010125",2007-06-29,-122.70055556,37.35138889,93.8
"2638","200703010126",2007-06-29,-122.60666667,36.93277778,960.1
"2639","200703010127",2007-06-29,-122.37333333,36.91666667,483.4
"2640","200703010128",2007-06-29,-122.22388889,36.71833333,1087.2
"2641","200703010129",2007-06-30,-122.12777778,36.38111111,728.2
"2642","200703010130",2007-06-30,-121.97777778,36.31694444,88.3
"2643","200703010131",2007-06-30,-121.755,35.81833333,982.3
"2644","200703010132",2007-06-30,-121.63027778,35.63722222,794.7
"2645","200703010133",2007-07-01,-121.2575,35.55583333,205.5
"2646","200703010134",2007-07-01,-121.13583333,35.42444444,284.3
"2647","200703010135",2007-07-08,-121.63583333,35.31194444,933.8
"2648","200703010137",2007-07-08,-121.6275,35.245,824.9
"2649","200703010138",2007-07-08,-121.25861111,35.11055556,601.8
"2650","200703010139",2007-07-08,-121.15472222,34.88944444,566.7
"2651","200703010140",2007-07-09,-120.80638889,34.93555556,113.5
"2652","200703010141",2007-07-09,-120.86194444,34.90777778,183.2
"2653","200703010142",2007-07-09,-120.93833333,34.77611111,281.6
"2654","200703010143",2007-07-09,-121.07666667,34.77638889,503
"2655","200703010144",2007-07-09,-121.23166667,34.74666667,506.6
"2656","200703010145",2007-07-10,-120.8825,34.73305556,200.7
"2657","200703010146",2007-07-10,-121.00444444,34.71888889,463.4
"2658","200703010147",2007-07-10,-121.08916667,34.55694444,873.1
"2659","200703010148",2007-07-10,-120.98194444,34.24166667,980
"2660","200703010149",2007-07-10,-120.64916667,34.4325,300.9
"2661","200703010150",2007-07-11,-120.47666667,34.43222222,69.8
"2662","200703010151",2007-07-11,-120.53916667,34.44277778,86.3
"2663","200703010152",2007-07-11,-120.59277778,34.33027778,443.8
"2664","200703010153",2007-07-11,-120.38722222,34.34805556,284.8
"2665","200703010154",2007-07-11,-120.30416667,34.34888889,322.3
"2666","200703010155",2007-07-11,-120.275,34.23833333,488
"2667","200703010157",2007-07-12,-119.9575,33.72888889,129.2
"2668","200703010158",2007-07-12,-119.8,33.71277778,394.9
"2669","200703010160",2007-07-12,-119.78972222,34.23083333,313.8
"2670","200703010161",2007-07-12,-119.78388889,34.24611111,263.9
"2671","200703010162",2007-07-13,-119.57416667,34.26916667,86.5
"2672","200703010163",2007-07-13,-119.68138889,34.31611111,84.8
"2673","200703010164",2007-07-13,-118.96,34.0075,93.5
"2674","200703010165",2007-07-13,-118.92472222,34.005,93.1
"2675","200703010166",2007-07-14,-118.83944444,33.99861111,68.1
"2676","200703010167",2007-07-14,-118.63472222,33.95888889,207.9
"2677","200703010168",2007-07-14,-118.51972222,33.83944444,121.6
"2678","200703010170",2007-07-14,-118.32833333,33.66222222,546.1
"2679","200703010171",2007-07-14,-118.16888889,33.51638889,343.8
"2680","200703010172",2007-07-14,-118.04611111,33.505,454.2
"2681","200703010173",2007-07-14,-117.98,33.52888889,373.7
"2682","200703010174",2007-07-15,-118.81944444,33.09444444,1142.4
"2683","200703010175",2007-07-15,-118.39361111,33.2975,89.5
"2684","200703010176",2007-07-15,-118.64222222,33.52972222,435.6
"2685","200703010178",2007-07-17,-117.61722222,32.92472222,933
"2686","200703010180",2007-07-17,-117.34,32.83083333,81.1
"2687","200703010181",2007-07-18,-118.18611111,32.74055556,1079.7
"2688","200703010182",2007-07-18,-117.74583333,32.71666667,445.9
"2689","200703010183",2007-07-18,-117.42666667,32.62638889,151.3
"2690","200703010184",2007-07-18,-117.48111111,32.6675,497.7
"2691","200703010185",2007-07-19,-117.31888889,32.71055556,82.5
"2692","200703010186",2007-07-19,-117.40583333,32.715,451.6
"2693","200703010187",2007-07-19,-117.31833333,32.58166667,121.2
"2694","200703017002",2007-05-19,-124.46611111,45.50444444,266.6
"2695","200703017003",2007-05-19,-124.63611111,45.53444444,431.9
"2696","200703017005",2007-05-20,-124.88083333,45.93138889,710.5
"2697","200703017006",2007-05-20,-124.82472222,45.9675,580.5
"2698","200703017007",2007-05-20,-124.95138889,46.16694444,945.1
"2699","200703017008",2007-05-20,-124.94833333,46.19611111,924.5
"2700","200703017010",2007-05-21,-124.84694444,46.28444444,806.8
"2701","200703017011",2007-05-21,-124.96222222,46.34555556,1196.5
"2702","200703017012",2007-05-21,-124.63055556,46.46027778,904.3
"2703","200703017013",2007-05-21,-124.54083333,46.56638889,219
"2704","200703017014",2007-05-21,-124.61361111,46.59888889,175.9
"2705","200703017015",2007-05-22,-124.6575,46.63083333,166.3
"2706","200703017016",2007-05-22,-124.95361111,46.74694444,673
"2707","200703017017",2007-05-22,-125.09638889,46.80722222,619.5
"2708","200703017018",2007-05-22,-125.24333333,46.78861111,1185.4
"2709","200703017019",2007-05-23,-125.43472222,47.5175,1169.6
"2710","200703017020",2007-05-23,-125.44666667,47.56527778,964.1
"2711","200703017022",2007-05-23,-125.07861111,47.69472222,178.9
"2712","200703017023",2007-05-23,-124.93277778,47.72027778,113.2
"2713","200703017024",2007-05-23,-124.86111111,47.75055556,95.7
"2714","200703017025",2007-05-23,-125.02805556,47.91777778,117.4
"2715","200703017026",2007-05-24,-125.79805556,48.20555556,550.3
"2716","200703017027",2007-05-24,-125.56027778,48.07583333,162.6
"2717","200703017030",2007-05-24,-125.35416667,48.09916667,136.6
"2718","200703017031",2007-05-24,-125.02083333,48.09416667,333.5
"2719","200703017032",2007-05-24,-125.18083333,48.00611111,150.1
"2720","200703017033",2007-05-24,-125.30111111,47.86194444,483.8
"2721","200703017034",2007-05-25,-124.67777778,47.66277778,58.1
"2722","200703017036",2007-05-25,-124.61916667,47.39666667,73.3
"2723","200703017038",2007-05-25,-124.68694444,47.19888889,100
"2724","200703017039",2007-05-25,-124.79583333,47.04861111,132.4
"2725","200703017040",2007-05-26,-124.90055556,46.9625,171.2
"2726","200703017041",2007-05-26,-124.7675,46.87138889,144.2
"2727","200703017042",2007-05-26,-124.83444444,46.79527778,174.2
"2728","200703017043",2007-05-26,-124.54694444,46.71888889,108.7
"2729","200703017044",2007-05-26,-124.33805556,46.4175,74.6
"2730","200703017045",2007-05-26,-124.52027778,46.36444444,132.5
"2731","200703017046",2007-05-27,-124.13166667,46.02777778,82
"2732","200703017048",2007-05-27,-124.17472222,45.8325,96.6
"2733","200703017050",2007-05-27,-124.21083333,45.83861111,112.7
"2734","200703017051",2007-05-27,-124.34722222,45.76527778,143.9
"2735","200703017052",2007-05-28,-124.40333333,46.30694444,137.6
"2736","200703017053",2007-05-28,-124.27888889,46.19805556,91
"2737","200703017054",2007-06-01,-124.10583333,45.65055556,79.4
"2738","200703017055",2007-06-01,-124.03222222,45.6175,55.5
"2739","200703017056",2007-06-01,-124.28055556,45.68527778,135
"2740","200703017057",2007-06-01,-124.3275,45.58472222,150.8
"2741","200703017058",2007-06-01,-124.41861111,45.62027778,180.4
"2742","200703017060",2007-06-02,-124.68083333,45.58527778,418.6
"2743","200703017061",2007-06-02,-124.32833333,45.30166667,201.3
"2744","200703017062",2007-06-02,-124.33472222,45.22805556,230.6
"2745","200703017063",2007-06-02,-124.43222222,45.27305556,387.7
"2746","200703017064",2007-06-02,-124.61472222,45.17388889,355
"2747","200703017065",2007-06-02,-124.4475,45.16805556,371
"2748","200703017066",2007-06-03,-124.12888889,45.01805556,83.7
"2749","200703017067",2007-06-03,-124.22361111,45.02944444,134.1
"2750","200703017068",2007-06-03,-124.57611111,44.93972222,442.8
"2751","200703017069",2007-06-03,-124.72944444,44.81583333,413
"2752","200703017070",2007-06-03,-124.86694444,44.58777778,514.5
"2753","200703017072",2007-06-05,-124.53416667,44.53222222,112.9
"2754","200703017073",2007-06-05,-124.56944444,44.6175,150.7
"2755","200703017074",2007-06-05,-125.04944444,44.58666667,1234.9
"2756","200703017075",2007-06-05,-125.11277778,44.40694444,1228
"2757","200703017076",2007-06-06,-124.74083333,44.38083333,134.6
"2758","200703017077",2007-06-06,-124.88583333,44.28194444,191.4
"2759","200703017078",2007-06-06,-124.93666667,44.28361111,496.9
"2760","200703017079",2007-06-06,-125.05694444,44.34388889,878.5
"2761","200703017080",2007-06-06,-125.01805556,44.14083333,660.1
"2762","200703017081",2007-06-07,-124.64555556,44.06194444,120.3
"2763","200703017082",2007-06-07,-124.87638889,43.90666667,249.6
"2764","200703017083",2007-06-07,-124.58277778,43.78638889,221.1
"2765","200703017084",2007-06-07,-124.54166667,43.785,169.9
"2766","200703017085",2007-06-07,-124.48055556,43.75055556,120.2
"2767","200703017086",2007-06-07,-124.37166667,43.83305556,109.1
"2768","200703017087",2007-06-08,-124.30166667,43.64194444,95.3
"2769","200703017088",2007-06-08,-124.37388889,43.63361111,108.4
"2770","200703017089",2007-06-08,-124.54666667,43.64194444,178.9
"2771","200703017090",2007-06-08,-124.57722222,43.645,210.7
"2772","200703017091",2007-06-08,-124.88388889,43.47166667,684.3
"2773","200703017092",2007-06-09,-124.82666667,43.12416667,268.3
"2774","200703017093",2007-06-09,-124.8825,43.05055556,339.8
"2775","200703017094",2007-06-09,-124.8825,42.98944444,343.1
"2776","200703017095",2007-06-10,-124.59666667,42.99083333,98.7
"2777","200703017096",2007-06-10,-124.59583333,43.04444444,108.3
"2778","200703017097",2007-06-14,-125.02944444,42.9675,1193.6
"2779","200703017098",2007-06-15,-124.62638889,42.66972222,120
"2780","200703017099",2007-06-15,-124.93277778,42.66555556,929.2
"2781","200703017100",2007-06-15,-124.99638889,42.61222222,1186
"2782","200703017101",2007-06-15,-124.61361111,42.48722222,95.7
"2783","200703017103",2007-06-19,-124.77694444,42.06861111,635.8
"2784","200703017104",2007-06-19,-124.78166667,42.17166667,652.4
"2785","200703017105",2007-06-19,-124.88472222,41.99861111,970.8
"2786","200703017106",2007-06-19,-124.57805556,41.85638889,521.2
"2787","200703017107",2007-06-20,-124.69027778,41.80972222,728.7
"2788","200703017108",2007-06-20,-124.87861111,41.55083333,1012.9
"2789","200703017109",2007-06-20,-124.49638889,41.47166667,247.4
"2790","200703017110",2007-06-20,-124.45361111,41.30138889,297.1
"2791","200703017111",2007-06-20,-124.50305556,40.79833333,427.5
"2792","200703017113",2007-06-21,-124.49916667,40.71722222,172.9
"2793","200703017114",2007-06-21,-124.62166667,40.60166667,153.7
"2794","200703017115",2007-06-21,-124.55888889,40.46722222,88.2
"2795","200703017116",2007-06-22,-124.62194444,40.24694444,538
"2796","200703017117",2007-06-22,-124.67083333,40.25055556,617.8
"2797","200703017118",2007-06-22,-125.12388889,40.26638889,1236.7
"2798","200703017119",2007-06-22,-124.67722222,40.06805556,933.1
"2799","200703017120",2007-06-22,-124.26694444,40.10861111,144.9
"2800","200703017121",2007-06-23,-123.87944444,39.50333333,113.6
"2801","200703017122",2007-06-23,-123.94944444,39.36166667,179.5
"2802","200703017123",2007-06-23,-124.03666667,38.94472222,537.5
"2803","200703017124",2007-06-23,-123.71944444,38.86805556,69.2
"2804","200703017125",2007-06-24,-123.83694444,38.74833333,273.4
"2805","200703017126",2007-06-24,-123.64555556,38.40222222,603.3
"2806","200703017127",2007-06-24,-123.41111111,38.43722222,129.2
"2807","200703017128",2007-06-24,-123.33861111,38.34305556,120.3
"2808","200703017129",2007-06-25,-123.37277778,38.27472222,146
"2809","200703017130",2007-06-25,-123.04194444,37.8725,88.4
"2810","200703017131",2007-06-29,-122.79861111,37.53694444,82
"2811","200703017132",2007-06-29,-122.60055556,37.29916667,89.8
"2812","200703017133",2007-06-29,-122.69111111,37.23666667,108
"2813","200703017135",2007-06-29,-122.91777778,37.11805556,642.4
"2814","200703017136",2007-06-30,-122.39527778,36.965,214.5
"2815","200703017137",2007-06-30,-122.24777778,36.89444444,264
"2816","200703017138",2007-06-30,-121.925,35.81027778,1200.5
"2817","200703017139",2007-07-01,-121.95138889,35.69194444,1145.3
"2818","200703017140",2007-07-01,-121.64083333,35.56944444,895.2
"2819","200703017141",2007-07-01,-121.28555556,35.57638889,167.9
"2820","200703017142",2007-07-01,-121.20222222,35.54444444,147.3
"2821","200703017143",2007-07-08,-121.17194444,35.42833333,324.6
"2822","200703017144",2007-07-08,-121.52166667,35.255,736.6
"2823","200703017145",2007-07-08,-121.70027778,35.30222222,1027.7
"2824","200703017146",2007-07-08,-121.56611111,35.01638889,1073.4
"2825","200703017147",2007-07-09,-121.12333333,35.22083333,493.6
"2826","200703017148",2007-07-09,-121.00055556,35.21972222,250
"2827","200703017149",2007-07-09,-120.93833333,35.18416667,145.7
"2828","200703017150",2007-07-09,-121.00111111,35.15027778,334.4
"2829","200703017151",2007-07-09,-121.06722222,35.04722222,484.7
"2830","200703017152",2007-07-09,-121.12055556,35.04305556,535.3
"2831","200703017153",2007-07-09,-121.1,34.98416667,525.7
"2832","200703017154",2007-07-10,-120.91833333,35.0125,236.1
"2833","200703017155",2007-07-10,-121.26388889,34.83083333,399.3
"2834","200703017156",2007-07-10,-120.92055556,34.61916667,437.1
"2835","200703017157",2007-07-10,-120.54666667,34.38861111,248
"2836","200703017158",2007-07-11,-120.36083333,34.39444444,168.6
"2837","200703017160",2007-07-11,-120.40277778,33.92222222,430.4
"2838","200703017161",2007-07-11,-120.17944444,34.36416667,441.1
"2839","200703017162",2007-07-12,-119.71138889,34.31972222,93.9
"2840","200703017163",2007-07-12,-119.70083333,34.21638889,168.7
"2841","200703017164",2007-07-12,-119.95305556,33.82388889,112.1
"2842","200703017166",2007-07-13,-119.83472222,33.77305556,324.6
"2843","200703017167",2007-07-13,-119.89888889,33.67944444,143
"2844","200703017168",2007-07-13,-120.26305556,33.44638889,1214.8
"2845","200703017169",2007-07-13,-120.43611111,33.34916667,1021.4
"2846","200703017170",2007-07-14,-120.04416667,33.19916667,1125.1
"2847","200703017171",2007-07-14,-120.22472222,33.02861111,552.7
"2848","200703017174",2007-07-15,-119.77138889,32.81833333,1114.2
"2849","200703017176",2007-07-15,-119.65666667,32.28583333,441.1
"2850","200703017177",2007-07-16,-118.48472222,32.46138889,1108.7
"2851","200703017178",2007-07-16,-118.43666667,32.64138889,871.2
"2852","200703017179",2007-07-16,-118.5825,32.83472222,623.6
"2853","200703017180",2007-07-16,-118.69583333,32.9725,1212.1
"2854","200703017181",2007-07-16,-118.76555556,33.11583333,691
"2855","200703017182",2007-07-18,-118.16388889,33.56972222,83
"2856","200703017183",2007-07-18,-118.13138889,33.54361111,245.4
"2857","200703017184",2007-07-18,-118.10861111,33.54111111,317.6
"2858","200703017185",2007-07-18,-118.05694444,33.56888889,216.2
"2859","200703017186",2007-07-18,-117.95166667,33.36777778,491.3
"2860","200703017187",2007-07-18,-117.85333333,33.35555556,611.4
"2861","200703017188",2007-07-19,-117.48777778,33.15083333,399.1
"2862","200703017189",2007-07-19,-117.5425,33.1675,583.5
"2863","200703017190",2007-07-19,-117.82805556,33.05166667,824.6
"2864","200703018002",2007-08-18,-125.03833333,44.65527778,1097.4
"2865","200703018003",2007-08-18,-124.82166667,44.76777778,478.2
"2866","200703018004",2007-08-18,-124.81055556,44.93222222,537.2
"2867","200703018005",2007-08-18,-124.50416667,45.09388889,341.1
"2868","200703018006",2007-08-19,-124.85361111,46.20305556,766.4
"2869","200703018007",2007-08-19,-124.97777778,46.25861111,1056
"2870","200703018008",2007-08-19,-124.82111111,46.3625,1108.1
"2871","200703018009",2007-08-19,-124.7375,46.45777778,941.6
"2872","200703018010",2007-08-20,-125.22472222,46.71166667,940.5
"2873","200703018011",2007-08-20,-125.03222222,46.70527778,840
"2874","200703018012",2007-08-20,-125.13,47.22861111,837.6
"2875","200703018013",2007-08-20,-125.00555556,47.25416667,478.9
"2876","200703018014",2007-08-21,-125.81777778,48.13472222,1152.1
"2877","200703018016",2007-08-21,-125.30972222,48.22972222,128.8
"2878","200703018017",2007-08-21,-125.29611111,48.27083333,105.6
"2879","200703018018",2007-08-21,-125.10666667,48.255,122.4
"2880","200703018019",2007-08-21,-125.21,48.17611111,300.9
"2881","200703018020",2007-08-22,-125.14944444,48.04805556,147
"2882","200703018021",2007-08-22,-125.42416667,47.80277778,750.5
"2883","200703018022",2007-08-22,-125.14777778,47.80777778,467.1
"2884","200703018023",2007-08-22,-125.06555556,47.73055556,179.4
"2885","200703018024",2007-08-22,-125.15888889,47.70888889,715.9
"2886","200703018025",2007-08-22,-125.17472222,47.665,680.5
"2887","200703018026",2007-08-23,-125.08138889,47.56083333,497.5
"2888","200703018029",2007-08-23,-124.56666667,47.25694444,76.6
"2889","200703018030",2007-08-23,-124.65166667,47.13611111,95.8
"2890","200703018031",2007-08-23,-124.75722222,47.1,123.2
"2891","200703018032",2007-08-23,-124.61972222,47.03277778,95
"2892","200703018033",2007-08-24,-124.36361111,46.51583333,83.6
"2893","200703018034",2007-08-24,-124.39555556,46.58222222,90.8
"2894","200703018035",2007-08-24,-124.50027778,46.56694444,150.4
"2895","200703018036",2007-08-24,-124.59333333,46.5075,647.1
"2896","200703018037",2007-08-24,-124.49888889,46.45861111,157.9
"2897","200703018038",2007-08-24,-124.44,46.26666667,421.3
"2898","200703018039",2007-08-25,-124.31277778,45.95555556,131.2
"2899","200703018040",2007-08-25,-124.41638889,45.81305556,156.5
"2900","200703018041",2007-08-25,-124.39694444,45.77,156.5
"2901","200703018042",2007-08-25,-124.15166667,45.69861111,103.3
"2902","200703018043",2007-08-25,-124.0775,45.56388889,81.6
"2903","200703018044",2007-08-26,-124.27805556,45.63611111,144.8
"2904","200703018045",2007-08-26,-124.73666667,45.325,548.6
"2905","200703018046",2007-08-26,-124.34277778,45.10611111,243.6
"2906","200703018047",2007-08-26,-124.37888889,45.03333333,247.1
"2907","200703018048",2007-08-27,-124.47888889,44.87777778,207.4
"2908","200703018049",2007-08-27,-124.16361111,44.84194444,75.3
"2909","200703018051",2007-08-31,-124.20277778,44.69305556,63.7
"2910","200703018052",2007-08-31,-124.40527778,44.67805556,88.5
"2911","200703018053",2007-08-31,-124.66805556,44.58055556,296.6
"2912","200703018054",2007-08-31,-124.67638889,44.51194444,271.3
"2913","200703018055",2007-09-01,-124.71888889,44.37722222,122.2
"2914","200703018056",2007-09-01,-124.83472222,44.32111111,188
"2915","200703018057",2007-09-01,-124.63666667,44.18444444,112.2
"2916","200703018058",2007-09-01,-124.26222222,44.23638889,69.7
"2917","200703018059",2007-09-01,-124.22305556,44.17888889,60.5
"2918","200703018060",2007-09-02,-124.46805556,43.82611111,123.6
"2919","200703018061",2007-09-02,-124.53222222,43.84944444,155.2
"2920","200703018062",2007-09-02,-124.73916667,43.88388889,239.1
"2921","200703018063",2007-09-02,-124.775,43.81666667,400.6
"2922","200703018064",2007-09-02,-125.04111111,43.59972222,971.6
"2923","200703018065",2007-09-03,-124.8575,43.28333333,397.2
"2924","200703018066",2007-09-03,-124.71055556,43.25694444,207.5
"2925","200703018067",2007-09-03,-124.60305556,43.03111111,107.7
"2926","200703018068",2007-09-03,-124.88722222,42.74833333,524.7
"2927","200703018069",2007-09-04,-124.68083333,42.79833333,114.7
"2928","200703018070",2007-09-04,-124.58361111,42.63083333,103.9
"2929","200703018071",2007-09-04,-124.76,42.33027778,628.4
"2930","200703018072",2007-09-04,-124.77888889,42.10861111,684.1
"2931","200703018073",2007-09-04,-124.73,42.1275,613.1
"2932","200703018074",2007-09-05,-124.65444444,42.19083333,426.2
"2933","200703018075",2007-09-05,-124.55305556,42.25361111,151.7
"2934","200703018076",2007-09-09,-124.50138889,42.06444444,118.2
"2935","200703018077",2007-09-09,-124.48722222,42.00555556,108.7
"2936","200703018078",2007-09-09,-124.605,41.98472222,343.1
"2937","200703018079",2007-09-09,-124.47638889,41.88888889,122.3
"2938","200703018080",2007-09-10,-124.51638889,41.6025,419.7
"2939","200703018081",2007-09-10,-124.41305556,41.53055556,113.3
"2940","200703018082",2007-09-10,-124.73527778,41.47722222,993.6
"2941","200703018083",2007-09-10,-124.83138889,41.25111111,1164.4
"2942","200703018084",2007-09-11,-124.6825,41.18166667,1210.1
"2943","200703018085",2007-09-11,-124.42,41.29388889,190.1
"2944","200703018086",2007-09-14,-124.44722222,40.78194444,146.1
"2945","200703018087",2007-09-14,-124.37694444,41.02722222,214
"2946","200703018088",2007-09-14,-124.67361111,40.95388889,695.1
"2947","200703018089",2007-09-14,-124.55166667,40.54027778,104
"2948","200703018090",2007-09-15,-124.48611111,40.55333333,83
"2949","200703018091",2007-09-15,-124.58638889,40.51083333,113.8
"2950","200703018092",2007-09-15,-125.10472222,40.20972222,1214
"2951","200703018093",2007-09-15,-124.93055556,40.10611111,1127
"2952","200703018095",2007-09-16,-124.59722222,39.98083333,1034.2
"2953","200703018098",2007-09-17,-124.00916667,39.31055556,468.1
"2954","200703018099",2007-09-17,-123.99055556,39.20472222,374.4
"2955","200703018100",2007-09-17,-124.15972222,39.135,901.6
"2956","200703018102",2007-09-18,-123.73722222,38.65055556,247.9
"2957","200703018103",2007-09-18,-123.59111111,38.32611111,482.6
"2958","200703018104",2007-09-18,-123.51555556,38.31416667,272.3
"2959","200703018105",2007-09-18,-123.36861111,38.4625,114.9
"2960","200703018106",2007-09-18,-123.29416667,38.39916667,103.7
"2961","200703018107",2007-09-19,-123.14305556,38.29083333,86.6
"2962","200703018108",2007-09-19,-123.14972222,38.26527778,89.3
"2963","200703018109",2007-09-20,-123.03694444,38.17388889,72.7
"2964","200703018110",2007-09-20,-123.10111111,38.07555556,73.9
"2965","200703018111",2007-09-20,-123.27472222,38.16527778,122
"2966","200703018112",2007-09-20,-123.30638889,37.98472222,117
"2967","200703018114",2007-09-20,-123.29777778,37.85555556,112
"2968","200703018115",2007-09-20,-123.35861111,37.87805556,120.4
"2969","200703018116",2007-09-21,-123.55916667,38.19583333,658.2
"2970","200703018117",2007-09-21,-123.18305556,37.85416667,98.2
"2971","200703018118",2007-09-21,-122.98361111,37.86,81.7
"2972","200703018119",2007-09-21,-122.96833333,37.78166667,70.3
"2973","200703018120",2007-09-22,-122.53166667,37.36277778,63.9
"2974","200703018121",2007-09-22,-122.74277778,37.56777778,65.1
"2975","200703018122",2007-09-26,-122.49527778,36.93555556,573
"2976","200703018123",2007-09-26,-122.34972222,37.00861111,102.7
"2977","200703018124",2007-09-26,-122.32416667,36.94611111,133.1
"2978","200703018125",2007-09-26,-122.13972222,36.82444444,129.3
"2979","200703018126",2007-09-26,-122.06861111,36.32055556,174.9
"2980","200703018127",2007-09-27,-122.35916667,36.37027778,1172.1
"2981","200703018128",2007-09-27,-122.19583333,36.26694444,913.3
"2982","200703018129",2007-09-27,-122.12,36.24916667,703.2
"2983","200703018130",2007-09-27,-122.07083333,36.21888889,749.9
"2984","200703018131",2007-09-28,-121.84305556,36.05638889,994
"2985","200703018132",2007-09-28,-121.66138889,35.90583333,750.2
"2986","200703018133",2007-09-28,-121.59527778,35.93361111,486.9
"2987","200703018134",2007-09-28,-121.52944444,35.9725,101.7
"2988","200703018135",2007-09-28,-121.5275,35.87055556,321.8
"2989","200703018136",2007-09-29,-121.93583333,35.76555556,1129.5
"2990","200703018138",2007-09-29,-121.58111111,35.68777778,701.8
"2991","200703018139",2007-09-29,-121.36611111,35.66472222,105.6
"2992","200703018140",2007-09-29,-121.11916667,35.45416667,242.9
"2993","200703018141",2007-09-30,-121.61444444,35.32583333,934.5
"2994","200703018142",2007-09-30,-121.67555556,35.25555556,983.5
"2995","200703018143",2007-09-30,-121.65138889,35.245,1022.6
"2996","200703018145",2007-09-30,-121.32361111,35.14027778,640.9
"2997","200703018146",2007-10-01,-121.43555556,34.66472222,923.8
"2998","200703018147",2007-10-01,-121.1975,34.66083333,652.7
"2999","200703018148",2007-10-01,-121.19138889,34.675,614.4
"3000","200703018149",2007-10-01,-121.21916667,34.72027778,572.5
"3001","200703018150",2007-10-01,-121.11111111,34.81027778,550.3
"3002","200703018151",2007-10-01,-120.97055556,34.95388889,376.8
"3003","200703018152",2007-10-02,-120.98972222,35.11361111,350.2
"3004","200703018153",2007-10-02,-121.03361111,35.08333333,430.3
"3005","200703018154",2007-10-03,-121.01027778,35.28166667,191
"3006","200703018155",2007-10-03,-120.945,35.24611111,94.3
"3007","200703018156",2007-10-07,-120.75722222,34.83527778,81.2
"3008","200703018157",2007-10-07,-120.73777778,34.7225,67.7
"3009","200703018158",2007-10-07,-120.94,34.39972222,981.6
"3010","200703018159",2007-10-07,-120.94111111,34.14388889,971.4
"3011","200703018160",2007-10-08,-120.24194444,34.42972222,90.3
"3012","200703018161",2007-10-08,-120.1,34.42972222,75.7
"3013","200703018162",2007-10-08,-119.71,34.29111111,182.7
"3014","200703018163",2007-10-08,-119.65833333,34.24944444,176.2
"3015","200703018164",2007-10-08,-119.63777778,34.19361111,205.1
"3016","200703018165",2007-10-08,-119.57555556,34.18861111,203.9
"3017","200703018166",2007-10-09,-119.9625,33.77888889,196.4
"3018","200703018167",2007-10-09,-119.85166667,33.72277778,200.7
"3019","200703018168",2007-10-09,-119.875,33.67972222,147.4
"3020","200703018169",2007-10-09,-119.92611111,33.69722222,141.9
"3021","200703018170",2007-10-11,-118.68666667,33.0875,446.2
"3022","200703018171",2007-10-11,-118.22277778,33.26305556,233.8
"3023","200703018172",2007-10-11,-118.2525,33.20583333,1103.3
"3024","200703018173",2007-10-11,-118.4875,33.31861111,95
"3025","200703018176",2007-10-12,-118.61888889,33.52666667,438.3
"3026","200703018177",2007-10-12,-118.23833333,33.59111111,74.9
"3027","200703018178",2007-10-13,-118.0575,33.51777778,418.3
"3028","200703018179",2007-10-13,-117.52222222,33.24388889,91.9
"3029","200703018180",2007-10-13,-117.395,33.15333333,75.9
"3030","200703018181",2007-10-13,-117.39666667,33.0225,465.1
"3031","200703018182",2007-10-14,-117.73611111,32.89361111,1029.4
"3032","200703018184",2007-10-14,-117.83611111,32.73611111,531
"3033","200703018185",2007-10-14,-117.86361111,32.715,623.4
"3034","200703018188",2007-10-15,-118.02055556,32.28583333,971.5
"3035","200703018192",2007-10-16,-117.37305556,33.01833333,395.1
"3036","200703018193",2007-10-16,-117.36777778,32.8725,346.8
"3037","200803008001",2008-08-23,-124.94194444,45.32361111,1116.7
"3038","200803008002",2008-08-23,-124.86472222,45.19833333,803.6
"3039","200803008004",2008-08-23,-124.47388889,45.12694444,370.5
"3040","200803008006",2008-08-24,-124.31722222,45.24916667,205.3
"3041","200803008007",2008-08-24,-124.14833333,45.21972222,116.9
"3042","200803008008",2008-08-24,-124.08111111,45.355,84.8
"3043","200803008009",2008-08-24,-124.60111111,45.46388889,474
"3044","200803008010",2008-08-24,-124.57194444,45.56722222,439
"3045","200803008011",2008-08-25,-124.455,46.06805556,138.8
"3046","200803008012",2008-08-25,-124.47166667,46.35694444,133.6
"3047","200803008013",2008-08-25,-124.76305556,46.54916667,756.8
"3048","200803008014",2008-08-25,-124.71444444,46.57833333,934.1
"3049","200803008015",2008-08-25,-124.43833333,46.62805556,102.4
"3050","200803008016",2008-08-26,-124.56666667,46.72666667,123.6
"3051","200803008017",2008-08-26,-124.71555556,46.86194444,141
"3052","200803008018",2008-08-26,-124.78111111,47.14027778,129.6
"3053","200803008019",2008-08-26,-124.61666667,47.32361111,85.5
"3054","200803008020",2008-08-26,-124.68333333,47.36361111,106.9
"3055","200803008021",2008-08-26,-124.70972222,47.41972222,108.7
"3056","200803008022",2008-08-27,-125.03305556,47.89138889,126.7
"3057","200803008023",2008-08-27,-124.82444444,47.9325,65.8
"3058","200803008024",2008-08-27,-124.92083333,48.1625,90.4
"3059","200803008025",2008-08-27,-125.17333333,48.36,185.3
"3060","200803008026",2008-08-27,-125.21333333,48.36055556,183.9
"3061","200803008027",2008-08-28,-125.91388889,48.15361111,871.1
"3062","200803008028",2008-08-28,-125.85777778,48.06388889,796.2
"3063","200803008029",2008-08-28,-125.58638889,47.97527778,243.5
"3064","200803008030",2008-08-28,-125.37666667,48.02888889,483.4
"3065","200803008031",2008-08-28,-125.47138889,47.69194444,1088.3
"3066","200803008032",2008-08-29,-125.08083333,47.83138889,168.2
"3067","200803008033",2008-08-29,-125.00277778,47.62916667,176.2
"3068","200803008034",2008-08-29,-125.09861111,47.58583333,432.9
"3069","200803008035",2008-08-29,-125.00194444,47.51027778,339.9
"3070","200803008036",2008-08-30,-124.84388889,47.295,191.3
"3071","200803008037",2008-08-30,-124.99055556,47.26333333,437.2
"3072","200803008038",2008-08-30,-125.15222222,46.73027778,934.5
"3073","200803008039",2008-08-31,-124.95388889,46.55333333,1051.9
"3074","200803008041",2008-08-31,-124.91027778,46.17222222,979.3
"3075","200803008042",2008-08-31,-124.99333333,46.12055556,1146.4
"3076","200803008043",2008-09-01,-124.26444444,44.96805556,149.6
"3077","200803008044",2008-09-01,-124.30555556,44.80638889,124
"3078","200803008045",2008-09-05,-124.27333333,44.6,77.9
"3079","200803008046",2008-09-05,-124.73027778,44.53805556,368.6
"3080","200803008047",2008-09-05,-124.77611111,44.4375,267.7
"3081","200803008048",2008-09-05,-124.84222222,44.31333333,225.9
"3082","200803008049",2008-09-05,-124.62305556,44.23027778,106.8
"3083","200803008050",2008-09-05,-124.59583333,44.17583333,111.4
"3084","200803008051",2008-09-06,-124.34777778,44.35138889,80.1
"3085","200803008052",2008-09-06,-124.20333333,44.53194444,61.2
"3086","200803008053",2008-09-10,-124.33083333,44.83305556,137.8
"3087","200803008054",2008-09-10,-124.67916667,44.99361111,437.2
"3088","200803008055",2008-09-10,-124.75583333,44.9,329.7
"3089","200803008057",2008-09-10,-124.5825,44.57138889,149.9
"3090","200803008058",2008-09-11,-124.43861111,44.02777778,125.6
"3091","200803008059",2008-09-11,-124.70138889,43.95222222,157.3
"3092","200803008060",2008-09-11,-124.8575,43.88888889,289.8
"3093","200803008061",2008-09-11,-125.01722222,43.84194444,1176.3
"3094","200803008062",2008-09-11,-124.89472222,43.72111111,918.3
"3095","200803008063",2008-09-12,-124.32972222,43.80333333,109
"3096","200803008064",2008-09-12,-124.46611111,43.75138889,131
"3097","200803008065",2008-09-12,-124.57361111,43.61444444,215.8
"3098","200803008066",2008-09-12,-124.78527778,43.325,582.9
"3099","200803008067",2008-09-12,-124.88166667,43.25805556,451.3
"3100","200803008068",2008-09-12,-124.88805556,43.21833333,424.7
"3101","200803008069",2008-09-13,-124.98194444,43.16555556,1012
"3102","200803008070",2008-09-13,-124.92694444,43.1825,722.4
"3103","200803008071",2008-09-13,-124.85861111,43.05555556,204.1
"3104","200803008072",2008-09-13,-124.93194444,42.88138889,581.7
"3105","200803008073",2008-09-13,-124.80833333,42.86638889,289.8
"3106","200803008074",2008-09-13,-124.85888889,42.79138889,343.2
"3107","200803008077",2008-09-14,-124.70166667,42.77361111,163.9
"3108","200803008078",2008-09-14,-124.49555556,43.05777778,60.8
"3109","200803008079",2008-09-18,-124.9675,42.64416667,1129.2
"3110","200803008080",2008-09-18,-124.78722222,42.63777778,724.9
"3111","200803008081",2008-09-18,-124.51333333,42.38277778,74.7
"3112","200803008082",2008-09-18,-124.47888889,42.32944444,66.4
"3113","200803008083",2008-09-19,-124.67138889,42.22111111,452.5
"3114","200803008084",2008-09-19,-124.81861111,42.12333333,703
"3115","200803008085",2008-09-19,-124.54833333,41.86027778,411.5
"3116","200803008086",2008-09-19,-124.54361111,41.725,492.3
"3117","200803008087",2008-09-19,-124.49555556,41.73416667,327.3
"3118","200803008088",2008-09-20,-124.8225,41.22583333,1147.3
"3119","200803008089",2008-09-20,-124.82666667,41.22972222,1184.1
"3120","200803008090",2008-09-20,-124.70666667,41.24333333,1163
"3121","200803008091",2008-09-20,-124.50138889,41.15222222,812.3
"3122","200803008092",2008-09-20,-124.42055556,41.12444444,529
"3123","200803008093",2008-09-21,-124.43694444,40.77305556,107.3
"3124","200803008094",2008-09-21,-124.53083333,40.71916667,398.8
"3125","200803008096",2008-09-21,-124.39416667,40.15111111,416.6
"3126","200803008097",2008-09-21,-124.58083333,40.05472222,909.7
"3127","200803008098",2008-09-22,-123.93555556,39.5675,159
"3128","200803008099",2008-09-22,-123.85638889,39.53777778,101.1
"3129","200803008100",2008-09-23,-123.91444444,39.4325,130.7
"3130","200803008101",2008-09-23,-123.97916667,39.12305556,354.8
"3131","200803008102",2008-09-23,-123.95388889,39.11138889,206.8
"3132","200803008103",2008-09-23,-123.93222222,39.11638889,147.2
"3133","200803008104",2008-09-24,-123.79555556,39.01333333,84.6
"3134","200803008105",2008-09-24,-123.80388889,38.97444444,91.5
"3135","200803008106",2008-09-24,-124.07361111,38.98638889,804.6
"3136","200803008107",2008-09-24,-123.77861111,38.77777778,136.2
"3137","200803008108",2008-09-25,-123.6725,38.51777778,511.8
"3138","200803008109",2008-09-25,-123.53,38.44888889,178.8
"3139","200803008110",2008-09-25,-123.40138889,38.49361111,116.6
"3140","200803008111",2008-09-25,-123.34,38.37305556,118.2
"3141","200803008112",2008-09-25,-123.18277778,38.33027778,90.6
"3142","200803008113",2008-09-26,-123.04972222,38.16972222,74.9
"3143","200803008114",2008-09-26,-123.05611111,38.13722222,74.2
"3144","200803008115",2008-09-26,-123.55472222,38.17527778,644.1
"3145","200803008116",2008-09-26,-123.45833333,38.25777778,284.1
"3146","200803008117",2008-09-27,-123.22305556,38.04333333,112.4
"3147","200803008118",2008-09-27,-123.09805556,37.93444444,89.4
"3148","200803008119",2008-10-01,-123.17722222,37.35166667,1040.5
"3149","200803008120",2008-10-01,-122.87444444,37.3325,216.6
"3150","200803008121",2008-10-01,-122.77583333,37.23333333,175.4
"3151","200803008122",2008-10-01,-122.83444444,37.11361111,534.1
"3152","200803008123",2008-10-01,-122.55861111,37.1775,97.6
"3153","200803008124",2008-10-02,-122.47111111,37.05777778,110.5
"3154","200803008125",2008-10-02,-121.87194444,36.765,84.8
"3155","200803008127",2008-10-02,-122.00861111,36.5775,331
"3156","200803008128",2008-10-03,-122.12944444,36.50361111,1021
"3157","200803008129",2008-10-03,-122.32111111,36.35444444,914.7
"3158","200803008130",2008-10-03,-122.05888889,36.3425,255.8
"3159","200803008131",2008-10-03,-121.96666667,36.43888889,120.7
"3160","200803008132",2008-10-03,-121.98027778,36.31361111,90.9
"3161","200803008133",2008-10-04,-122.01944444,36.29416667,109.5
"3162","200803008134",2008-10-04,-121.90833333,36.19111111,640.1
"3163","200803008135",2008-10-04,-121.80138889,36.15194444,595.8
"3164","200803008136",2008-10-04,-121.87416667,35.92083333,1168.5
"3165","200803008137",2008-10-05,-121.54083333,35.89666667,339.4
"3166","200803008138",2008-10-05,-121.53444444,35.83277778,430
"3167","200803008139",2008-10-05,-121.41916667,35.66944444,355
"3168","200803008140",2008-10-05,-121.31333333,35.48861111,490.9
"3169","200803008141",2008-10-05,-121.39472222,35.18277778,691.5
"3170","200803008142",2008-10-06,-121.51944444,35.06944444,545.9
"3171","200803008143",2008-10-06,-121.35277778,35.02527778,498
"3172","200803008144",2008-10-06,-121.17972222,34.82333333,557
"3173","200803008145",2008-10-06,-121.36388889,34.62222222,932.3
"3174","200803008146",2008-10-06,-121.37416667,34.61638889,1003.9
"3175","200803008147",2008-10-07,-121.06861111,35.08972222,497.6
"3176","200803008148",2008-10-07,-120.99416667,35.3725,104.2
"3177","200803008149",2008-10-12,-120.47944444,34.25916667,478.2
"3178","200803008150",2008-10-12,-120.44222222,34.25472222,456.6
"3179","200803008152",2008-10-12,-120.28861111,34.36416667,298
"3180","200803008153",2008-10-13,-120.06111111,34.41055556,83.4
"3181","200803008155",2008-10-13,-120.11277778,34.15833333,504.7
"3182","200803008156",2008-10-14,-119.86138889,34.18944444,479.6
"3183","200803008157",2008-10-14,-119.79777778,34.225,354.9
"3184","200803008158",2008-10-14,-119.75194444,34.33888889,84.9
"3185","200803008159",2008-10-15,-119.46111111,34.03944444,86.9
"3186","200803008160",2008-10-15,-119.2075,33.95555556,732.2
"3187","200803008163",2008-10-15,-118.62694444,33.87166667,169.5
"3188","200803008164",2008-10-15,-118.44138889,33.84444444,80
"3189","200803008166",2008-10-16,-118.51083333,33.49694444,281.6
"3190","200803008168",2008-10-16,-118.48027778,33.31138889,118.9
"3191","200803008170",2008-10-17,-119.66805556,32.33527778,428.4
"3192","200803008172",2008-10-17,-119.65916667,32.34972222,421.1
"3193","200803008173",2008-10-18,-120.08277778,33.16361111,1101.1
"3194","200803008174",2008-10-18,-120.40666667,33.25083333,1040.8
"3195","200803008177",2008-10-19,-119.81444444,33.59138889,442.4
"3196","200803008178",2008-10-19,-119.92083333,33.88138889,105.8
"3197","200803008179",2008-10-19,-120.00944444,33.86777778,77
"3198","200803008180",2008-10-19,-120.30055556,33.88555556,410.8
"3199","200803008181",2008-10-19,-120.35527778,33.92277778,315.3
"3200","200803008182",2008-10-20,-120.45277778,33.99527778,112.9
"3201","200803008183",2008-10-20,-120.49722222,33.96027778,407.8
"3202","200803008184",2008-10-20,-120.62111111,34.15527778,156.2
"3203","200803008185",2008-10-20,-120.535,34.29333333,463
"3204","200803008186",2008-10-21,-120.69972222,34.58916667,58.6
"3205","200803008187",2008-10-21,-120.78,34.72,92.9
"3206","200803010002",2008-05-17,-124.78333333,45.55222222,631
"3207","200803010003",2008-05-17,-124.31111111,45.7,146
"3208","200803010004",2008-05-17,-124.34027778,45.76638889,147
"3209","200803010005",2008-05-17,-124.66222222,45.895,201.8
"3210","200803010006",2008-05-18,-124.72972222,46.19138889,1010
"3211","200803010007",2008-05-18,-124.85,46.26861111,764.7
"3212","200803010009",2008-05-18,-125.22361111,46.75722222,968.8
"3213","200803010010",2008-05-19,-124.89805556,47.16805556,156.4
"3214","200803010011",2008-05-19,-124.79861111,47.22805556,139
"3215","200803010012",2008-05-19,-125.08055556,47.49944444,818.7
"3216","200803010013",2008-05-19,-125.18472222,47.53305556,562.4
"3217","200803010016",2008-05-20,-125.48611111,48.23527778,139.6
"3218","200803010017",2008-05-20,-125.21722222,48.29972222,189.4
"3219","200803010018",2008-05-20,-125.095,48.39555556,110.3
"3220","200803010019",2008-05-20,-125.03472222,48.30722222,195.6
"3221","200803010020",2008-05-21,-125.065,48.00527778,122.1
"3222","200803010021",2008-05-21,-125.03111111,47.93305556,119.9
"3223","200803010022",2008-05-21,-124.85777778,47.87472222,81.1
"3224","200803010023",2008-05-21,-124.78138889,47.76916667,74
"3225","200803010024",2008-05-21,-124.77194444,47.69666667,76.4
"3226","200803010025",2008-05-23,-124.67861111,47.02444444,102.1
"3227","200803010026",2008-05-23,-124.78666667,47.02611111,134.5
"3228","200803010027",2008-05-23,-124.82472222,46.83583333,160.7
"3229","200803010028",2008-05-23,-124.72777778,46.83638889,138.3
"3230","200803010029",2008-05-24,-124.55555556,46.75416667,108.5
"3231","200803010030",2008-05-24,-124.71888889,46.67083333,170.8
"3232","200803010031",2008-05-24,-124.51194444,46.46583333,179.7
"3233","200803010032",2008-05-24,-124.62333333,46.4425,992
"3234","200803010033",2008-05-24,-124.38305556,46.03638889,129.3
"3235","200803010034",2008-05-25,-124.56583333,45.90166667,160.9
"3236","200803010035",2008-05-25,-124.51222222,45.93972222,152.1
"3237","200803010036",2008-05-25,-124.38972222,45.92694444,141.8
"3238","200803010037",2008-05-25,-124.31388889,45.87138889,138.8
"3239","200803010038",2008-05-25,-124.11,45.66666667,83.8
"3240","200803010039",2008-05-25,-124.48166667,45.68833333,189.7
"3241","200803010040",2008-05-26,-124.70888889,45.63194444,389
"3242","200803010041",2008-05-26,-124.57222222,45.4675,475.4
"3243","200803010042",2008-05-30,-124.51888889,45.03777778,380.7
"3244","200803010043",2008-05-30,-124.58,44.94361111,447.9
"3245","200803010044",2008-05-30,-124.49277778,44.97194444,374.4
"3246","200803010045",2008-05-30,-124.41444444,44.97,246.6
"3247","200803010046",2008-05-30,-124.30611111,44.92583333,147.4
"3248","200803010047",2008-05-31,-124.16277778,45.16916667,117.5
"3249","200803010048",2008-05-31,-124.27388889,45.19611111,176
"3250","200803010049",2008-05-31,-124.28694444,45.23555556,184.3
"3251","200803010050",2008-05-31,-124.42805556,45.19944444,387
"3252","200803010051",2008-05-31,-124.49333333,45.3725,398.9
"3253","200803010052",2008-05-31,-124.47694444,45.40388889,410.1
"3254","200803010053",2008-05-31,-124.68611111,45.3,498.7
"3255","200803010054",2008-06-01,-124.74305556,45.0075,571
"3256","200803010055",2008-06-01,-125.07472222,44.9025,1067.1
"3257","200803010056",2008-06-01,-124.93527778,44.76888889,565.8
"3258","200803010057",2008-06-01,-125.18194444,44.58194444,1157.2
"3259","200803010058",2008-06-01,-125.16527778,44.51666667,1081.6
"3260","200803010059",2008-06-02,-124.89083333,44.58305556,596.9
"3261","200803010060",2008-06-02,-124.88166667,44.70527778,534.4
"3262","200803010061",2008-06-02,-124.52611111,44.77361111,176.4
"3263","200803010062",2008-06-02,-124.36944444,44.86583333,147.8
"3264","200803010063",2008-06-03,-124.17722222,44.73194444,62.5
"3265","200803010064",2008-06-04,-124.2575,44.33916667,64.5
"3266","200803010065",2008-06-04,-124.31861111,44.3,73.1
"3267","200803010066",2008-06-04,-124.38083333,44.37194444,75.4
"3268","200803010067",2008-06-04,-124.60111111,44.21805556,103
"3269","200803010068",2008-06-04,-124.7675,44.15194444,94.6
"3270","200803010069",2008-06-04,-124.92416667,44.14722222,157.6
"3271","200803010070",2008-06-05,-124.88583333,44.32472222,497.1
"3272","200803010071",2008-06-05,-124.98694444,44.12916667,436.7
"3273","200803010072",2008-06-05,-124.68666667,43.74222222,437.8
"3274","200803010073",2008-06-05,-124.705,43.77555556,460.5
"3275","200803010074",2008-06-05,-124.9475,43.81777778,968.2
"3276","200803010075",2008-06-06,-124.39083333,43.77333333,109.8
"3277","200803010076",2008-06-06,-124.65861111,43.05805556,143.1
"3278","200803010077",2008-06-06,-124.77055556,42.98111111,157.2
"3279","200803010078",2008-06-06,-124.99583333,42.95722222,1048.6
"3280","200803010079",2008-06-07,-124.85055556,42.84472222,310.4
"3281","200803010080",2008-06-07,-124.735,42.89166667,145.3
"3282","200803010081",2008-06-07,-124.72861111,42.84916667,144
"3283","200803010085",2008-06-08,-124.80083333,42.56194444,474.4
"3284","200803010086",2008-06-08,-124.81777778,42.52805556,493.2
"3285","200803010087",2008-06-08,-124.83972222,42.45638889,451.9
"3286","200803010088",2008-06-09,-124.46333333,42.22166667,95.7
"3287","200803010089",2008-06-09,-124.54,42.16,137
"3288","200803010090",2008-06-14,-124.29333333,41.40444444,78.6
"3289","200803010091",2008-06-14,-124.47333333,40.83722222,386.5
"3290","200803010092",2008-06-18,-124.57166667,41.11305556,959.1
"3291","200803010093",2008-06-18,-124.63694444,41.03111111,727.1
"3292","200803010094",2008-06-18,-124.63444444,41.00361111,687.6
"3293","200803010095",2008-06-18,-124.50444444,40.33555556,432.2
"3294","200803010096",2008-06-19,-124.81555556,40.07333333,1123.5
"3295","200803010097",2008-06-19,-124.76916667,40.04861111,1131
"3296","200803010098",2008-06-19,-124.71388889,40.03555556,1013.1
"3297","200803010099",2008-06-19,-124.54055556,40.02638889,934.3
"3298","200803010100",2008-06-19,-124.30305556,39.98694444,868.8
"3299","200803010101",2008-06-20,-124.09722222,39.75472222,547.2
"3300","200803010102",2008-06-20,-124.02972222,39.66722222,427.8
"3301","200803010103",2008-06-20,-123.84361111,39.60972222,91.7
"3302","200803010104",2008-06-20,-124.07138889,39.515,709.6
"3303","200803010105",2008-06-20,-124.07194444,39.48055556,692.7
"3304","200803010106",2008-06-20,-123.86333333,39.45194444,91.7
"3305","200803010107",2008-06-20,-123.91777778,39.31472222,135
"3306","200803010108",2008-06-21,-124.01361111,39.33555556,474.1
"3307","200803010109",2008-06-21,-123.94694444,39.27888889,174.2
"3308","200803010110",2008-06-21,-123.88027778,38.72527778,808.3
"3309","200803010111",2008-06-21,-123.62638889,38.47777778,298.7
"3310","200803010112",2008-06-21,-123.185,38.27777778,90.5
"3311","200803010113",2008-06-22,-123.34083333,38.17833333,143.7
"3312","200803010114",2008-06-27,-123.27583333,37.85222222,101.5
"3313","200803010115",2008-06-27,-123.26277778,37.78694444,137.5
"3314","200803010116",2008-06-27,-122.89,37.77805556,59.8
"3315","200803010117",2008-06-27,-122.64722222,37.51944444,60.4
"3316","200803010118",2008-06-27,-122.835,37.36444444,127.8
"3317","200803010119",2008-06-28,-122.80916667,37.23638889,211.8
"3318","200803010120",2008-06-28,-122.74944444,37.26805556,115.7
"3319","200803010121",2008-06-28,-122.50277778,37.24666667,68.1
"3320","200803010122",2008-06-28,-122.71361111,37.10722222,384.7
"3321","200803010123",2008-06-28,-122.54777778,37.00583333,150.6
"3322","200803010124",2008-06-29,-122.28083333,36.86166667,916.5
"3323","200803010125",2008-06-29,-122.19972222,36.76472222,659.3
"3324","200803010126",2008-06-29,-121.965,36.67111111,97
"3325","200803010127",2008-06-29,-122.09138889,36.50916667,1014
"3326","200803010128",2008-06-30,-121.95416667,36.21916667,493.5
"3327","200803010129",2008-06-30,-121.96277778,36.02333333,1199.9
"3328","200803010130",2008-06-30,-121.85,35.91666667,1103.6
"3329","200803010131",2008-06-30,-121.74361111,35.74916667,950.5
"3330","200803010132",2008-06-30,-121.77111111,35.61472222,946.3
"3331","200803010133",2008-07-01,-121.57611111,35.69277778,689.8
"3332","200803010134",2008-07-01,-121.40444444,35.69861111,101.9
"3333","200803010135",2008-07-01,-121.31222222,35.56861111,301.5
"3334","200803010136",2008-07-01,-121.09444444,35.46944444,100.8
"3335","200803010137",2008-07-01,-121.23166667,35.32083333,492.9
"3336","200803010138",2008-07-02,-121.63611111,35.30916667,939.2
"3337","200803010139",2008-07-02,-121.49083333,35.13944444,544.4
"3338","200803010140",2008-07-02,-121.22472222,34.96277778,581.1
"3339","200803010141",2008-07-02,-120.95722222,34.88194444,328.6
"3340","200803010142",2008-07-03,-120.935,35.115,219.3
"3341","200803010143",2008-07-03,-121.155,35.08805556,559.4
"3342","200803010144",2008-07-03,-121.01333333,35.05361111,416
"3343","200803010145",2008-07-03,-120.91583333,35.07944444,207.2
"3344","200803010146",2008-07-04,-121.07583333,35.31416667,273.9
"3345","200803010147",2008-07-04,-121.05777778,35.18833333,419.2
"3346","200803010149",2008-07-08,-121.08111111,34.58777778,808.9
"3347","200803010150",2008-07-08,-120.95388889,34.74222222,319.2
"3348","200803010151",2008-07-08,-120.73638889,34.66916667,70
"3349","200803010152",2008-07-08,-120.79166667,34.57055556,155
"3350","200803010153",2008-07-09,-120.55111111,34.01916667,453
"3351","200803010154",2008-07-09,-120.28138889,34.11361111,94.9
"3352","200803010157",2008-07-09,-119.99638889,34.35611111,493.5
"3353","200803010159",2008-07-09,-119.71222222,34.10111111,112.5
"3354","200803010160",2008-07-10,-119.11055556,34.04416667,211.7
"3355","200803010161",2008-07-10,-119.11138889,34.06777778,73.2
"3356","200803010162",2008-07-10,-119.02305556,34.03972222,80.6
"3357","200803010163",2008-07-10,-118.7275,33.91916667,522.7
"3358","200803010164",2008-07-11,-119.53638889,33.96944444,203.3
"3359","200803010165",2008-07-11,-119.665,33.95111111,81.7
"3360","200803010166",2008-07-11,-119.82472222,33.79111111,460.4
"3361","200803010169",2008-07-11,-119.98444444,33.80083333,114.3
"3362","200803010172",2008-07-12,-119.84333333,33.68166667,148.2
"3363","200803010173",2008-07-12,-120.06861111,33.48222222,978.7
"3364","200803010176",2008-07-12,-120.17972222,33.05944444,550.2
"3365","200803010177",2008-07-13,-120.11111111,32.77277778,461.3
"3366","200803010178",2008-07-13,-120.12277778,32.68055556,795.7
"3367","200803010179",2008-07-13,-119.64666667,32.59361111,910.3
"3368","200803010180",2008-07-14,-118.58861111,32.44638889,1039.9
"3369","200803010182",2008-07-14,-118.12194444,32.78166667,723.3
"3370","200803010183",2008-07-14,-118.12694444,33.03055556,856.5
"3371","200803010184",2008-07-15,-118.23611111,33.05722222,1124.3
"3372","200803010185",2008-07-15,-118.32083333,33.19527778,1140.6
"3373","200803010186",2008-07-15,-118.52055556,33.32888889,96.4
"3374","200803010187",2008-07-15,-118.58777778,33.4375,99.9
"3375","200803010188",2008-07-16,-117.86305556,33.51888889,479.2
"3376","200803010189",2008-07-16,-117.68277778,33.41277778,61.4
"3377","200803010190",2008-07-16,-117.64194444,33.34222222,209.6
"3378","200803010191",2008-07-16,-117.53694444,33.2125,392
"3379","200803010192",2008-07-16,-117.40111111,32.80416667,397.7
"3380","200803010193",2008-07-17,-117.77861111,32.68861111,410.2
"3381","200803010194",2008-07-17,-117.44722222,32.68388889,492.8
"3382","200803017001",2008-05-17,-124.9825,44.6675,839
"3383","200803017002",2008-05-17,-124.80694444,44.90083333,302.1
"3384","200803017003",2008-05-17,-124.51138889,45.05888889,362.1
"3385","200803017004",2008-05-17,-124.54027778,45.12944444,331.1
"3386","200803017005",2008-05-18,-124.95194444,46.3625,1072.1
"3387","200803017006",2008-05-18,-124.93722222,46.72583333,673.6
"3388","200803017007",2008-05-18,-124.96833333,46.76111111,666
"3389","200803017008",2008-05-18,-124.98083333,46.85194444,520.5
"3390","200803017009",2008-05-18,-124.78916667,46.96138889,155.5
"3391","200803017010",2008-05-19,-125.69555556,47.695,1103.5
"3392","200803017011",2008-05-19,-125.54972222,47.72277778,991.4
"3393","200803017012",2008-05-19,-125.49166667,47.70111111,1068.3
"3394","200803017013",2008-05-19,-125.3625,47.79444444,746.9
"3395","200803017014",2008-05-19,-125.47694444,47.95722222,191.2
"3396","200803017015",2008-05-20,-125.52277778,47.98722222,165
"3397","200803017016",2008-05-20,-125.4075,47.99277778,319.9
"3398","200803017021",2008-05-21,-125.01694444,48.1,328.3
"3399","200803017022",2008-05-21,-125.12,48.12888889,266.7
"3400","200803017023",2008-05-21,-125.14027778,48.07166667,137.3
"3401","200803017024",2008-05-23,-124.64916667,47.165,92.2
"3402","200803017025",2008-05-23,-124.9,47.2075,192.9
"3403","200803017026",2008-05-23,-124.93083333,47.17111111,183.8
"3404","200803017027",2008-05-23,-124.81916667,47.45222222,169.8
"3405","200803017028",2008-05-23,-124.92611111,47.49333333,191.8
"3406","200803017029",2008-05-24,-124.37277778,46.66555556,78.4
"3407","200803017030",2008-05-24,-124.48722222,46.5325,148.8
"3408","200803017031",2008-05-24,-124.3,46.46138889,67.5
"3409","200803017032",2008-05-24,-124.26833333,46.45333333,59.5
"3410","200803017033",2008-05-24,-124.44527778,46.27194444,405.6
"3411","200803017034",2008-05-25,-124.13166667,45.73555556,92.9
"3412","200803017035",2008-05-25,-124.4625,45.73027778,174.2
"3413","200803017037",2008-05-25,-124.59888889,45.63416667,320.2
"3414","200803017038",2008-05-25,-124.36305556,45.53666667,180
"3415","200803017039",2008-05-25,-124.69194444,45.47722222,504.9
"3416","200803017040",2008-05-25,-124.61583333,45.40916667,418.6
"3417","200803017041",2008-05-26,-124.18472222,45.11805556,131.6
"3418","200803017042",2008-05-26,-124.27111111,44.99722222,155.6
"3419","200803017043",2008-05-26,-124.41138889,44.84166667,153.8
"3420","200803017044",2008-06-01,-124.2725,44.72416667,81
"3421","200803017045",2008-06-01,-124.26777778,44.76388889,98.5
"3422","200803017046",2008-06-01,-124.17277778,44.79083333,67.8
"3423","200803017047",2008-06-02,-124.64861111,44.73055556,277.8
"3424","200803017049",2008-06-02,-124.29277778,44.53361111,81.6
"3425","200803017050",2008-06-02,-124.20722222,44.49722222,64.1
"3426","200803017051",2008-06-02,-124.45805556,44.44555556,78.8
"3427","200803017052",2008-06-02,-124.42277778,44.37805556,82.5
"3428","200803017053",2008-06-02,-124.53777778,44.17805556,107.3
"3429","200803017054",2008-06-02,-124.54111111,44.14916667,114.7
"3430","200803017055",2008-06-03,-124.99138889,44.34166667,668.7
"3431","200803017056",2008-06-03,-125.06055556,44.17361111,1180.8
"3432","200803017058",2008-06-07,-124.58861111,43.3175,124.2
"3433","200803017059",2008-06-07,-124.66916667,43.06361111,151.3
"3434","200803017060",2008-06-08,-124.78,42.28111111,559.2
"3435","200803017061",2008-06-08,-124.83055556,42.28305556,622.1
"3436","200803017062",2008-06-08,-124.90166667,42.09583333,1072.7
"3437","200803017063",2008-06-08,-124.70055556,42.01972222,614.3
"3438","200803017064",2008-06-08,-124.60527778,42.08611111,334.1
"3439","200803017065",2008-06-09,-124.53611111,41.92111111,172.8
"3440","200803017066",2008-06-09,-124.57861111,41.89222222,449.5
"3441","200803017067",2008-06-13,-124.40722222,40.88805556,189.1
"3442","200803017068",2008-06-13,-124.53694444,40.95861111,541
"3443","200803017069",2008-06-13,-124.38555556,41.19666667,295.6
"3444","200803017070",2008-06-14,-124.375,41.3375,121.3
"3445","200803017071",2008-06-14,-124.29888889,41.30833333,96.5
"3446","200803017072",2008-06-14,-124.60722222,40.73888889,732.9
"3447","200803017073",2008-06-14,-124.69388889,40.77916667,841.9
"3448","200803017074",2008-06-18,-124.60888889,41.57,807.6
"3449","200803017075",2008-06-18,-124.51722222,41.69361111,455.2
"3450","200803017076",2008-06-18,-124.56972222,41.82527778,538
"3451","200803017077",2008-06-18,-124.81694444,41.86472222,742.5
"3452","200803017078",2008-06-18,-124.92861111,41.5975,999.2
"3453","200803017079",2008-06-19,-124.44972222,40.68083333,66.7
"3454","200803017082",2008-06-19,-124.71611111,40.69055556,946.7
"3455","200803017083",2008-06-19,-124.63388889,40.46333333,612.3
"3456","200803017084",2008-06-19,-124.52777778,40.18444444,553.3
"3457","200803017085",2008-06-20,-124.45472222,40.17111111,476.5
"3458","200803017086",2008-06-20,-124.46805556,39.98194444,1043.5
"3459","200803017087",2008-06-20,-124.12222222,39.91555556,165.2
"3460","200803017089",2008-06-20,-124.07777778,39.83361111,168.5
"3461","200803017090",2008-06-20,-123.97583333,39.81083333,139.2
"3462","200803017091",2008-06-21,-124.1475,39.37472222,853.9
"3463","200803017092",2008-06-21,-123.95722222,39.31611111,196.6
"3464","200803017093",2008-06-21,-124.01666667,39.18166667,495.8
"3465","200803017094",2008-06-21,-124.14694444,39.07694444,1122.5
"3466","200803017095",2008-06-21,-124.02472222,38.99027778,685.1
"3467","200803017096",2008-06-21,-123.75222222,38.84194444,100.3
"3468","200803017097",2008-06-22,-123.31194444,38.40027778,108.1
"3469","200803017098",2008-06-22,-123.37472222,38.43277778,120.1
"3470","200803017099",2008-06-22,-123.49944444,38.38638889,186.4
"3471","200803017100",2008-06-27,-123.22611111,37.99472222,109.5
"3472","200803017101",2008-06-27,-123.29472222,37.93138889,109.2
"3473","200803017102",2008-06-27,-123.31638889,37.96388889,111
"3474","200803017104",2008-06-27,-123.37944444,37.95055556,114.6
"3475","200803017105",2008-06-27,-123.40666667,37.88277778,158.1
"3476","200803017106",2008-06-28,-122.65666667,37.39805556,79.3
"3477","200803017107",2008-06-28,-122.80416667,37.40305556,101.7
"3478","200803017108",2008-06-28,-122.82805556,37.13972222,444.6
"3479","200803017109",2008-06-28,-122.83361111,37.07833333,655.4
"3480","200803017110",2008-06-28,-122.60833333,37.09833333,118.1
"3481","200803017111",2008-06-28,-122.41805556,37.1275,64.5
"3482","200803017112",2008-06-29,-122.10944444,36.84916667,98.6
"3483","200803017113",2008-06-29,-122.17555556,36.82666667,359.8
"3484","200803017114",2008-06-29,-121.93,36.84722222,73.5
"3485","200803017116",2008-06-29,-121.92694444,36.72694444,99.1
"3486","200803017117",2008-06-29,-122.005,36.65083333,113.1
"3487","200803017118",2008-06-30,-122.05805556,36.49777778,886.7
"3488","200803017119",2008-06-30,-122.05305556,36.27388889,343.3
"3489","200803017120",2008-06-30,-121.95888889,36.18277778,794.2
"3490","200803017121",2008-06-30,-121.96222222,36.05222222,1178.5
"3491","200803017122",2008-06-30,-121.89722222,36.06722222,1078.8
"3492","200803017123",2008-07-01,-121.62416667,35.83055556,713.4
"3493","200803017124",2008-07-01,-121.32416667,35.52722222,456.2
"3494","200803017125",2008-07-02,-121.58861111,35.80277778,620
"3495","200803017126",2008-07-02,-121.51361111,35.83111111,322.7
"3496","200803017127",2008-07-02,-121.63638889,35.56972222,863.6
"3497","200803017128",2008-07-02,-121.39888889,35.62416667,381.8
"3498","200803017129",2008-07-03,-121.34638889,35.42694444,580.2
"3499","200803017131",2008-07-03,-121.54166667,35.30138889,867.4
"3500","200803017132",2008-07-03,-121.41722222,35.29111111,823.9
"3501","200803017133",2008-07-03,-121.09388889,35.17361111,496.1
"3502","200803017134",2008-07-04,-121.13027778,35.14944444,544.7
"3503","200803017135",2008-07-04,-121.02972222,35.16583333,384.2
"3504","200803017136",2008-07-08,-120.85361111,35.04777778,136.3
"3505","200803017137",2008-07-08,-120.74805556,34.94111111,64.3
"3506","200803017138",2008-07-08,-121.06333333,34.71583333,537.6
"3507","200803017139",2008-07-08,-121.21777778,34.715,573.5
"3508","200803017141",2008-07-08,-121.11555556,34.59,813.5
"3509","200803017142",2008-07-09,-120.97444444,34.65194444,500.6
"3510","200803017143",2008-07-09,-120.82222222,34.52777778,412.9
"3511","200803017144",2008-07-09,-120.24805556,34.38527778,321.7
"3512","200803017148",2008-07-10,-120.50138889,34.02583333,105.5
"3513","200803017149",2008-07-10,-120.48138889,34.01166667,100
"3514","200803017150",2008-07-10,-120.39388889,33.97861111,110.2
"3515","200803017153",2008-07-10,-120.01777778,34.105,109.5
"3516","200803017155",2008-07-11,-119.56916667,33.97388889,83.4
"3517","200803017158",2008-07-11,-119.90083333,33.65416667,149.7
"3518","200803017159",2008-07-11,-119.85472222,33.55222222,379.7
"3519","200803017161",2008-07-12,-120.24555556,33.03083333,591.6
"3520","200803017162",2008-07-12,-119.89916667,32.85833333,1157
"3521","200803017164",2008-07-14,-118.20361111,32.85222222,857.9
"3522","200803017165",2008-07-14,-118.09194444,32.97888889,883.9
"3523","200803017166",2008-07-14,-117.98472222,33.18777778,881.6
"3524","200803017167",2008-07-14,-117.99111111,33.36777778,694.8
"3525","200803017168",2008-07-14,-117.98583333,33.48833333,493.4
"3526","200803017169",2008-07-15,-117.71333333,33.38388889,553.7
"3527","200803017170",2008-07-15,-118.07027778,33.53861111,419.1
"3528","200803017171",2008-07-15,-118.125,33.50694444,392.9
"3529","200803017172",2008-07-16,-118.55527778,33.50444444,308.3
"3530","200803017173",2008-07-16,-118.53916667,33.59833333,903.3
"3531","200803017175",2008-07-16,-118.67027778,33.48638889,242.1
"3532","200803017176",2008-07-16,-118.52388889,33.40916667,119.5
"3533","200803017177",2008-07-16,-118.51138889,33.40166667,112.8
"3534","200803017178",2008-07-17,-117.40055556,33.15305556,82.5
"3535","200803017179",2008-07-17,-117.51638889,32.85527778,767.3
"3536","200803018002",2008-08-23,-124.74611111,45.43194444,622.3
"3537","200803018003",2008-08-23,-124.66861111,45.435,432.6
"3538","200803018004",2008-08-23,-124.84833333,45.53,1051.6
"3539","200803018005",2008-08-24,-124.74361111,45.9275,387.6
"3540","200803018006",2008-08-24,-124.73777778,46.0875,351.9
"3541","200803018007",2008-08-24,-124.47944444,46.18611111,136.5
"3542","200803018008",2008-08-24,-124.72611111,46.50027778,658.7
"3543","200803018009",2008-08-25,-125.65694444,47.80111111,1075.6
"3544","200803018010",2008-08-25,-125.52166667,47.90722222,462.9
"3545","200803018011",2008-08-25,-125.47305556,47.93305556,357.7
"3546","200803018012",2008-08-25,-125.37916667,47.97166667,708.9
"3547","200803018014",2008-08-26,-125.80805556,48.13666667,1142.6
"3548","200803018015",2008-08-26,-125.40416667,48.12111111,115.7
"3549","200803018016",2008-08-26,-125.36805556,48.23111111,106.2
"3550","200803018017",2008-08-26,-125.00222222,48.28777778,286.7
"3551","200803018018",2008-08-26,-125.0225,48.19694444,273.5
"3552","200803018019",2008-08-27,-125.00611111,48.15027778,373.9
"3553","200803018020",2008-08-27,-125.10361111,47.92861111,144.2
"3554","200803018021",2008-08-27,-125.27111111,47.87222222,395.2
"3555","200803018022",2008-08-28,-124.56666667,47.32888889,67
"3556","200803018023",2008-08-28,-124.60027778,47.10333333,83.3
"3557","200803018024",2008-08-28,-124.78527778,47.05472222,134.7
"3558","200803018025",2008-08-28,-124.575,46.92055556,98.1
"3559","200803018026",2008-08-28,-124.51972222,46.83083333,95.3
"3560","200803018027",2008-08-28,-124.5375,46.79916667,101.8
"3561","200803018028",2008-08-29,-124.32222222,46.46055556,74.4
"3562","200803018029",2008-08-29,-124.32861111,46.49666667,75.2
"3563","200803018030",2008-08-29,-124.50527778,46.52611111,171.2
"3564","200803018031",2008-08-29,-124.16444444,46.09777778,82.7
"3565","200803018032",2008-08-29,-124.07444444,45.90194444,74.9
"3566","200803018033",2008-08-30,-124.105,45.72722222,83.1
"3567","200803018034",2008-08-30,-124.07388889,45.63055556,76.1
"3568","200803018035",2008-08-30,-124.32055556,45.62138889,154.7
"3569","200803018036",2008-08-30,-124.37555556,45.63694444,161.4
"3570","200803018037",2008-08-30,-124.15027778,45.48805556,112.8
"3571","200803018038",2008-08-30,-124.2425,45.36777778,162.6
"3572","200803018039",2008-08-30,-124.30027778,45.19333333,193.2
"3573","200803018040",2008-08-31,-124.65527778,45.31083333,479.3
"3574","200803018041",2008-08-31,-124.58222222,45.28111111,453.5
"3575","200803018042",2008-08-31,-124.47916667,45.10666667,361.9
"3576","200803018043",2008-08-31,-124.45222222,45.07638889,346
"3577","200803018044",2008-09-01,-124.44083333,45.04222222,316.5
"3578","200803018045",2008-09-01,-124.13361111,44.94083333,81
"3579","200803018046",2008-09-05,-124.26777778,44.65694444,79.4
"3580","200803018047",2008-09-05,-124.36083333,44.64472222,84.7
"3581","200803018048",2008-09-05,-124.53638889,44.62861111,141.4
"3582","200803018049",2008-09-05,-124.39555556,44.4175,81.7
"3583","200803018050",2008-09-05,-124.4125,44.35055556,87
"3584","200803018051",2008-09-06,-124.86722222,44.55416667,514.9
"3585","200803018052",2008-09-06,-124.86583333,44.57083333,536.8
"3586","200803018053",2008-09-06,-124.7875,44.48055556,321.5
"3587","200803018054",2008-09-06,-125.04194444,44.32055556,863
"3588","200803018055",2008-09-06,-125.09694444,44.2425,1100.6
"3589","200803018056",2008-09-07,-125.11583333,44.34666667,1115.3
"3590","200803018057",2008-09-07,-125.11833333,44.38305556,1084.8
"3591","200803018058",2008-09-07,-124.55388889,44.2,106.1
"3592","200803018059",2008-09-07,-124.40722222,44.04833333,118.5
"3593","200803018060",2008-09-08,-124.695,44.07027778,122.6
"3594","200803018061",2008-09-08,-124.70861111,43.91833333,201.1
"3595","200803018062",2008-09-08,-124.44472222,43.89833333,125.5
"3596","200803018063",2008-09-08,-124.59861111,43.69277778,252.7
"3597","200803018064",2008-09-08,-124.36972222,43.67416667,112.8
"3598","200803018065",2008-09-09,-124.90666667,43.48194444,767.8
"3599","200803018066",2008-09-09,-124.86666667,43.33972222,617.8
"3600","200803018067",2008-09-09,-124.59333333,43.38583333,145
"3601","200803018068",2008-09-10,-124.49666667,43.29388889,84.4
"3602","200803018069",2008-09-10,-124.77777778,43.25888889,431.6
"3603","200803018070",2008-09-10,-124.93055556,43.2875,732
"3604","200803018071",2008-09-10,-124.87138889,43.21777778,356.5
"3605","200803018072",2008-09-11,-124.95972222,43.08111111,1030.9
"3606","200803018073",2008-09-11,-124.92833333,42.96611111,447.3
"3607","200803018074",2008-09-11,-124.91138889,42.93444444,410.6
"3608","200803018075",2008-09-11,-124.83166667,42.89861111,243.6
"3609","200803018077",2008-09-11,-124.71361111,42.85027778,135.9
"3610","200803018078",2008-09-12,-124.84916667,42.78083333,365.7
"3611","200803018079",2008-09-12,-124.72277778,42.76083333,252.9
"3612","200803018080",2008-09-12,-124.65694444,42.71444444,134.4
"3613","200803018081",2008-09-13,-124.51805556,42.69222222,68.4
"3614","200803018082",2008-09-13,-124.61305556,42.51694444,98.2
"3615","200803018083",2008-09-13,-124.71222222,42.37694444,221.7
"3616","200803018084",2008-09-13,-124.73722222,42.325,518.7
"3617","200803018085",2008-09-14,-124.41527778,42.11861111,77.2
"3618","200803018086",2008-09-18,-124.39388889,41.80861111,88.2
"3619","200803018087",2008-09-18,-124.59944444,41.99527778,301.5
"3620","200803018088",2008-09-18,-124.73388889,41.97611111,694.8
"3621","200803018089",2008-09-18,-124.84055556,41.94583333,792.6
"3622","200803018090",2008-09-18,-124.78277778,41.77111111,852
"3623","200803018091",2008-09-19,-124.87194444,41.70555556,887.2
"3624","200803018092",2008-09-19,-124.90583333,41.4025,944.6
"3625","200803018093",2008-09-19,-124.62777778,41.34666667,1093.4
"3626","200803018094",2008-09-19,-124.48388889,41.43833333,203.7
"3627","200803018095",2008-09-20,-124.37527778,41.48527778,97.6
"3628","200803018096",2008-09-20,-124.29805556,41.40944444,82.6
"3629","200803018097",2008-09-20,-124.30611111,41.16888889,118.5
"3630","200803018098",2008-09-20,-124.6475,41.21277778,1153
"3631","200803018099",2008-09-20,-124.75666667,41.14138889,1241.1
"3632","200803018100",2008-09-21,-124.5875,40.72111111,729.2
"3633","200803018101",2008-09-21,-124.575,40.59527778,157.4
"3634","200803018102",2008-09-21,-124.74305556,40.52833333,1063.8
"3635","200803018104",2008-09-21,-124.76916667,40.26277778,558.9
"3636","200803018105",2008-09-22,-124.96833333,40.17583333,1044.5
"3637","200803018106",2008-09-22,-124.85611111,40.16833333,954.9
"3638","200803018107",2008-09-22,-124.65027778,40.01361111,1007.9
"3639","200803018108",2008-09-22,-124.57888889,39.99583333,1034
"3640","200803018109",2008-09-22,-124.52666667,40.02638889,1012.3
"3641","200803018110",2008-09-23,-124.34777778,40.11277778,422.8
"3642","200803018111",2008-09-23,-123.96972222,39.48,235.6
"3643","200803018112",2008-09-24,-123.84222222,39.36472222,67.6
"3644","200803018113",2008-09-24,-124.01361111,39.30666667,484.7
"3645","200803018114",2008-09-24,-123.97944444,39.26861111,337
"3646","200803018115",2008-09-24,-123.98138889,39.02611111,460.3
"3647","200803018116",2008-09-25,-123.93611111,38.88777778,282.5
"3648","200803018117",2008-09-25,-123.785,38.87972222,99.9
"3649","200803018118",2008-09-25,-123.71194444,38.72277778,132.4
"3650","200803018119",2008-09-25,-123.67805556,38.745,114.5
"3651","200803018120",2008-09-26,-123.54972222,38.51055556,151.3
"3652","200803018121",2008-09-26,-123.37777778,38.50055556,104.2
"3653","200803018122",2008-09-26,-123.3625,38.12194444,184.7
"3654","200803018123",2008-09-26,-123.17638889,38.14472222,95.3
"3655","200803018124",2008-09-27,-123.14444444,38.05722222,83.7
"3656","200803018125",2008-09-27,-123.06638889,37.86527778,90.8
"3657","200803018126",2008-10-01,-122.66305556,37.46972222,68.7
"3658","200803018129",2008-10-01,-122.535,37.1075,108.8
"3659","200803018130",2008-10-01,-122.74472222,37.04694444,737.4
"3660","200803018131",2008-10-02,-122.60055556,36.97444444,512.6
"3661","200803018132",2008-10-02,-122.56972222,37.02583333,137.2
"3662","200803018133",2008-10-02,-122.42666667,37.01194444,124.7
"3663","200803018134",2008-10-02,-122.18527778,36.75611111,723.2
"3664","200803018135",2008-10-02,-121.94861111,36.75555556,110.4
"3665","200803018136",2008-10-03,-121.93222222,35.77305556,1147.9
"3666","200803018137",2008-10-03,-122.00555556,35.64555556,1206.3
"3667","200803018138",2008-10-03,-121.96555556,35.55722222,1108.8
"3668","200803018139",2008-10-03,-121.855,35.53833333,1034.6
"3669","200803018140",2008-10-04,-121.44944444,35.37083333,877.6
"3670","200803018141",2008-10-04,-121.29,35.45472222,461.5
"3671","200803018142",2008-10-04,-121.24611111,35.36527778,474.7
"3672","200803018143",2008-10-04,-121.17194444,35.25805556,503.7
"3673","200803018144",2008-10-05,-121.54111111,35.14416667,636.7
"3674","200803018145",2008-10-05,-121.51638889,35.19944444,643.8
"3675","200803018146",2008-10-05,-121.17055556,35.18916667,564
"3676","200803018147",2008-10-06,-120.93444444,35.03361111,280.7
"3677","200803018148",2008-10-06,-121.06222222,34.99916667,497.7
"3678","200803018149",2008-10-06,-120.92222222,34.78361111,264.6
"3679","200803018150",2008-10-06,-120.92083333,34.80638889,262.7
"3680","200803018151",2008-10-07,-120.77861111,34.97138889,89.3
"3681","200803018152",2008-10-07,-120.82805556,35.08333333,103.7
"3682","200803018154",2008-10-12,-120.46194444,34.25555556,471.3
"3683","200803018155",2008-10-12,-120.31388889,34.41027778,142
"3684","200803018156",2008-10-13,-119.77444444,34.36777778,73
"3685","200803018157",2008-10-13,-119.72611111,34.22722222,196.1
"3686","200803018158",2008-10-13,-119.65861111,34.20583333,187.6
"3687","200803018159",2008-10-13,-119.57666667,34.205,144.2
"3688","200803018160",2008-10-13,-119.60194444,33.96638889,79.5
"3689","200803018161",2008-10-13,-119.78138889,33.93861111,86.6
"3690","200803018162",2008-10-14,-119.89361111,33.86138889,249.6
"3691","200803018163",2008-10-14,-119.92527778,33.78611111,167.6
"3692","200803018164",2008-10-14,-119.98083333,33.67388889,133.6
"3693","200803018165",2008-10-14,-119.80138889,33.61305556,492.6
"3694","200803018166",2008-10-15,-119.93888889,33.29,969.3
"3695","200803018167",2008-10-15,-119.97527778,32.80194444,1137
"3696","200803018168",2008-10-15,-119.93138889,32.65027778,1113.9
"3697","200803018169",2008-10-16,-118.95861111,32.24,1183.6
"3698","200803018170",2008-10-16,-118.56333333,32.05416667,578.4
"3699","200803018171",2008-10-16,-118.45805556,32.44638889,1086.1
"3700","200803018172",2008-10-17,-118.20222222,33.03611111,1074.6
"3701","200803018173",2008-10-17,-118.16888889,32.88,869.9
"3702","200803018174",2008-10-17,-117.86527778,32.78222222,519.1
"3703","200803018176",2008-10-17,-117.70277778,32.855,1048.4
"3704","200803018179",2008-10-18,-117.38777778,32.88388889,519.5
"3705","200803018180",2008-10-18,-117.38222222,33.12583333,224.9
"3706","200803018181",2008-10-19,-117.61194444,33.32888889,81.1
"3707","200803018182",2008-10-19,-117.94916667,33.42,543.3
"3708","200803018183",2008-10-19,-118.09333333,33.48638889,507
"3709","200803018184",2008-10-19,-118.10027778,33.46583333,478.1
"3710","200803018186",2008-10-19,-118.25444444,33.37083333,493.4
"3711","200803018187",2008-10-19,-118.29444444,33.28944444,96.3
"3712","200803018190",2008-10-20,-118.76333333,33.53305556,420.4
"3713","200803018191",2008-10-21,-120.66361111,34.53055556,74
"3714","200803018192",2008-10-21,-120.75666667,34.60777778,92
"3715","200903008001",2009-08-27,-124.43666667,45.03805556,309.8
"3716","200903008002",2009-08-27,-124.44472222,45.23083333,398.7
"3717","200903008003",2009-08-27,-124.48333333,45.29666667,400.2
"3718","200903008004",2009-08-27,-124.37138889,45.37444444,220.7
"3719","200903008005",2009-08-27,-124.32416667,45.48083333,177.9
"3720","200903008006",2009-08-28,-124.04333333,45.66361111,68.1
"3721","200903008007",2009-08-28,-124.53083333,45.70555556,200.3
"3722","200903008008",2009-08-28,-124.59444444,46.03527778,163.7
"3723","200903008009",2009-08-28,-124.98611111,46.23972222,1030.4
"3724","200903008010",2009-08-29,-125.14972222,46.86444444,714.2
"3725","200903008011",2009-08-29,-124.7925,46.99777778,150.1
"3726","200903008012",2009-08-29,-124.64916667,47.32916667,96.4
"3727","200903008013",2009-08-29,-125.00888889,47.55888889,196.4
"3728","200903008014",2009-08-29,-125.2225,47.43166667,717.1
"3729","200903008015",2009-08-30,-125.51222222,47.54527778,1204.1
"3730","200903008016",2009-08-30,-125.73833333,47.96555556,813.3
"3731","200903008017",2009-08-30,-125.4775,47.94361111,273.4
"3732","200903008018",2009-08-30,-125.14305556,48.03722222,144.5
"3733","200903008019",2009-08-30,-125.17444444,48.09166667,144.6
"3734","200903008020",2009-08-31,-124.80694444,48.39666667,204.1
"3735","200903008021",2009-08-31,-124.88138889,48.30361111,122.8
"3736","200903008022",2009-08-31,-125.09027778,48.28916667,203.1
"3737","200903008023",2009-08-31,-125.15638889,48.06916667,139.6
"3738","200903008024",2009-08-31,-124.92861111,47.96583333,95.2
"3739","200903008025",2009-09-01,-124.6125,46.96027778,99
"3740","200903008026",2009-09-01,-124.53972222,46.925,90.5
"3741","200903008027",2009-09-01,-124.64888889,46.65,155.5
"3742","200903008028",2009-09-01,-124.58611111,46.63638889,142.6
"3743","200903008029",2009-09-01,-124.40777778,46.42527778,102.9
"3744","200903008030",2009-09-01,-124.54388889,46.31805556,138.2
"3745","200903008031",2009-09-02,-124.45083333,45.99916667,146
"3746","200903008032",2009-09-02,-124.73166667,45.8975,331.9
"3747","200903008033",2009-09-02,-124.71361111,45.70861111,290.7
"3748","200903008034",2009-09-02,-124.77944444,45.54277778,637.3
"3749","200903008035",2009-09-02,-124.9225,45.27666667,1002.1
"3750","200903008036",2009-09-03,-124.78583333,45.12972222,585.9
"3751","200903008037",2009-09-03,-124.64722222,45.00277778,458.1
"3752","200903008038",2009-09-03,-124.61916667,44.96361111,447.2
"3753","200903008039",2009-09-03,-124.65305556,44.8125,371
"3754","200903008040",2009-09-03,-124.71944444,44.5775,311.4
"3755","200903008041",2009-09-04,-124.44361111,44.39444444,85
"3756","200903008042",2009-09-04,-124.31638889,44.53305556,87.2
"3757","200903008043",2009-09-08,-124.47055556,45.26555556,404
"3758","200903008044",2009-09-08,-124.67111111,45.36972222,462.4
"3759","200903008045",2009-09-08,-124.75888889,45.39888889,659
"3760","200903008046",2009-09-08,-124.85861111,45.26305556,827.3
"3761","200903008047",2009-09-09,-124.94166667,44.89833333,526
"3762","200903008048",2009-09-09,-124.82972222,44.87583333,339.2
"3763","200903008049",2009-09-09,-124.79444444,44.79666667,433.6
"3764","200903008050",2009-09-09,-124.65944444,44.76972222,286.4
"3765","200903008051",2009-09-09,-124.91694444,44.42888889,531
"3766","200903008052",2009-09-10,-125.02722222,44.27805556,768
"3767","200903008053",2009-09-10,-124.92388889,44.11,183.6
"3768","200903008054",2009-09-10,-124.69361111,44.10944444,112.8
"3769","200903008055",2009-09-10,-124.63388889,43.985,156.1
"3770","200903008056",2009-09-11,-124.24527778,44.34527778,70
"3771","200903008057",2009-09-11,-124.38277778,44.23333333,93
"3772","200903008058",2009-09-11,-124.4175,44.07972222,115.6
"3773","200903008059",2009-09-11,-124.42638889,43.7875,123.3
"3774","200903008060",2009-09-12,-124.41638889,43.44,101.3
"3775","200903008061",2009-09-12,-124.67611111,43.54611111,418.7
"3776","200903008062",2009-09-12,-125.01777778,43.56694444,1076.9
"3777","200903008063",2009-09-13,-124.73805556,43.31833333,317.3
"3778","200903008064",2009-09-13,-124.85166667,43.10722222,290
"3779","200903008065",2009-09-13,-124.8675,43.02638889,288
"3780","200903008066",2009-09-13,-124.79388889,42.9525,161.5
"3781","200903008067",2009-09-14,-124.82027778,42.90916667,209.3
"3782","200903008068",2009-09-14,-124.53583333,42.665,87.7
"3783","200903008069",2009-09-14,-124.74277778,42.47861111,148
"3784","200903008070",2009-09-14,-124.68444444,42.37972222,143.6
"3785","200903008071",2009-09-15,-124.6675,42.30055556,352.5
"3786","200903008072",2009-09-15,-124.55083333,42.25722222,149.5
"3787","200903008073",2009-09-15,-124.63722222,42.09555556,436.8
"3788","200903008074",2009-09-15,-124.91055556,42.03277778,1031.9
"3789","200903008075",2009-09-15,-124.84638889,42.00611111,921.5
"3790","200903008076",2009-09-16,-124.42638889,41.86805556,82.4
"3791","200903008077",2009-09-16,-124.41611111,42.01722222,88.4
"3792","200903008078",2009-09-21,-124.58138889,41.86722222,492.5
"3793","200903008079",2009-09-21,-124.9025,41.65611111,847.7
"3794","200903008080",2009-09-21,-124.42555556,41.63222222,130.9
"3795","200903008081",2009-09-22,-124.23666667,41.25944444,79.5
"3796","200903008082",2009-09-22,-124.28972222,41.23027778,101.9
"3797","200903008083",2009-09-22,-124.66138889,41.05777778,830.1
"3798","200903008084",2009-09-22,-124.43055556,41.05944444,469.2
"3799","200903008085",2009-09-22,-124.30583333,40.93944444,91.6
"3800","200903008086",2009-09-23,-124.95472222,40.30333333,1078.1
"3801","200903008087",2009-09-23,-125.04055556,40.27555556,1082.5
"3802","200903008088",2009-09-23,-124.97416667,40.16,1069.1
"3803","200903008089",2009-09-23,-124.82083333,40.12444444,1022
"3804","200903008090",2009-09-23,-124.61944444,40.23333333,541.6
"3805","200903008091",2009-09-23,-124.6475,40.08277778,879.9
"3806","200903008092",2009-09-24,-124.69694444,39.91388889,1204.6
"3807","200903008093",2009-09-24,-124.67555556,39.89,1243.6
"3808","200903008094",2009-09-24,-124.50888889,39.91805556,1236.2
"3809","200903008096",2009-09-25,-124.10972222,39.33527778,737.4
"3810","200903008099",2009-09-26,-124.17472222,39.04055556,1128.9
"3811","200903008100",2009-09-26,-123.9525,38.96972222,333.1
"3812","200903008101",2009-09-26,-123.77194444,39.10666667,83.3
"3813","200903008102",2009-09-26,-123.77611111,38.80972222,128.9
"3814","200903008103",2009-09-26,-123.74361111,38.80555556,115.4
"3815","200903008104",2009-09-27,-123.70361111,38.71277778,132.9
"3816","200903008105",2009-09-27,-123.71361111,38.63333333,233.2
"3817","200903008106",2009-09-27,-123.58777778,38.31805556,465.1
"3818","200903008107",2009-09-27,-123.42111111,38.24944444,237.8
"3819","200903008108",2009-09-27,-123.13027778,38.13694444,84.6
"3820","200903008109",2009-09-28,-122.85638889,37.84305556,59.7
"3821","200903008110",2009-09-28,-123.35611111,37.90527778,117.1
"3822","200903008111",2009-09-29,-122.89305556,37.37305556,226.9
"3823","200903008112",2009-09-29,-122.76944444,37.46138889,84.4
"3824","200903008113",2009-10-05,-123.21083333,37.44888889,1066.1
"3825","200903008114",2009-10-05,-123.04138889,37.37833333,702.6
"3826","200903008115",2009-10-05,-123.00416667,37.27222222,576.3
"3827","200903008116",2009-10-05,-122.87111111,37.29722222,244.1
"3828","200903008117",2009-10-05,-122.84777778,37.19555556,343.3
"3829","200903008118",2009-10-06,-122.44777778,37.15388889,67.8
"3830","200903008119",2009-10-06,-122.54111111,37.08527778,114
"3831","200903008120",2009-10-06,-122.65472222,37.00388889,474.3
"3832","200903008121",2009-10-06,-122.31972222,36.89944444,463.6
"3833","200903008122",2009-10-07,-121.86888889,36.835,65.9
"3834","200903008123",2009-10-07,-122.02333333,36.29333333,109.6
"3835","200903008124",2009-10-07,-122.16583333,36.19638889,1146.4
"3836","200903008125",2009-10-08,-121.85611111,35.8175,1155
"3837","200903008126",2009-10-08,-121.57,35.76472222,620.8
"3838","200903008127",2009-10-08,-121.56333333,35.72888889,624.3
"3839","200903008128",2009-10-08,-121.70277778,35.58111111,917.5
"3840","200903008129",2009-10-08,-121.45416667,35.56555556,645.3
"3841","200903008131",2009-10-09,-121.66416667,35.2175,1049.7
"3842","200903008134",2009-10-09,-121.40305556,35.38638889,740.8
"3843","200903008135",2009-10-09,-121.34416667,35.38,599.3
"3844","200903008136",2009-10-09,-121.26305556,35.33472222,522.4
"3845","200903008137",2009-10-09,-121.03944444,35.43,97.9
"3846","200903008139",2009-10-10,-121.19888889,34.56555556,926.7
"3847","200903008140",2009-10-10,-121.32166667,34.65194444,672
"3848","200903008141",2009-10-10,-121.29805556,34.84444444,441.8
"3849","200903008142",2009-10-10,-121.09166667,34.84777778,519.8
"3850","200903008143",2009-10-10,-121.06805556,34.95027778,507.4
"3851","200903008144",2009-10-10,-120.80833333,34.93694444,122.2
"3852","200903008145",2009-10-11,-120.84916667,35.04472222,133.4
"3853","200903008146",2009-10-11,-120.91333333,35.13138889,174
"3854","200903008147",2009-10-11,-120.96194444,35.14666667,246.3
"3855","200903008148",2009-10-15,-120.80833333,34.72472222,102.5
"3856","200903008149",2009-10-15,-120.82666667,34.61333333,216.9
"3857","200903008150",2009-10-15,-120.50555556,34.39722222,174.7
"3858","200903008151",2009-10-15,-120.40277778,34.32555556,332
"3859","200903008152",2009-10-15,-120.26555556,34.28555556,438.1
"3860","200903008153",2009-10-16,-120.25083333,34.42055556,150.9
"3861","200903008154",2009-10-16,-120.14472222,34.32972222,495.2
"3862","200903008155",2009-10-16,-119.94166667,34.13472222,165.2
"3863","200903008156",2009-10-16,-119.63388889,34.19027778,237.1
"3864","200903008157",2009-10-16,-119.57777778,34.18305556,218.9
"3865","200903008158",2009-10-17,-119.39666667,33.96277778,669.6
"3866","200903008159",2009-10-17,-118.98694444,33.99972222,157.7
"3867","200903008161",2009-10-17,-118.21277778,33.56083333,198.2
"3868","200903008162",2009-10-18,-118.45583333,33.30722222,94
"3869","200903008163",2009-10-18,-118.03916667,33.47527778,494.1
"3870","200903008164",2009-10-18,-117.77944444,33.26388889,759.4
"3871","200903008165",2009-10-18,-117.49638889,33.21777778,88.1
"3872","200903008166",2009-10-18,-117.39111111,33.13,225.4
"3873","200903008167",2009-10-19,-117.36944444,33.0475,286.6
"3874","200903008168",2009-10-19,-117.37277778,32.97472222,506.3
"3875","200903008170",2009-10-19,-117.32166667,32.76805556,70.2
"3876","200903008172",2009-10-20,-118.42194444,32.46027778,1128
"3877","200903008173",2009-10-20,-118.40472222,32.43166667,1125.3
"3878","200903008174",2009-10-21,-120.28527778,32.85305556,697.2
"3879","200903008175",2009-10-21,-120.51472222,33.21194444,1156
"3880","200903008176",2009-10-22,-119.83166667,33.62083333,284
"3881","200903008178",2009-10-22,-120.06611111,33.835,106.1
"3882","200903008179",2009-10-23,-120.24111111,34.16555556,480.6
"3883","200903008181",2009-10-23,-120.43555556,34.1925,168.3
"3884","200903008182",2009-10-23,-120.47944444,34.19472222,137.7
"3885","200903008183",2009-10-23,-120.60194444,34.17361111,255.5
"3886","200903008184",2009-10-24,-120.78138889,34.66583333,96.2
"3887","200903008185",2009-10-24,-120.80444444,34.80916667,117
"3888","200903010001",2009-05-24,-124.75944444,45.04861111,535.2
"3889","200903010002",2009-05-24,-124.78444444,45.07916667,572
"3890","200903010003",2009-05-24,-124.65194444,45.07166667,427.7
"3891","200903010004",2009-05-24,-124.58805556,45.07361111,406
"3892","200903010005",2009-05-24,-124.68611111,45.225,522.3
"3893","200903010006",2009-05-25,-124.41694444,45.82472222,151.2
"3894","200903010007",2009-05-25,-124.48638889,45.86527778,152.9
"3895","200903010008",2009-05-25,-124.52083333,46.02333333,151.2
"3896","200903010009",2009-05-25,-124.77444444,46.15805556,1059.2
"3897","200903010010",2009-05-25,-124.96166667,46.14027778,1041.2
"3898","200903010012",2009-05-26,-124.49444444,46.96555556,76.4
"3899","200903010013",2009-05-26,-124.64,46.98861111,100.7
"3900","200903010014",2009-05-26,-124.72111111,47.02638889,118
"3901","200903010015",2009-05-26,-124.74888889,47.25222222,131.5
"3902","200903010016",2009-05-26,-124.7775,47.35555556,175.7
"3903","200903010017",2009-05-27,-125.51305556,47.99361111,163.2
"3904","200903010018",2009-05-27,-125.4925,48.10472222,136.1
"3905","200903010019",2009-05-27,-125.51055556,48.12333333,141.4
"3906","200903010020",2009-05-27,-125.24722222,48.29333333,179.4
"3907","200903010021",2009-05-28,-124.94555556,48.25666667,199
"3908","200903010022",2009-05-28,-124.90277778,48.405,228.6
"3909","200903010023",2009-05-28,-125.04527778,48.365,161.1
"3910","200903010024",2009-05-28,-125.13472222,48.26111111,118.4
"3911","200903010025",2009-05-28,-124.89611111,47.66861111,118.4
"3912","200903010026",2009-05-29,-125.18805556,47.43583333,649.2
"3913","200903010027",2009-05-29,-124.93361111,46.85611111,444.1
"3914","200903010028",2009-05-30,-125.05888889,46.70166667,770.8
"3915","200903010029",2009-05-30,-124.88361111,46.55944444,837.3
"3916","200903010030",2009-05-30,-124.31222222,46.13444444,107.6
"3917","200903010031",2009-05-30,-124.16805556,45.93027778,93.5
"3918","200903010032",2009-05-31,-124.22833333,45.83333333,120.2
"3919","200903010033",2009-05-31,-124.10805556,45.65888889,88.9
"3920","200903010034",2009-05-31,-124.27027778,45.72166667,139
"3921","200903010035",2009-05-31,-124.5975,45.70583333,220.7
"3922","200903010036",2009-05-31,-124.73611111,45.56194444,503.7
"3923","200903010037",2009-06-01,-124.545,45.39916667,409.4
"3924","200903010038",2009-06-01,-124.46916667,45.37,392.9
"3925","200903010039",2009-06-01,-124.40222222,45.07416667,298.4
"3926","200903010040",2009-06-01,-124.57555556,44.81166667,265.4
"3927","200903010041",2009-06-01,-124.50944444,44.72666667,153.2
"3928","200903010042",2009-06-02,-124.1725,44.83083333,71
"3929","200903010043",2009-06-02,-124.195,44.7,69.9
"3930","200903010045",2009-06-10,-124.45916667,44.64722222,107.4
"3931","200903010046",2009-06-10,-124.585,44.66916667,194.6
"3932","200903010047",2009-06-10,-124.78722222,44.83833333,390.9
"3933","200903010048",2009-06-10,-124.87805556,44.87166667,415.1
"3934","200903010049",2009-06-10,-124.96222222,44.61944444,825.7
"3935","200903010050",2009-06-11,-124.64277778,44.50611111,198.7
"3936","200903010051",2009-06-11,-124.63,44.34805556,96.6
"3937","200903010052",2009-06-11,-125.01777778,44.22305556,809.3
"3938","200903010053",2009-06-11,-124.75027778,44.15166667,106.3
"3939","200903010056",2009-06-11,-124.63444444,44.28972222,88.4
"3940","200903010057",2009-06-12,-124.52416667,44.2625,103.5
"3941","200903010058",2009-06-12,-124.36194444,44.395,77.7
"3942","200903010059",2009-06-12,-124.24916667,44.40888889,68.4
"3943","200903010060",2009-06-12,-124.21,44.36666667,62.8
"3944","200903010061",2009-06-12,-124.29166667,44.19,79.6
"3945","200903010062",2009-06-12,-124.29305556,44.11611111,82.2
"3946","200903010063",2009-06-13,-124.32194444,43.71222222,106.9
"3947","200903010064",2009-06-13,-124.5775,43.87777778,195.2
"3948","200903010065",2009-06-13,-124.81388889,43.80361111,484.9
"3949","200903010066",2009-06-13,-124.76611111,43.74833333,537.4
"3950","200903010067",2009-06-13,-124.62222222,43.77805556,305.1
"3951","200903010068",2009-06-13,-124.56833333,43.65194444,210.6
"3952","200903010070",2009-06-14,-124.75638889,43.58083333,638.2
"3953","200903010071",2009-06-14,-124.88777778,43.52638889,697.7
"3954","200903010072",2009-06-14,-124.82833333,43.44555556,542.2
"3955","200903010073",2009-06-14,-124.78611111,43.405,535.6
"3956","200903010074",2009-06-16,-124.74444444,43.15694444,292.2
"3957","200903010075",2009-06-16,-124.90361111,43.08694444,496.6
"3958","200903010076",2009-06-16,-124.99,43.03472222,1023.3
"3959","200903010077",2009-06-16,-124.66916667,42.9575,115.7
"3960","200903010078",2009-06-17,-124.69583333,42.76861111,149.7
"3961","200903010079",2009-06-17,-124.86472222,42.6625,646.7
"3962","200903010080",2009-06-17,-124.67944444,42.61305556,153
"3963","200903010081",2009-06-17,-124.52972222,42.63388889,86.7
"3964","200903010082",2009-06-17,-124.79555556,42.37472222,654.9
"3965","200903010083",2009-06-18,-124.53805556,42.1675,139.6
"3966","200903010084",2009-06-18,-124.57805556,41.96972222,191.2
"3967","200903010085",2009-06-18,-124.63722222,41.73861111,692.6
"3968","200903010086",2009-06-18,-124.55138889,41.57527778,580.4
"3969","200903010087",2009-06-19,-124.48861111,41.62027778,250.5
"3970","200903010088",2009-06-19,-124.355,41.72222222,87.4
"3971","200903010089",2009-06-24,-124.41472222,41.52361111,110.2
"3972","200903010090",2009-06-24,-124.48888889,41.48805556,195.5
"3973","200903010091",2009-06-24,-124.77777778,41.40638889,1047.4
"3974","200903010092",2009-06-24,-124.81472222,41.07833333,1111.9
"3975","200903010093",2009-06-25,-124.56833333,41.09472222,893.5
"3976","200903010094",2009-06-25,-124.42111111,41.215,484
"3977","200903010095",2009-06-25,-124.36416667,41.07666667,209.3
"3978","200903010096",2009-06-25,-124.28083333,41.09583333,94.9
"3979","200903010097",2009-06-30,-124.45722222,40.94277778,412.8
"3980","200903010098",2009-06-30,-124.52861111,40.90888889,515
"3981","200903010100",2009-06-30,-124.3875,40.12,506.1
"3982","200903010101",2009-07-01,-124.26611111,39.85694444,981.5
"3983","200903010102",2009-07-01,-124.01083333,39.74083333,169.7
"3984","200903010103",2009-07-01,-123.91444444,39.67694444,130.4
"3985","200903010104",2009-07-01,-123.88583333,39.61472222,122.1
"3986","200903010105",2009-07-01,-124.07416667,39.41333333,658.9
"3987","200903010106",2009-07-01,-123.78722222,39.15277778,83
"3988","200903010107",2009-07-02,-123.80111111,38.71416667,259.4
"3989","200903010108",2009-07-02,-123.71805556,38.55277778,581.4
"3990","200903010109",2009-07-02,-123.01555556,37.87527778,84.8
"3991","200903010110",2009-07-02,-122.98722222,37.86083333,81.8
"3992","200903010111",2009-07-05,-123.26583333,37.84166667,105.5
"3993","200903010112",2009-07-05,-123.345,37.87027778,117.4
"3994","200903010113",2009-07-05,-123.3875,37.93416667,123.1
"3995","200903010114",2009-07-05,-123.53638889,38.27027778,423.6
"3996","200903010115",2009-07-06,-123.43805556,38.43638889,134
"3997","200903010116",2009-07-06,-123.25305556,38.4425,84.2
"3998","200903010117",2009-07-06,-123.23194444,38.41305556,86.5
"3999","200903010120",2009-07-07,-123.08138889,37.39055556,716.9
"4000","200903010121",2009-07-07,-122.74333333,37.46694444,84.2
"4001","200903010122",2009-07-07,-122.905,37.175,471.7
"4002","200903010123",2009-07-07,-122.85611111,37.15444444,434.9
"4003","200903010124",2009-07-08,-122.6175,37.16055556,106.5
"4004","200903010125",2009-07-08,-122.32722222,37.02166667,80
"4005","200903010126",2009-07-08,-122.23166667,36.78972222,593
"4006","200903010127",2009-07-08,-122.07694444,36.87777778,81.4
"4007","200903010129",2009-07-09,-122.01111111,36.32111111,120.7
"4008","200903010130",2009-07-09,-121.84722222,35.81222222,1115.8
"4009","200903010131",2009-07-09,-121.93638889,35.67916667,1123.9
"4010","200903010132",2009-07-10,-121.69805556,35.48166667,1057
"4011","200903010133",2009-07-10,-121.52194444,35.43777778,922.9
"4012","200903010134",2009-07-10,-121.44916667,35.32138889,865.9
"4013","200903010135",2009-07-10,-121.45555556,35.73277778,313.9
"4014","200903010136",2009-07-11,-121.39361111,35.69111111,100.4
"4015","200903010137",2009-07-11,-121.22527778,35.53305556,254.2
"4016","200903010138",2009-07-11,-121.3275,35.29361111,646.7
"4017","200903010139",2009-07-11,-121.4225,35.20083333,607.9
"4018","200903010140",2009-07-11,-121.64,35.11222222,1183.6
"4019","200903010141",2009-07-12,-121.34583333,34.66305556,662.5
"4020","200903010142",2009-07-12,-121.16638889,34.54666667,935.6
"4021","200903010143",2009-07-12,-121.01222222,34.53222222,854.7
"4022","200903010144",2009-07-12,-120.78777778,34.32527778,740.9
"4023","200903010145",2009-07-12,-120.57555556,34.35722222,390.5
"4024","200903010146",2009-07-13,-121.00583333,34.87583333,430.2
"4025","200903010147",2009-07-13,-120.95222222,34.96888889,327.3
"4026","200903010148",2009-07-17,-120.91361111,35.07166667,210.8
"4027","200903010150",2009-07-17,-120.48416667,34.32666667,378.8
"4028","200903010151",2009-07-17,-120.23222222,34.4275,95.2
"4029","200903010152",2009-07-17,-120.21027778,34.42694444,86.6
"4030","200903010157",2009-07-18,-119.69277778,34.25,203.4
"4031","200903010158",2009-07-18,-119.55027778,34.27361111,86.9
"4032","200903010160",2009-07-19,-119.75611111,33.92444444,276.7
"4033","200903010161",2009-07-19,-119.9475,33.79555556,121.7
"4034","200903010162",2009-07-19,-120.25805556,33.64722222,1037.4
"4035","200903010163",2009-07-19,-120.04583333,33.57388889,821.1
"4036","200903010164",2009-07-20,-120.03,33.36833333,971.2
"4037","200903010165",2009-07-20,-120.08611111,32.73916667,528.1
"4038","200903010166",2009-07-21,-118.77138889,33.09083333,762.2
"4039","200903010167",2009-07-21,-118.53444444,32.84472222,112.5
"4040","200903010168",2009-07-21,-117.80722222,32.68666667,494.3
"4041","200903010169",2009-07-21,-117.42972222,32.65861111,169.9
"4042","200903010170",2009-07-22,-117.31277778,32.73861111,72.8
"4043","200903010172",2009-07-22,-117.96388889,33.48361111,488.7
"4044","200903010173",2009-07-22,-118.27861111,33.35638889,347.7
"4045","200903010174",2009-07-24,-118.61583333,33.59027778,587.3
"4046","200903010175",2009-07-24,-118.70888889,33.54361111,420.9
"4047","200903010176",2009-07-24,-118.82888889,33.535,408.1
"4048","200903010178",2009-07-25,-118.81805556,33.9175,790.5
"4049","200903010179",2009-07-25,-119.11222222,34.06694444,76.8
"4050","200903010180",2009-07-25,-119.41972222,34.15138889,154.9
"4051","200903010181",2009-07-25,-119.52555556,34.17111111,211.9
"4052","200903010182",2009-07-25,-119.68583333,34.05416667,87.8
"4053","200903010183",2009-07-26,-120.94555556,34.67694444,373.4
"4054","200903010184",2009-07-26,-121.00972222,34.84166667,407
"4055","200903017001",2009-05-24,-124.66861111,45.91805556,203.8
"4056","200903017002",2009-05-24,-124.73083333,45.99166667,320.3
"4057","200903017003",2009-05-24,-124.6975,46.09166667,225.4
"4058","200903017004",2009-05-25,-124.97777778,46.2525,1035.1
"4059","200903017005",2009-05-25,-124.98638889,46.32027778,1151.1
"4060","200903017006",2009-05-25,-124.77361111,46.47138889,812
"4061","200903017007",2009-05-25,-124.50861111,46.56805556,158.6
"4062","200903017008",2009-05-25,-124.59583333,46.30833333,152.1
"4063","200903017009",2009-05-26,-124.09777778,45.96583333,78.5
"4064","200903017010",2009-05-26,-124.42583333,46.74833333,84.6
"4065","200903017011",2009-05-26,-124.46222222,46.76194444,90.1
"4066","200903017012",2009-05-27,-124.54666667,46.86555556,97.9
"4067","200903017013",2009-05-27,-124.61055556,46.89,108.2
"4068","200903017014",2009-05-27,-124.64805556,47.01861111,98.2
"4069","200903017015",2009-05-27,-124.75805556,47.05694444,123.9
"4070","200903017016",2009-05-27,-124.50333333,47.195,63.7
"4071","200903017017",2009-05-27,-124.75527778,47.29472222,172.3
"4072","200903017018",2009-05-27,-124.825,47.45166667,193.3
"4073","200903017019",2009-05-28,-125.53805556,47.58944444,1147.8
"4074","200903017020",2009-05-28,-125.37388889,47.72555556,986
"4075","200903017021",2009-05-28,-125.25777778,47.76666667,773.3
"4076","200903017022",2009-05-28,-125.54638889,47.97138889,183.6
"4077","200903017023",2009-05-28,-125.58194444,48.00138889,196.5
"4078","200903017025",2009-05-29,-124.91166667,48.30055556,158.8
"4079","200903017026",2009-05-29,-124.84638889,48.45083333,294.4
"4080","200903017028",2009-05-29,-125.15361111,48.35277778,124.6
"4081","200903017031",2009-05-29,-125.04472222,47.90638889,127.1
"4082","200903017032",2009-05-29,-124.93555556,47.83555556,108
"4083","200903017033",2009-05-30,-124.70166667,47.67361111,68.1
"4084","200903017034",2009-05-30,-124.70694444,47.63194444,72.4
"4085","200903017038",2009-05-30,-125.085,46.8075,617.7
"4086","200903017039",2009-05-31,-124.9725,46.79583333,645.6
"4087","200903017040",2009-05-31,-125.02166667,46.66361111,1052.7
"4088","200903017041",2009-05-31,-124.49333333,45.90555556,155.6
"4089","200903017042",2009-05-31,-124.49444444,45.70555556,191.9
"4090","200903017044",2009-06-01,-124.36472222,45.30388889,270.1
"4091","200903017045",2009-06-01,-124.57805556,45.32888889,410.5
"4092","200903017046",2009-06-01,-124.64638889,45.36805556,419.1
"4093","200903017047",2009-06-01,-124.72555556,45.28694444,505.2
"4094","200903017048",2009-06-01,-124.8925,45.24055556,890.1
"4095","200903017049",2009-06-02,-124.28888889,45.03777778,169
"4096","200903017050",2009-06-02,-124.13555556,45,92.8
"4097","200903017051",2009-06-10,-124.32416667,45.06111111,190.9
"4098","200903017052",2009-06-10,-124.40194444,45.01972222,259.9
"4099","200903017053",2009-06-10,-124.51583333,45.13555556,351.9
"4100","200903017054",2009-06-10,-124.53611111,45.0975,325.4
"4101","200903017055",2009-06-11,-124.86666667,44.97416667,689.8
"4102","200903017056",2009-06-11,-125.18916667,44.58388889,1156.3
"4103","200903017057",2009-06-11,-124.77305556,44.57472222,343.1
"4104","200903017058",2009-06-11,-124.56694444,44.50083333,127.6
"4105","200903017059",2009-06-12,-124.31861111,44.30833333,78.3
"4106","200903017060",2009-06-12,-124.52305556,44.21694444,100.2
"4107","200903017062",2009-06-12,-124.74416667,44.08777778,114.2
"4108","200903017063",2009-06-12,-124.71472222,43.85638889,315.1
"4109","200903017064",2009-06-13,-124.22444444,43.96833333,65.3
"4110","200903017065",2009-06-13,-124.5025,43.98166667,138.7
"4111","200903017066",2009-06-13,-124.23972222,43.77777778,70.1
"4112","200903017067",2009-06-13,-124.44388889,43.45222222,107.1
"4113","200903017068",2009-06-13,-124.59055556,43.485,188.9
"4114","200903017069",2009-06-13,-124.60777778,43.43055556,176.5
"4115","200903017070",2009-06-14,-124.68027778,43.06972222,160.5
"4116","200903017071",2009-06-14,-124.72666667,42.98333333,153
"4117","200903017072",2009-06-14,-124.8475,42.75944444,401.7
"4118","200903017073",2009-06-14,-124.83722222,42.46277778,436.3
"4119","200903017074",2009-06-14,-124.77222222,42.33111111,625.4
"4120","200903017075",2009-06-15,-124.83916667,42.26527778,652.2
"4121","200903017076",2009-06-15,-124.87305556,42.20138889,882.8
"4122","200903017077",2009-06-15,-124.93694444,42.16777778,1082.1
"4123","200903017078",2009-06-15,-124.68722222,42.17055556,526.6
"4124","200903017079",2009-06-15,-124.6475,42.165,429.6
"4125","200903017080",2009-06-16,-124.44055556,41.76888889,141.2
"4126","200903017081",2009-06-16,-124.32583333,41.70166667,75.4
"4127","200903017082",2009-06-16,-124.51694444,41.72305556,416.7
"4128","200903017083",2009-06-16,-124.67666667,41.76277778,738.6
"4129","200903017084",2009-06-17,-124.75111111,41.8975,693.2
"4130","200903017085",2009-06-17,-124.91666667,41.90527778,909.5
"4131","200903017086",2009-06-17,-124.89916667,41.84222222,907.1
"4132","200903017087",2009-06-17,-124.82916667,41.73611111,881
"4133","200903017088",2009-06-18,-124.39916667,41.55694444,108.9
"4134","200903017089",2009-06-18,-124.75222222,41.53888889,880.7
"4135","200903017090",2009-06-19,-124.30805556,41.00194444,103.9
"4136","200903017091",2009-06-19,-124.31361111,40.86083333,78.3
"4137","200903017092",2009-06-24,-124.32555556,41.15861111,133.4
"4138","200903017093",2009-06-24,-124.35083333,41.31888889,114.9
"4139","200903017094",2009-06-24,-124.48972222,41.32777778,421.9
"4140","200903017095",2009-06-24,-124.7275,40.94166667,752.7
"4141","200903017096",2009-06-30,-124.43722222,40.84666667,277.9
"4142","200903017097",2009-06-30,-124.57611111,40.71916667,667.9
"4143","200903017098",2009-06-30,-124.37666667,40.17194444,238.7
"4144","200903017099",2009-06-30,-124.34972222,40.00083333,845.3
"4145","200903017101",2009-07-01,-124.23944444,39.31111111,1209.4
"4146","200903017102",2009-07-01,-124.14222222,39.30277778,858.7
"4147","200903017103",2009-07-01,-123.83527778,39.305,83.9
"4148","200903017104",2009-07-01,-124.13805556,39.21111111,900.1
"4149","200903017105",2009-07-01,-124.14638889,39.05416667,1029.9
"4150","200903017106",2009-07-02,-123.61416667,38.45444444,274.5
"4151","200903017107",2009-07-02,-123.50777778,38.41416667,180.3
"4152","200903017108",2009-07-02,-123.46305556,38.27527778,261.2
"4153","200903017109",2009-07-02,-123.06527778,38.2325,73.8
"4154","200903017111",2009-07-05,-123.16,37.84583333,94.8
"4155","200903017112",2009-07-05,-122.97861111,37.77083333,68.6
"4156","200903017113",2009-07-05,-122.74277778,37.53277778,70.5
"4157","200903017114",2009-07-05,-122.92833333,37.49083333,131.8
"4158","200903017115",2009-07-05,-122.93111111,37.26833333,393.3
"4159","200903017116",2009-07-06,-122.4125,37.12666667,60
"4160","200903017117",2009-07-06,-122.47166667,37.18138889,71.6
"4161","200903017118",2009-07-06,-122.62027778,37.24944444,97.5
"4162","200903017119",2009-07-06,-122.62916667,37.20277778,102
"4163","200903017120",2009-07-06,-122.67,37.16527778,117.5
"4164","200903017121",2009-07-07,-122.38166667,36.98888889,120.4
"4165","200903017122",2009-07-07,-122.05111111,36.86555556,81
"4166","200903017123",2009-07-07,-122.04944444,36.55305556,687
"4167","200903017125",2009-07-08,-121.975,35.80361111,1109.6
"4168","200903017126",2009-07-08,-121.92444444,35.60722222,999.7
"4169","200903017127",2009-07-08,-121.54888889,35.65861111,672.2
"4170","200903017128",2009-07-08,-121.45416667,35.79611111,99.6
"4171","200903017129",2009-07-09,-121.25944444,35.51833333,351.2
"4172","200903017130",2009-07-09,-121.34166667,35.52861111,490.5
"4173","200903017131",2009-07-09,-121.34416667,35.49111111,532.2
"4174","200903017132",2009-07-09,-121.32138889,35.48777778,501
"4175","200903017133",2009-07-10,-121.07777778,35.31361111,278.2
"4176","200903017134",2009-07-10,-121.095,35.11361111,520.2
"4177","200903017135",2009-07-10,-121.03555556,35.04888889,450.2
"4178","200903017136",2009-07-10,-120.75055556,34.90583333,74.7
"4179","200903017137",2009-07-11,-120.77416667,34.81166667,92.5
"4180","200903017138",2009-07-11,-120.76166667,34.67333333,84.8
"4181","200903017139",2009-07-11,-121.1725,34.71916667,558.1
"4182","200903017140",2009-07-11,-121.42694444,34.65888889,882.3
"4183","200903017143",2009-07-12,-121.55944444,35.01694444,984.6
"4184","200903017144",2009-07-12,-121.45333333,35.13916667,519
"4185","200903017145",2009-07-12,-121.58361111,35.225,765.6
"4186","200903017146",2009-07-13,-121.10527778,35.3875,266.8
"4187","200903017147",2009-07-13,-121.14138889,35.32388889,372.1
"4188","200903017148",2009-07-17,-120.37888889,34.38583333,179.5
"4189","200903017149",2009-07-17,-120.32416667,33.94472222,107.4
"4190","200903017150",2009-07-17,-120.29083333,33.94083333,103.3
"4191","200903017151",2009-07-17,-120.17361111,33.84166667,403.6
"4192","200903017152",2009-07-17,-120.04555556,33.80194444,150.8
"4193","200903017153",2009-07-17,-119.9,33.77166667,135.6
"4194","200903017154",2009-07-18,-120.44111111,33.96027778,184.3
"4195","200903017155",2009-07-18,-120.55694444,33.66027778,1162.7
"4196","200903017156",2009-07-18,-120.47527778,33.1775,1139
"4197","200903017157",2009-07-19,-119.01861111,32.32527778,716.7
"4198","200903017158",2009-07-19,-118.58527778,32.02916667,734.9
"4199","200903017159",2009-07-20,-118.735,32.66583333,1195.5
"4200","200903017160",2009-07-20,-118.42694444,32.65583333,799.6
"4201","200903017164",2009-07-21,-117.35722222,32.62416667,203.6
"4202","200903017165",2009-07-21,-117.35083333,32.83777778,100.9
"4203","200903017166",2009-07-21,-117.42944444,32.90361111,598.2
"4204","200903017167",2009-07-21,-117.54972222,33.26194444,77.6
"4205","200903017168",2009-07-22,-117.64027778,33.30166667,472.6
"4206","200903017169",2009-07-22,-118.17277778,33.37333333,726.3
"4207","200903017170",2009-07-22,-118.21083333,33.27972222,304.8
"4208","200903017172",2009-07-23,-118.71694444,33.97277778,328.4
"4209","200903017173",2009-07-23,-119.48305556,34.13305556,237.2
"4210","200903017174",2009-07-24,-119.72527778,34.21916667,200.1
"4211","200903017175",2009-07-24,-119.60722222,34.26166667,100.6
"4212","200903017176",2009-07-24,-119.69305556,34.2775,180.8
"4213","200903017177",2009-07-24,-119.93333333,34.40277778,62.2
"4214","200903017179",2009-07-25,-120.28138889,34.24583333,470.2
"4215","200903017182",2009-07-26,-120.84694444,35.07611111,120.4
"4216","200903017183",2009-07-26,-121.00194444,35.16722222,320.1
"4217","200903018001",2009-08-26,-124.48166667,44.99305556,354.1
"4218","200903018002",2009-08-26,-124.76861111,45.13027778,457.7
"4219","200903018003",2009-08-26,-124.78416667,45.23972222,662.2
"4220","200903018005",2009-08-27,-124.50305556,45.66638889,204.5
"4221","200903018006",2009-08-27,-124.57527778,45.81861111,167.1
"4222","200903018007",2009-08-27,-124.59305556,46.08861111,157
"4223","200903018008",2009-08-27,-124.53916667,46.415,163.5
"4224","200903018009",2009-08-27,-124.58194444,46.5925,175
"4225","200903018010",2009-08-28,-124.87444444,47.3525,1186.1
"4226","200903018011",2009-08-28,-125.10138889,47.5075,800.9
"4227","200903018012",2009-08-28,-125.07111111,47.66083333,179.9
"4228","200903018013",2009-08-28,-125.18472222,47.70444444,795.4
"4229","200903018014",2009-08-29,-125.91222222,48.05305556,1010.7
"4230","200903018015",2009-08-29,-125.76,48.12416667,383.5
"4231","200903018017",2009-08-29,-125.37027778,48.07444444,146.7
"4232","200903018018",2009-08-30,-125.005,48.125,334.9
"4233","200903018019",2009-08-30,-125.2475,47.90861111,315
"4234","200903018020",2009-08-30,-125.32638889,47.90611111,516.7
"4235","200903018021",2009-08-30,-125.46055556,47.90277778,736.1
"4236","200903018022",2009-08-30,-125.50638889,47.92444444,477.1
"4237","200903018023",2009-08-31,-124.75861111,47.455,113.7
"4238","200903018024",2009-08-31,-124.89416667,47.18944444,167.7
"4239","200903018025",2009-08-31,-124.80222222,47.22222222,142.5
"4240","200903018026",2009-08-31,-124.68583333,47.20083333,106.6
"4241","200903018027",2009-09-01,-124.79805556,47.09944444,130.8
"4242","200903018028",2009-09-01,-124.61833333,47.04166667,92.2
"4243","200903018029",2009-09-01,-124.82333333,46.83472222,162.6
"4244","200903018030",2009-09-01,-124.83944444,46.77666667,191
"4245","200903018031",2009-09-01,-124.94472222,46.77,630.3
"4246","200903018032",2009-09-02,-124.51416667,46.67138889,114
"4247","200903018033",2009-09-02,-124.10472222,46.00027778,80.2
"4248","200903018034",2009-09-02,-124.18944444,45.9675,95.8
"4249","200903018035",2009-09-02,-124.17,45.90277778,96.4
"4250","200903018036",2009-09-02,-124.21555556,45.57,131.6
"4251","200903018037",2009-09-03,-124.17638889,45.36111111,129.5
"4252","200903018038",2009-09-03,-124.08138889,45.3225,82.2
"4253","200903018039",2009-09-03,-124.25833333,45.09388889,166.1
"4254","200903018040",2009-09-03,-124.12805556,44.96694444,84.8
"4255","200903018041",2009-09-03,-124.23972222,44.74166667,78.1
"4256","200903018042",2009-09-04,-124.37861111,44.64805556,84.2
"4257","200903018043",2009-09-04,-124.31555556,44.69138889,85.3
"4258","200903018044",2009-09-08,-124.44083333,44.87361111,171.5
"4259","200903018045",2009-09-08,-124.66972222,44.83055556,383.1
"4260","200903018046",2009-09-08,-124.75833333,44.86583333,416
"4261","200903018047",2009-09-08,-125.03083333,44.71777778,1107.9
"4262","200903018048",2009-09-08,-124.88027778,44.70055556,526.7
"4263","200903018049",2009-09-09,-124.82388889,44.7125,403.4
"4264","200903018050",2009-09-09,-124.38722222,44.21888889,93.8
"4265","200903018051",2009-09-09,-124.32861111,44.18027778,86.3
"4266","200903018052",2009-09-09,-124.22944444,44.04305556,66.7
"4267","200903018053",2009-09-10,-124.96194444,44.25722222,482
"4268","200903018054",2009-09-10,-125.06944444,43.88083333,1077.6
"4269","200903018055",2009-09-11,-125.09361111,43.5825,1109.2
"4270","200903018056",2009-09-11,-125.04555556,43.6075,1002.1
"4271","200903018057",2009-09-11,-125.00555556,43.57722222,1051.3
"4272","200903018058",2009-09-11,-124.78583333,43.62083333,653
"4273","200903018059",2009-09-11,-124.64388889,43.77111111,340
"4274","200903018060",2009-09-12,-124.63583333,43.74972222,341.7
"4275","200903018061",2009-09-12,-124.57333333,43.75222222,218.8
"4276","200903018062",2009-09-12,-124.44138889,43.58333333,129
"4277","200903018063",2009-09-12,-124.61444444,43.48361111,210.9
"4278","200903018064",2009-09-13,-124.81611111,43.42083333,540.4
"4279","200903018065",2009-09-13,-124.97194444,43.38388889,864.5
"4280","200903018066",2009-09-13,-124.90722222,43.32916667,651.5
"4281","200903018067",2009-09-13,-124.70277778,43.27416667,196.6
"4282","200903018068",2009-09-14,-124.56222222,42.94166667,62.4
"4283","200903018069",2009-09-14,-124.62194444,42.92666667,84.5
"4284","200903018070",2009-09-14,-124.70111111,42.6,195.9
"4285","200903018071",2009-09-15,-124.57944444,41.89138889,438.6
"4286","200903018072",2009-09-15,-124.75333333,41.69944444,852.2
"4287","200903018073",2009-09-15,-124.73972222,41.59972222,882.1
"4288","200903018074",2009-09-15,-124.84972222,41.51555556,975.4
"4289","200903018075",2009-09-15,-124.81361111,41.40138889,965
"4290","200903018076",2009-09-15,-124.39805556,41.37222222,125
"4291","200903018077",2009-09-16,-124.23027778,41.29361111,76.6
"4292","200903018078",2009-09-16,-124.35638889,41.20583333,167.1
"4293","200903018079",2009-09-21,-124.39722222,40.80361111,98.2
"4294","200903018080",2009-09-21,-124.42666667,40.91722222,246.9
"4295","200903018081",2009-09-21,-124.40833333,40.92666667,226.4
"4296","200903018082",2009-09-21,-124.42444444,41.03305556,394.9
"4297","200903018083",2009-09-21,-124.28055556,41.025,90.1
"4298","200903018084",2009-09-22,-124.77833333,41.25777778,1162.4
"4299","200903018085",2009-09-22,-124.82611111,41.155,1175
"4300","200903018086",2009-09-22,-124.6075,40.91055556,590.3
"4301","200903018087",2009-09-22,-124.52555556,40.77527778,461.2
"4302","200903018088",2009-09-23,-124.69611111,40.54861111,394.1
"4303","200903018089",2009-09-23,-124.98694444,40.23888889,1026.2
"4304","200903018090",2009-09-23,-124.85222222,40.14388889,1003.4
"4305","200903018091",2009-09-23,-124.59388889,40.05027778,893.6
"4306","200903018092",2009-09-23,-124.49277778,40.15777778,590.9
"4307","200903018093",2009-09-23,-124.44944444,40.15055556,537
"4308","200903018094",2009-09-24,-123.86638889,39.4675,99.5
"4309","200903018095",2009-09-24,-123.87111111,39.26888889,119.3
"4310","200903018096",2009-09-24,-124.13388889,39.08444444,1083.7
"4311","200903018097",2009-09-24,-123.94333333,38.8525,416.8
"4312","200903018098",2009-09-25,-123.31611111,38.51055556,79.1
"4313","200903018099",2009-09-25,-123.54361111,38.53888889,146.9
"4314","200903018100",2009-09-25,-123.59416667,38.43972222,263.3
"4315","200903018101",2009-09-25,-123.49416667,38.29527778,263.1
"4316","200903018102",2009-09-25,-123.35361111,38.22861111,145.9
"4317","200903018104",2009-09-26,-123.39944444,38.14416667,259.2
"4318","200903018105",2009-09-26,-123.03916667,38.14305556,70.7
"4319","200903018106",2009-09-26,-123.04777778,38.19055556,74.6
"4320","200903018107",2009-09-27,-123.13305556,38.21972222,88.7
"4321","200903018108",2009-09-27,-123.24361111,38.03944444,116.4
"4322","200903018109",2009-09-27,-123.13277778,37.87527778,95.8
"4323","200903018110",2009-09-27,-123.04833333,37.81194444,80
"4324","200903018111",2009-09-28,-123.16638889,37.38,982.3
"4325","200903018112",2009-09-28,-122.93722222,37.40388889,340.2
"4326","200903018113",2009-09-28,-122.98222222,37.46861111,324.1
"4327","200903018114",2009-09-29,-122.93,37.90555556,66.1
"4328","200903018115",2009-09-29,-122.86527778,37.80277778,60.2
"4329","200903018116",2009-10-05,-122.71833333,37.41611111,88.3
"4330","200903018117",2009-10-05,-122.79583333,37.2825,155
"4331","200903018118",2009-10-05,-122.58916667,37.15833333,106.1
"4332","200903018119",2009-10-05,-122.56583333,37.08888889,115.5
"4333","200903018120",2009-10-05,-122.53277778,37.00083333,155.5
"4334","200903018121",2009-10-06,-122.20194444,36.35416667,856.5
"4335","200903018122",2009-10-06,-121.62666667,36.00444444,434.4
"4336","200903018123",2009-10-06,-121.55722222,35.89305556,440.8
"4337","200903018124",2009-10-06,-121.7325,35.66361111,913.8
"4338","200903018125",2009-10-07,-121.76694444,35.58555556,952.6
"4339","200903018126",2009-10-07,-121.41361111,35.61444444,484.4
"4340","200903018127",2009-10-07,-121.21222222,35.58333333,90.8
"4341","200903018128",2009-10-07,-121.15611111,35.52722222,98.2
"4342","200903018129",2009-10-07,-121.12611111,35.45055556,248.8
"4343","200903018130",2009-10-07,-121.1925,35.38944444,365.9
"4344","200903018131",2009-10-08,-121.38083333,35.42388889,648.9
"4345","200903018132",2009-10-08,-121.63583333,35.23861111,944.6
"4346","200903018133",2009-10-08,-121.65111111,35.23083333,959.9
"4347","200903018136",2009-10-09,-120.89361111,34.11888889,970
"4348","200903018138",2009-10-09,-120.5275,34.23416667,504.8
"4349","200903018139",2009-10-09,-120.22805556,34.13027778,108.3
"4350","200903018140",2009-10-09,-120.19805556,34.12138889,102.8
"4351","200903018141",2009-10-09,-120.15916667,34.15222222,490.6
"4352","200903018142",2009-10-10,-121.41472222,34.61611111,999.3
"4353","200903018143",2009-10-10,-121.35444444,34.79777778,508.6
"4354","200903018144",2009-10-10,-121.15277778,34.76222222,558.5
"4355","200903018145",2009-10-10,-121.02916667,34.92333333,464.9
"4356","200903018146",2009-10-10,-121.08027778,35.08361111,509.8
"4357","200903018147",2009-10-11,-121.24111111,35.03527778,596.6
"4358","200903018148",2009-10-11,-121.11666667,35.18611111,516.8
"4359","200903018149",2009-10-15,-120.75083333,34.98194444,65.5
"4360","200903018150",2009-10-15,-120.61277778,34.50833333,71.1
"4361","200903018151",2009-10-15,-120.41611111,34.38666667,105.2
"4362","200903018152",2009-10-15,-120.35944444,34.25916667,417.2
"4363","200903018153",2009-10-16,-119.88583333,33.80722222,191.9
"4364","200903018154",2009-10-16,-119.97333333,33.77722222,216.9
"4365","200903018156",2009-10-16,-120.34861111,33.70388889,1024.6
"4366","200903018157",2009-10-17,-120.13138889,33.29722222,1121
"4367","200903018158",2009-10-17,-119.88472222,33.24555556,327.3
"4368","200903018159",2009-10-17,-120.12472222,32.82,471.3
"4369","200903018160",2009-10-18,-118.71888889,32.06666667,1070.6
"4370","200903018161",2009-10-18,-118.59,32.46305556,1037
"4371","200903018162",2009-10-18,-118.39166667,32.75611111,104.3
"4372","200903018165",2009-10-19,-118.60583333,32.91083333,293.9
"4373","200903018168",2009-10-19,-118.71777778,33.09027778,514.2
"4374","200903018169",2009-10-19,-118.10333333,33.24805556,821.4
"4375","200903018170",2009-10-20,-117.3775,32.65833333,242.8
"4376","200903018171",2009-10-20,-117.79833333,33.09722222,838.5
"4377","200903018172",2009-10-20,-117.93666667,33.20305556,851.4
"4378","200903018173",2009-10-20,-117.63527778,33.35472222,83.8
"4379","200903018174",2009-10-21,-118.01527778,33.4725,496.4
"4380","200903018175",2009-10-21,-117.98055556,33.57194444,65.1
"4381","200903018176",2009-10-21,-118.43194444,33.81055556,82.9
"4382","200903018177",2009-10-21,-118.48555556,33.87305556,74.9
"4383","200903018178",2009-10-22,-119.21527778,34.06916667,83
"4384","200903018179",2009-10-22,-119.21777778,33.94194444,758.9
"4385","200903018180",2009-10-22,-119.39916667,33.93611111,570.1
"4386","200903018181",2009-10-22,-119.66666667,33.95,87.5
"4387","200903018182",2009-10-23,-120.08611111,34.3825,279
"4388","200903018183",2009-10-23,-120.37055556,34.35166667,272.3
"4389","200903018184",2009-10-23,-120.76805556,34.42805556,599.5
"4390","200903018185",2009-10-24,-120.87194444,35.11722222,129.3
"4391","200903018186",2009-10-24,-120.88,35.16416667,95.4
"4392","201003008001",2010-08-21,-125.11583333,44.48777778,1247.6
"4393","201003008002",2010-08-21,-125.17333333,44.53638889,1033.5
"4394","201003008003",2010-08-21,-125.08055556,44.68972222,863.5
"4395","201003008004",2010-08-22,-124.77277778,45.765,445.6
"4396","201003008005",2010-08-22,-124.72833333,45.89305556,309.3
"4397","201003008006",2010-08-22,-124.64111111,45.91388889,192
"4398","201003008007",2010-08-22,-124.81555556,46.10222222,678.8
"4399","201003008008",2010-08-22,-124.2975,46.21444444,104
"4400","201003008009",2010-08-23,-124.15583333,46.09,80.7
"4401","201003008010",2010-08-23,-124.43361111,46.25444444,452.9
"4402","201003008011",2010-08-23,-124.58416667,46.33472222,151.2
"4403","201003008012",2010-08-23,-124.37694444,46.36027778,102.8
"4404","201003008013",2010-08-23,-124.28916667,46.32166667,79.4
"4405","201003008014",2010-08-24,-124.6125,47.06805556,85.2
"4406","201003008015",2010-08-24,-124.7475,47.15472222,121.2
"4407","201003008016",2010-08-24,-124.85305556,47.17333333,150.8
"4408","201003008017",2010-08-24,-124.99638889,47.55361111,196
"4409","201003008019",2010-08-24,-124.91694444,47.73805556,111.6
"4410","201003008020",2010-08-25,-124.77222222,47.86472222,60.2
"4411","201003008021",2010-08-25,-124.92944444,47.99611111,90.1
"4412","201003008023",2010-08-25,-125.14111111,48.05805556,143.6
"4413","201003008024",2010-08-25,-125.20638889,48.23472222,223
"4414","201003008025",2010-08-25,-125.04833333,48.35638889,189.6
"4415","201003008026",2010-08-26,-125.73527778,48.12583333,282.9
"4416","201003008028",2010-08-26,-125.29055556,47.8425,505.2
"4417","201003008029",2010-08-26,-125.25333333,47.85111111,467.3
"4418","201003008030",2010-08-26,-125.325,47.64472222,983.1
"4419","201003008031",2010-08-26,-125.10833333,47.59361111,453.5
"4420","201003008032",2010-08-27,-125.08805556,46.80388889,615.6
"4421","201003008033",2010-08-27,-125.02916667,46.67444444,1023.5
"4422","201003008034",2010-08-27,-124.83277778,46.705,382.2
"4423","201003008035",2010-08-27,-124.84666667,46.49472222,1227.1
"4424","201003008036",2010-08-28,-124.03916667,45.76916667,66.3
"4425","201003008037",2010-08-28,-124.14,45.74222222,93.8
"4426","201003008038",2010-08-28,-124.28222222,45.74222222,141.3
"4427","201003008039",2010-08-28,-124.38555556,45.73194444,152.6
"4428","201003008040",2010-08-28,-124.3025,45.65638889,147.4
"4429","201003008041",2010-08-29,-124.18444444,45.30166667,135.8
"4430","201003008042",2010-08-29,-124.53194444,45.4225,431.2
"4431","201003008043",2010-08-29,-124.50833333,45.30305556,406.2
"4432","201003008044",2010-08-29,-124.22888889,45.0725,151.6
"4433","201003008045",2010-09-05,-124.20694444,44.49694444,60.6
"4434","201003008046",2010-09-05,-124.42166667,44.41805556,82.8
"4435","201003008047",2010-09-05,-124.38972222,44.42527778,79
"4436","201003008048",2010-09-05,-124.55833333,44.5625,139.8
"4437","201003008049",2010-09-05,-124.48805556,44.86055556,200.5
"4438","201003008050",2010-09-05,-124.65972222,44.90833333,337.1
"4439","201003008051",2010-09-06,-124.58444444,44.47777778,127.4
"4440","201003008052",2010-09-06,-124.57527778,44.43638889,115.7
"4441","201003008053",2010-09-06,-124.54111111,44.40138889,103.9
"4442","201003008054",2010-09-06,-124.54777778,44.39027778,101.1
"4443","201003008055",2010-09-06,-124.35138889,44.33222222,81
"4444","201003008056",2010-09-06,-124.315,44.32916667,76.9
"4445","201003008057",2010-09-07,-124.27611111,44.14,75.4
"4446","201003008058",2010-09-07,-124.35638889,44.07416667,102
"4447","201003008059",2010-09-07,-124.2575,43.78111111,87.8
"4448","201003008060",2010-09-07,-124.98361111,43.96611111,601.3
"4449","201003008061",2010-09-08,-125.01555556,43.64666667,1131.5
"4450","201003008062",2010-09-08,-124.94555556,43.60666667,773.5
"4451","201003008063",2010-09-08,-124.51527778,43.55305556,155.7
"4452","201003008064",2010-09-09,-124.71222222,43.34555556,371.4
"4453","201003008065",2010-09-09,-124.75277778,43.44305556,512.6
"4454","201003008066",2010-09-09,-124.95416667,43.35111111,835
"4455","201003008067",2010-09-09,-124.95694444,43.28222222,796.4
"4456","201003008069",2010-09-10,-124.59611111,43.05166667,113.1
"4457","201003008070",2010-09-10,-124.62722222,43.0175,119.6
"4458","201003008071",2010-09-10,-124.91888889,43.14833333,689
"4459","201003008072",2010-09-10,-124.92527778,43.12111111,698.3
"4460","201003008073",2010-09-10,-124.96138889,42.87555556,837.9
"4461","201003008074",2010-09-11,-124.72611111,42.66583333,297.4
"4462","201003008075",2010-09-11,-124.79833333,42.43972222,418.7
"4463","201003008076",2010-09-11,-124.93694444,42.15833333,1065.8
"4464","201003008077",2010-09-11,-124.84166667,42.13861111,765.7
"4465","201003008078",2010-09-11,-124.70944444,42.26361111,499.9
"4466","201003008079",2010-09-12,-124.49777778,42.15444444,121.8
"4467","201003008080",2010-09-12,-124.59666667,42.09666667,257.9
"4468","201003008081",2010-09-16,-124.35166667,41.95972222,59.4
"4469","201003008082",2010-09-16,-124.54638889,41.85305556,429.2
"4470","201003008083",2010-09-16,-124.48138889,41.86777778,135
"4471","201003008084",2010-09-16,-124.38,41.75333333,99.8
"4472","201003008085",2010-09-16,-124.4075,41.69527778,117.3
"4473","201003008086",2010-09-16,-124.40305556,41.62833333,113.1
"4474","201003008088",2010-09-17,-124.91722222,41.53277778,799.7
"4475","201003008089",2010-09-17,-124.795,41.47611111,956.5
"4476","201003008090",2010-09-17,-124.52111111,41.36833333,540.9
"4477","201003008091",2010-09-17,-124.48055556,41.30138889,478
"4478","201003008092",2010-09-17,-124.38388889,41.22055556,219.7
"4479","201003008093",2010-09-18,-124.29833333,41.07,107.8
"4480","201003008094",2010-09-18,-124.56083333,40.97555556,577.8
"4481","201003008095",2010-09-18,-124.52944444,40.93777778,515.1
"4482","201003008096",2010-09-18,-124.66944444,40.89027778,656.6
"4483","201003008097",2010-09-18,-124.76388889,40.87305556,1142.2
"4484","201003008098",2010-09-19,-125.01472222,40.27222222,1042.8
"4485","201003008099",2010-09-19,-125.07416667,40.18111111,1190.3
"4486","201003008100",2010-09-19,-124.90777778,40.09666667,1216.9
"4487","201003008101",2010-09-19,-124.64611111,40.11888889,827.8
"4488","201003008102",2010-09-19,-124.65138889,40.17166667,743.3
"4489","201003008103",2010-09-20,-124.48,40.17722222,494.6
"4490","201003008104",2010-09-20,-124.38527778,40.14083333,426.5
"4491","201003008105",2010-09-20,-124.41305556,40.055,756.9
"4492","201003008106",2010-09-20,-124.25055556,40.05111111,235.7
"4493","201003008107",2010-09-21,-123.86,39.36944444,95.9
"4494","201003008108",2010-09-21,-123.80527778,39.23916667,70.2
"4495","201003008109",2010-09-21,-124.04222222,39.13888889,564.2
"4496","201003008110",2010-09-22,-123.95305556,39.02166667,279.2
"4497","201003008111",2010-09-22,-123.82944444,39.01055556,102.1
"4498","201003008112",2010-09-22,-123.7725,38.90361111,82.7
"4499","201003008113",2010-09-22,-123.74166667,38.76722222,129.8
"4500","201003008114",2010-09-22,-123.64833333,38.58638889,168
"4501","201003008115",2010-09-23,-123.18138889,38.40083333,68.4
"4502","201003008116",2010-09-23,-123.23833333,38.46277778,64
"4503","201003008117",2010-09-23,-123.23166667,38.40444444,89.8
"4504","201003008118",2010-09-23,-123.52333333,38.37722222,205.5
"4505","201003008119",2010-09-23,-123.44138889,38.34777778,167.2
"4506","201003008120",2010-09-24,-123.4225,37.93888889,135.2
"4507","201003008121",2010-09-24,-123.22305556,37.85194444,101.9
"4508","201003008122",2010-09-25,-123.05444444,37.92138889,78.5
"4509","201003008123",2010-09-25,-122.97694444,37.84388889,79.1
"4510","201003008124",2010-09-29,-122.95194444,37.40555556,394.9
"4511","201003008125",2010-09-29,-122.925,37.40805556,289
"4512","201003008126",2010-09-29,-122.80666667,37.4025,104.5
"4513","201003008127",2010-09-29,-122.79722222,37.30222222,130.8
"4514","201003008128",2010-09-29,-122.26361111,36.99083333,69.9
"4515","201003008129",2010-09-30,-122.12194444,36.49583333,989.9
"4516","201003008130",2010-09-30,-122.22638889,36.22194444,1065.5
"4517","201003008132",2010-09-30,-122.21833333,36.1925,1100.5
"4518","201003008133",2010-09-30,-121.7575,36.17361111,348.7
"4519","201003008134",2010-10-01,-121.90444444,35.89111111,1216.6
"4520","201003008135",2010-10-01,-122.06277778,35.7775,1147.5
"4521","201003008136",2010-10-01,-121.79972222,35.55111111,1005.4
"4522","201003008137",2010-10-01,-121.66027778,35.6,864.8
"4523","201003008138",2010-10-01,-121.64222222,35.63333333,827.7
"4524","201003008139",2010-10-02,-121.4225,35.59305556,527
"4525","201003008140",2010-10-02,-121.46083333,35.49722222,749.4
"4526","201003008141",2010-10-02,-121.23416667,35.36194444,453.9
"4527","201003008142",2010-10-02,-121.10972222,35.39027778,274.7
"4528","201003008143",2010-10-02,-121.09333333,35.42277778,243.1
"4529","201003008144",2010-10-03,-121.205,35.18777778,572
"4530","201003008145",2010-10-03,-121.46,35.10333333,487.5
"4531","201003008146",2010-10-03,-121.25305556,35.05916667,602.7
"4532","201003008147",2010-10-03,-121.31666667,34.82916667,456.8
"4533","201003008148",2010-10-03,-121.23333333,34.75888889,473.8
"4534","201003008149",2010-10-03,-121.205,34.74444444,451.3
"4535","201003008150",2010-10-04,-120.34694444,33.92027778,256
"4536","201003008151",2010-10-04,-120.23305556,33.91166667,95
"4537","201003008152",2010-10-04,-120.23083333,33.93611111,66.9
"4538","201003008154",2010-10-05,-120.10194444,34.43666667,69.7
"4539","201003008155",2010-10-05,-120.47055556,34.41805556,87.6
"4540","201003008156",2010-10-06,-120.76666667,35.10333333,59.1
"4541","201003008158",2010-10-06,-121.05166667,35.38472222,207.9
"4542","201003008159",2010-10-11,-121.05,34.7075,531.5
"4543","201003008160",2010-10-11,-120.85861111,34.4075,749.9
"4544","201003008161",2010-10-11,-120.49861111,34.25444444,486
"4545","201003008163",2010-10-11,-120.18388889,34.13777778,377.1
"4546","201003008164",2010-10-12,-119.63694444,33.95305556,96.8
"4547","201003008165",2010-10-12,-119.88472222,33.65,182.1
"4548","201003008166",2010-10-12,-119.89444444,33.52638889,353.4
"4549","201003008167",2010-10-12,-120.15222222,33.35611111,1120.6
"4550","201003008168",2010-10-13,-120.34861111,33.15416667,530
"4551","201003008169",2010-10-13,-120.01333333,32.99472222,1106.3
"4552","201003008170",2010-10-13,-120.06861111,32.85083333,719.7
"4553","201003008172",2010-10-13,-120.09083333,32.75,510
"4554","201003008173",2010-10-14,-119.06944444,32.27222222,1186.5
"4555","201003008174",2010-10-14,-118.99138889,32.25638889,1088.1
"4556","201003008175",2010-10-14,-118.54388889,32.4675,1069.8
"4557","201003008176",2010-10-14,-118.64777778,32.63805556,1111.8
"4558","201003008177",2010-10-15,-117.545,32.80611111,909.2
"4559","201003008178",2010-10-15,-117.35972222,32.82111111,103.2
"4560","201003008179",2010-10-15,-117.33916667,32.92611111,331.9
"4561","201003008180",2010-10-15,-117.34527778,32.94888889,427.8
"4562","201003008181",2010-10-15,-117.31111111,32.98777778,62.4
"4563","201003008182",2010-10-16,-117.99194444,33.44222222,496.1
"4564","201003008183",2010-10-16,-118.10555556,33.54,341
"4565","201003008185",2010-10-17,-119.37472222,34.09305556,232.7
"4566","201003008186",2010-10-18,-119.39944444,34.16055556,88.3
"4567","201003008187",2010-10-18,-119.43611111,34.16611111,114.6
"4568","201003008188",2010-10-18,-119.51111111,34.235,80.6
"4569","201003008189",2010-10-18,-119.72777778,34.15777778,367.8
"4570","201003008190",2010-10-18,-119.70388889,34.20944444,224.9
"4571","201003008192",2010-10-19,-119.89333333,34.13138889,165.9
"4572","201003008193",2010-10-19,-119.91805556,34.12305556,102.7
"4573","201003008194",2010-10-20,-120.88027778,34.58333333,389.3
"4574","201003008195",2010-10-20,-120.81111111,34.90027778,124.8
"4575","201003010001",2010-05-23,-125.21333333,44.93916667,1234.2
"4576","201003010002",2010-05-23,-124.79944444,45.2975,658.3
"4577","201003010003",2010-05-23,-124.58,45.24,453
"4578","201003010005",2010-05-23,-124.68444444,45.30277778,500.6
"4579","201003010006",2010-05-24,-124.88777778,45.72861111,1069.2
"4580","201003010007",2010-05-24,-124.91472222,46.03861111,902.1
"4581","201003010009",2010-05-25,-125.23111111,46.765,992.7
"4582","201003010010",2010-05-25,-124.84388889,46.85861111,161.7
"4583","201003010011",2010-05-25,-124.92638889,47.07083333,168
"4584","201003010012",2010-05-25,-124.93222222,47.12861111,165
"4585","201003010013",2010-05-26,-125.70277778,47.79611111,1182.4
"4586","201003010014",2010-05-26,-125.37555556,47.93027778,763.6
"4587","201003010015",2010-05-26,-125.65972222,48.12916667,202.5
"4588","201003010016",2010-05-26,-125.9075,48.175,781.5
"4589","201003010017",2010-05-27,-125.20972222,48.29,195.1
"4590","201003010018",2010-05-27,-124.95916667,48.26888889,174.9
"4591","201003010019",2010-05-27,-125.02361111,48.19694444,272.4
"4592","201003010020",2010-05-27,-125.06777778,48.17361111,219.4
"4593","201003010021",2010-05-27,-125.18805556,48.10472222,135.5
"4594","201003010022",2010-05-28,-124.89444444,47.87444444,94
"4595","201003010023",2010-05-28,-125.23888889,48.11027778,317
"4596","201003010025",2010-05-29,-125.37,48.085,142.7
"4597","201003010026",2010-05-29,-125.36305556,48.08,151
"4598","201003010027",2010-05-29,-125.20805556,47.86888889,314.3
"4599","201003010028",2010-05-29,-124.79583333,47.50472222,118.5
"4600","201003010029",2010-05-29,-124.84388889,47.47361111,165.2
"4601","201003010030",2010-05-30,-124.79805556,47.29416667,167.7
"4602","201003010031",2010-05-30,-124.57444444,47.25277778,74.2
"4603","201003010032",2010-05-30,-124.71194444,47.22638889,112.9
"4604","201003010033",2010-05-30,-124.75305556,46.97333333,138.7
"4605","201003010034",2010-05-30,-124.6525,46.88444444,119.7
"4606","201003010035",2010-05-31,-124.64833333,46.70222222,146
"4607","201003010036",2010-05-31,-124.5175,46.68361111,112.2
"4608","201003010037",2010-05-31,-124.36222222,46.65277778,76.3
"4609","201003010038",2010-05-31,-124.39916667,46.55222222,89.8
"4610","201003010039",2010-05-31,-124.26888889,46.49083333,60.8
"4611","201003010040",2010-05-31,-124.60916667,46.44916667,908.7
"4612","201003010041",2010-06-01,-124.62083333,46.20416667,194.1
"4613","201003010042",2010-06-01,-124.47333333,46.19583333,134.3
"4614","201003010043",2010-06-05,-124.37916667,46.02888889,133.6
"4615","201003010044",2010-06-05,-124.51666667,46.06,144.4
"4616","201003010045",2010-06-05,-124.51972222,45.70472222,196.8
"4617","201003010046",2010-06-05,-124.27638889,45.63222222,143.8
"4618","201003010047",2010-06-06,-124.27,45.30277778,175.9
"4619","201003010048",2010-06-06,-124.29055556,45.13944444,185.8
"4620","201003010049",2010-06-06,-124.55111111,45.0425,396.3
"4621","201003010050",2010-06-06,-124.27694444,44.99,156.8
"4622","201003010051",2010-06-06,-124.15777778,45.01027778,103
"4623","201003010052",2010-06-06,-124.13805556,44.90666667,76.4
"4624","201003010053",2010-06-06,-124.3225,44.8975,149.7
"4625","201003010054",2010-06-07,-124.51888889,44.71194444,151.1
"4626","201003010055",2010-06-07,-124.69,44.64666667,203.7
"4627","201003010056",2010-06-07,-124.87,44.81277778,471.3
"4628","201003010058",2010-06-07,-125.04888889,44.63638889,1180.4
"4629","201003010059",2010-06-08,-124.83083333,44.46638889,332.4
"4630","201003010060",2010-06-08,-125.00444444,44.32305556,704.5
"4631","201003010064",2010-06-08,-124.66694444,44.08055556,124.9
"4632","201003010065",2010-06-09,-124.30388889,44.43083333,73
"4633","201003010066",2010-06-09,-124.22111111,44.44083333,65.3
"4634","201003010067",2010-06-10,-124.53361111,44.33333333,96.2
"4635","201003010068",2010-06-10,-124.40027778,44.1725,95.5
"4636","201003010069",2010-06-10,-124.22083333,44.14694444,64.7
"4637","201003010070",2010-06-10,-124.52027778,44.05444444,130.4
"4638","201003010072",2010-06-11,-124.75416667,43.72333333,539.9
"4639","201003010073",2010-06-11,-124.80638889,43.55055556,663.1
"4640","201003010074",2010-06-11,-124.94555556,43.55888889,831.6
"4641","201003010075",2010-06-11,-124.90222222,43.55944444,711.7
"4642","201003010076",2010-06-16,-124.74055556,43.48472222,517.9
"4643","201003010077",2010-06-16,-125.04111111,43.36555556,898.3
"4644","201003010078",2010-06-16,-124.85305556,43.25527778,364.4
"4645","201003010079",2010-06-16,-124.84888889,43.16333333,293.1
"4646","201003010080",2010-06-17,-124.59444444,42.69805556,101.7
"4647","201003010081",2010-06-17,-124.68138889,42.595,148.6
"4648","201003010082",2010-06-17,-124.83944444,42.57388889,862.7
"4649","201003010083",2010-06-17,-124.75222222,42.47972222,146.8
"4650","201003010084",2010-06-18,-124.53722222,42.04194444,131.6
"4651","201003010085",2010-06-18,-124.69277778,42.00583333,595.7
"4652","201003010086",2010-06-18,-124.85777778,42.00333333,933.7
"4653","201003010087",2010-06-18,-124.98388889,41.90833333,824.7
"4654","201003010088",2010-06-19,-124.48611111,41.89888889,125.5
"4655","201003010089",2010-06-19,-124.40583333,41.78416667,110.1
"4656","201003010090",2010-06-19,-124.53027778,41.72305556,451.2
"4657","201003010091",2010-06-19,-124.44222222,41.60083333,141.8
"4658","201003010092",2010-06-19,-124.47166667,41.3025,395.4
"4659","201003010093",2010-06-20,-124.78527778,41.17166667,1243.6
"4660","201003010094",2010-06-20,-124.73333333,40.94916667,764.5
"4661","201003010095",2010-06-20,-124.57583333,41.09972222,898.4
"4662","201003010096",2010-06-20,-124.45694444,41.10277778,619
"4663","201003010097",2010-06-20,-124.39027778,41.00361111,234.1
"4664","201003010098",2010-06-21,-124.30777778,40.95833333,96.9
"4665","201003010099",2010-06-21,-124.365,40.93972222,140.3
"4666","201003010100",2010-06-21,-124.27833333,40.9075,75.7
"4667","201003010101",2010-06-22,-124.505,40.7725,344.2
"4668","201003010102",2010-06-22,-124.56916667,40.77388889,564.8
"4669","201003010103",2010-06-22,-124.51805556,40.63555556,658.6
"4670","201003010104",2010-06-22,-124.47055556,40.55083333,64.8
"4671","201003010105",2010-06-22,-124.60027778,40.55138889,142.6
"4672","201003010107",2010-06-23,-124.67694444,39.91611111,1185.9
"4673","201003010108",2010-06-23,-124.28472222,40.10916667,165.2
"4674","201003010109",2010-06-24,-124.25472222,39.98444444,497
"4675","201003010110",2010-06-24,-124.1075,39.885,136.8
"4676","201003010111",2010-06-24,-124.03444444,39.74972222,185.3
"4677","201003010112",2010-06-24,-124.03416667,39.64638889,478.6
"4678","201003010113",2010-06-24,-123.86111111,39.45055556,96.3
"4679","201003010114",2010-06-24,-124.01305556,39.32083333,474.6
"4680","201003010115",2010-06-25,-123.78611111,38.79194444,131
"4681","201003010116",2010-06-25,-123.67833333,38.57583333,220.3
"4682","201003010117",2010-06-25,-123.53277778,38.61861111,114.9
"4683","201003010118",2010-06-25,-123.55166667,38.48222222,172.9
"4684","201003010119",2010-06-25,-123.58972222,38.315,471.3
"4685","201003010120",2010-06-25,-123.43694444,38.25111111,263.3
"4686","201003010121",2010-06-26,-123.15305556,38.34083333,80.4
"4687","201003010122",2010-06-26,-123.18666667,37.97888889,105.4
"4688","201003010123",2010-07-02,-122.98722222,37.54388889,163
"4689","201003010124",2010-07-02,-123.01472222,37.41166667,598
"4690","201003010125",2010-07-02,-122.85222222,37.21305556,316.6
"4691","201003010126",2010-07-02,-122.64638889,37.43361111,74.3
"4692","201003010127",2010-07-03,-122.50722222,37.06277778,115
"4693","201003010128",2010-07-03,-122.59472222,37.03805556,136.9
"4694","201003010129",2010-07-03,-122.6525,37.06944444,177.5
"4695","201003010130",2010-07-03,-122.60611111,36.94111111,991.8
"4696","201003010131",2010-07-04,-122.17111111,36.73861111,767
"4697","201003010133",2010-07-04,-122.15055556,36.15972222,1221.6
"4698","201003010134",2010-07-05,-121.7825,35.55083333,986.9
"4699","201003010135",2010-07-05,-121.4025,35.60111111,471.1
"4700","201003010136",2010-07-05,-121.40694444,35.56194444,557.7
"4701","201003010137",2010-07-05,-121.61861111,35.24,843.9
"4702","201003010139",2010-07-06,-121.30416667,34.82138889,461.4
"4703","201003010140",2010-07-06,-121.14333333,34.79861111,558.2
"4704","201003010141",2010-07-06,-121.14222222,34.72,567.8
"4705","201003010142",2010-07-06,-120.825,34.69972222,124.6
"4706","201003010143",2010-07-06,-120.98555556,34.84333333,368.4
"4707","201003010144",2010-07-06,-121.13638889,35.23916667,489.8
"4708","201003010145",2010-07-07,-121.38111111,35.31777778,731.3
"4709","201003010146",2010-07-07,-121.33722222,35.19833333,671.6
"4710","201003010147",2010-07-07,-121.275,35.21555556,609.8
"4711","201003010148",2010-07-07,-121.17972222,35.27944444,488.5
"4712","201003010149",2010-07-11,-120.53361111,34.38611111,266.3
"4713","201003010150",2010-07-11,-120.48583333,34.19444444,138.7
"4714","201003010151",2010-07-11,-120.24916667,34.16777778,482.6
"4715","201003010152",2010-07-11,-120.13944444,34.40916667,170.5
"4716","201003010153",2010-07-12,-120.02361111,34.42444444,61.6
"4717","201003010154",2010-07-12,-120.02666667,34.39138889,164.4
"4718","201003010155",2010-07-12,-119.82583333,34.28916667,293.4
"4719","201003010156",2010-07-12,-119.81138889,34.21694444,372.2
"4720","201003010157",2010-07-12,-119.84194444,34.18666667,454.2
"4721","201003010158",2010-07-12,-119.76527778,34.21166667,307.7
"4722","201003010160",2010-07-13,-120.09583333,33.85083333,114.7
"4723","201003010161",2010-07-13,-119.94472222,33.83111111,110.9
"4724","201003010164",2010-07-14,-119.45777778,34.08333333,188.8
"4725","201003010165",2010-07-14,-119.05,34.02722222,294.6
"4726","201003010167",2010-07-14,-118.66138889,33.56444444,565.9
"4727","201003010168",2010-07-14,-118.48888889,33.47805556,238.4
"4728","201003010169",2010-07-15,-118.0475,33.53138889,386.3
"4729","201003010170",2010-07-15,-117.7025,33.30888889,685
"4730","201003010171",2010-07-15,-117.61166667,33.26583333,454.2
"4731","201003010172",2010-07-15,-117.51222222,33.14805556,492.4
"4732","201003010173",2010-07-15,-117.85361111,33.19111111,826.1
"4733","201003010174",2010-07-16,-118.21527778,33.27777778,275.2
"4734","201003010175",2010-07-16,-118.31555556,33.38277778,198.6
"4735","201003010176",2010-07-17,-117.36833333,32.84916667,281.3
"4736","201003010179",2010-07-17,-117.32972222,32.71,92.4
"4737","201003010180",2010-07-17,-117.32777778,32.58416667,142.4
"4738","201003010181",2010-07-17,-117.38,32.67583333,271
"4739","201003010183",2010-07-18,-118.19972222,32.87555556,860.4
"4740","201003010184",2010-07-18,-118.39694444,32.69388889,417
"4741","201003010185",2010-07-19,-119.97638889,33.61777778,342
"4742","201003010186",2010-07-19,-120.20194444,33.74972222,791.4
"4743","201003010187",2010-07-19,-120.39055556,33.83972222,670.8
"4744","201003010188",2010-07-20,-120.98916667,34.98222222,402.1
"4745","201003010189",2010-07-20,-120.89055556,35.06694444,171.2
"4746","201003010190",2010-07-20,-120.915,35.0725,212.4
"4747","201003010191",2010-07-20,-120.96333333,35.09972222,303.5
"4748","201003017001",2010-05-23,-124.93361111,45.17944444,819.7
"4749","201003017002",2010-05-23,-124.81916667,45.26777778,713
"4750","201003017003",2010-05-23,-124.69083333,45.335,496.3
"4751","201003017004",2010-05-23,-124.7575,45.46333333,562
"4752","201003017005",2010-05-24,-124.91222222,45.84472222,899.2
"4753","201003017006",2010-05-24,-124.71972222,45.9,266.2
"4754","201003017007",2010-05-24,-124.62111111,46.30722222,170
"4755","201003017008",2010-05-24,-124.76555556,46.68833333,195.6
"4756","201003017009",2010-05-25,-125.18694444,47.62833333,659.9
"4757","201003017010",2010-05-25,-125.44111111,47.70972222,1043.2
"4758","201003017011",2010-05-25,-125.51611111,47.73833333,936.9
"4759","201003017012",2010-05-25,-125.555,47.70555556,1107.1
"4760","201003017015",2010-05-26,-125.63305556,48.15722222,171
"4761","201003017016",2010-05-26,-125.62722222,47.94083333,520.6
"4762","201003017017",2010-05-26,-125.44083333,47.99861111,163.9
"4763","201003017019",2010-05-27,-125.33277778,48.04,506.3
"4764","201003017020",2010-05-27,-125.28583333,47.96972222,343
"4765","201003017021",2010-05-27,-125.28472222,47.92305556,383.8
"4766","201003017022",2010-05-27,-125.03444444,48.29944444,200.9
"4767","201003017023",2010-05-27,-124.8675,48.3425,178.4
"4768","201003017024",2010-05-28,-124.92777778,47.88611111,101.3
"4769","201003017025",2010-05-29,-125.14194444,47.90166667,166.2
"4770","201003017027",2010-05-29,-124.78611111,47.75555556,78.8
"4771","201003017028",2010-05-29,-124.96083333,47.67472222,138.2
"4772","201003017029",2010-05-29,-124.74861111,47.19777778,122.9
"4773","201003017032",2010-05-30,-124.7625,47.00416667,135.7
"4774","201003017033",2010-05-30,-124.79388889,46.91694444,156.2
"4775","201003017034",2010-05-30,-124.76444444,46.85222222,152.6
"4776","201003017035",2010-05-31,-124.39194444,46.89888889,62
"4777","201003017036",2010-05-31,-124.61361111,46.80055556,120.6
"4778","201003017037",2010-05-31,-124.40277778,46.69666667,82.2
"4779","201003017038",2010-05-31,-124.72333333,46.58111111,969.5
"4780","201003017040",2010-05-31,-124.49972222,46.49805556,194.6
"4781","201003017041",2010-06-01,-124.51861111,46.39833333,143.1
"4782","201003017042",2010-06-01,-124.37333333,46.40444444,91.5
"4783","201003017043",2010-06-05,-124.34638889,46.29166667,132.7
"4784","201003017044",2010-06-05,-124.58555556,46.28583333,150.6
"4785","201003017045",2010-06-05,-124.40361111,46.25583333,213.7
"4786","201003017046",2010-06-05,-124.40916667,46.19222222,126.9
"4787","201003017047",2010-06-05,-124.28416667,45.80305556,140.9
"4788","201003017048",2010-06-06,-124.05083333,45.24,65
"4789","201003017049",2010-06-06,-124.46194444,45.27277778,398.1
"4790","201003017050",2010-06-06,-124.64416667,45.27361111,499.4
"4791","201003017051",2010-06-06,-124.47833333,45.10972222,354.7
"4792","201003017052",2010-06-07,-124.40361111,45.10416667,322.2
"4793","201003017053",2010-06-07,-124.44416667,45.06888889,336.2
"4794","201003017054",2010-06-07,-124.33638889,44.99972222,185.3
"4795","201003017055",2010-06-07,-124.71666667,45.00305556,500.5
"4796","201003017056",2010-06-07,-124.76388889,44.74222222,398.6
"4797","201003017057",2010-06-08,-124.53083333,44.60027778,139.5
"4798","201003017058",2010-06-08,-124.94444444,44.57833333,820.2
"4799","201003017059",2010-06-08,-125.00666667,44.57083333,985.1
"4800","201003017060",2010-06-08,-124.53138889,44.32361111,99.5
"4801","201003017061",2010-06-09,-124.67722222,44.19444444,115.1
"4802","201003017062",2010-06-09,-124.53638889,44.13694444,115.7
"4803","201003017063",2010-06-10,-124.50194444,43.58444444,153.1
"4804","201003017064",2010-06-10,-124.61583333,43.60361111,280
"4805","201003017065",2010-06-10,-124.81583333,43.7425,626.1
"4806","201003017067",2010-06-11,-124.52,43.40777778,114.2
"4807","201003017068",2010-06-17,-124.76138889,43.32027778,480.7
"4808","201003017069",2010-06-17,-124.56,42.95277778,69.1
"4809","201003017070",2010-06-17,-124.76638889,42.94694444,159
"4810","201003017071",2010-06-17,-124.60083333,42.52416667,95.8
"4811","201003017072",2010-06-18,-124.57583333,42.28416667,158.9
"4812","201003017073",2010-06-18,-124.88111111,42.25666667,881
"4813","201003017074",2010-06-18,-124.63805556,42.3175,199.7
"4814","201003017075",2010-06-18,-124.58166667,42.35027778,128.8
"4815","201003017076",2010-06-18,-124.56305556,42.21916667,166.2
"4816","201003017077",2010-06-18,-124.60555556,42.19888889,264.4
"4817","201003017078",2010-06-19,-124.5525,41.98694444,147.2
"4818","201003017079",2010-06-19,-124.57194444,41.95444444,202.8
"4819","201003017080",2010-06-19,-124.91055556,41.85527778,927.1
"4820","201003017081",2010-06-19,-124.65472222,41.76111111,709.6
"4821","201003017082",2010-06-19,-124.71638889,41.66138889,835.6
"4822","201003017083",2010-06-19,-124.66111111,41.62722222,829.2
"4823","201003017084",2010-06-20,-124.79138889,41.50222222,972.2
"4824","201003017085",2010-06-20,-124.93,41.44,924.3
"4825","201003017086",2010-06-20,-124.87166667,41.30111111,1137.8
"4826","201003017087",2010-06-20,-124.72055556,41.43055556,1055.4
"4827","201003017089",2010-06-21,-124.27194444,41.06694444,89.2
"4828","201003017090",2010-06-21,-124.50027778,40.95833333,449.6
"4829","201003017091",2010-06-22,-124.31583333,40.80361111,59.4
"4830","201003017092",2010-06-22,-124.61361111,40.68527778,570.3
"4831","201003017093",2010-06-22,-124.67555556,40.52333333,268.5
"4832","201003017096",2010-06-22,-124.32333333,40.16916667,106
"4833","201003017097",2010-06-23,-123.96888889,39.84388889,113.8
"4834","201003017098",2010-06-23,-124.06027778,39.75166667,330
"4835","201003017099",2010-06-23,-124.09277778,39.63888889,802.2
"4836","201003017100",2010-06-23,-123.91583333,39.70277778,130.4
"4837","201003017101",2010-06-23,-123.88055556,39.70916667,109.3
"4838","201003017102",2010-06-23,-123.96638889,39.73138889,154.7
"4839","201003017103",2010-06-24,-123.85666667,39.18138889,115.9
"4840","201003017104",2010-06-24,-124.04888889,39.20222222,571.6
"4841","201003017105",2010-06-24,-123.86944444,38.88833333,136.8
"4842","201003017106",2010-06-24,-123.62,38.41333333,467
"4843","201003017107",2010-06-24,-123.37388889,38.44138889,119.5
"4844","201003017108",2010-06-25,-123.15166667,38.23888889,90.1
"4845","201003017109",2010-06-25,-123.42777778,38.30305556,185
"4846","201003017110",2010-06-25,-123.35416667,38.14305556,171.8
"4847","201003017111",2010-06-25,-123.50638889,38.13916667,541.6
"4848","201003017112",2010-06-26,-123.12305556,37.71666667,107.9
"4849","201003017113",2010-06-26,-122.84416667,37.76666667,57.2
"4850","201003017114",2010-06-30,-122.70527778,37.49638889,72
"4851","201003017115",2010-06-30,-122.83833333,37.40333333,117.9
"4852","201003017117",2010-07-01,-122.59416667,37.32861111,84.2
"4853","201003017118",2010-07-01,-122.77277778,37.33222222,111
"4854","201003017119",2010-07-01,-122.96055556,37.47583333,229.5
"4855","201003017121",2010-07-01,-122.50583333,37.28694444,67.7
"4856","201003017122",2010-07-02,-122.65833333,37.13416667,117.1
"4857","201003017123",2010-07-02,-122.82055556,37.07444444,658.6
"4858","201003017124",2010-07-02,-122.82527778,37.04083333,837.9
"4859","201003017125",2010-07-02,-122.72666667,37.01166667,667.9
"4860","201003017126",2010-07-02,-122.68638889,36.97527778,781.7
"4861","201003017127",2010-07-03,-122.06611111,36.84194444,96
"4862","201003017128",2010-07-03,-122.23305556,36.80638889,673.3
"4863","201003017129",2010-07-03,-121.96333333,36.74222222,118
"4864","201003017130",2010-07-03,-121.86694444,36.71194444,67
"4865","201003017131",2010-07-03,-121.92611111,36.68333333,93.8
"4866","201003017133",2010-07-04,-121.85944444,36.21166667,237.6
"4867","201003017134",2010-07-04,-121.94166667,36.08388889,1146.4
"4868","201003017135",2010-07-04,-121.85111111,35.96638889,1174.5
"4869","201003017136",2010-07-04,-121.64944444,35.93805556,681.2
"4870","201003017137",2010-07-04,-121.74583333,35.83277778,942.1
"4871","201003017138",2010-07-05,-121.98972222,35.74138889,1114.6
"4872","201003017139",2010-07-05,-121.95194444,35.71361111,1115.3
"4873","201003017140",2010-07-05,-121.86305556,35.48166667,1152.4
"4874","201003017141",2010-07-05,-121.65944444,35.47777778,1039.6
"4875","201003017142",2010-07-05,-121.72277778,35.2275,1256.4
"4876","201003017143",2010-07-06,-121.47583333,35.05861111,452.7
"4877","201003017144",2010-07-06,-121.31916667,35.08777778,628.5
"4878","201003017145",2010-07-06,-121.02722222,35.31194444,199.4
"4879","201003017146",2010-07-06,-121.0775,35.40027778,230.8
"4880","201003017147",2010-07-06,-121.10444444,35.47138889,122.1
"4881","201003017148",2010-07-07,-121.12944444,35.4775,199.3
"4882","201003017149",2010-07-07,-121.25333333,35.42638889,421.2
"4883","201003017150",2010-07-11,-120.8675,34.73638889,182
"4884","201003017151",2010-07-11,-120.87388889,34.64527778,275.1
"4885","201003017152",2010-07-11,-120.85,34.23527778,818.7
"4886","201003017153",2010-07-11,-120.82527778,34.24527778,799
"4887","201003017154",2010-07-11,-120.55666667,34.02472222,412.8
"4888","201003017155",2010-07-12,-120.00305556,33.76944444,150.5
"4889","201003017156",2010-07-12,-120.22361111,33.63472222,1013.4
"4890","201003017157",2010-07-12,-119.83888889,33.65027778,207.2
"4891","201003017159",2010-07-12,-119.8375,33.58333333,401.3
"4892","201003017162",2010-07-13,-119.94222222,33.1375,1070.3
"4893","201003017163",2010-07-13,-120.18111111,32.80972222,553.8
"4894","201003017164",2010-07-14,-118.93916667,32.32888889,666.5
"4895","201003017165",2010-07-14,-118.91972222,32.31805556,467.4
"4896","201003017167",2010-07-14,-118.88027778,32.01027778,1160.1
"4897","201003017168",2010-07-14,-118.33972222,32.0075,1071.5
"4898","201003017169",2010-07-15,-118.62083333,32.54722222,1005.3
"4899","201003017170",2010-07-15,-117.6975,33.01277778,864.1
"4900","201003017171",2010-07-16,-118.07138889,33.11416667,1000.4
"4901","201003017172",2010-07-16,-117.80583333,33.42638889,655.6
"4902","201003017173",2010-07-16,-118.03833333,33.47138889,500.6
"4903","201003017174",2010-07-16,-118.36361111,33.29472222,80.7
"4904","201003017175",2010-07-17,-118.50055556,33.39277778,108.2
"4905","201003017176",2010-07-17,-118.61972222,33.48416667,186.2
"4906","201003017177",2010-07-17,-118.43861111,33.75472222,63.9
"4907","201003017178",2010-07-17,-118.6325,33.96388889,193.3
"4908","201003017179",2010-07-18,-119.34666667,34.00083333,98.4
"4909","201003017181",2010-07-18,-119.56138889,33.97222222,87.8
"4910","201003017183",2010-07-18,-119.59166667,33.96777778,82.1
"4911","201003017184",2010-07-18,-119.49305556,34.16555556,196.5
"4912","201003017185",2010-07-19,-119.87277778,34.24111111,483.8
"4913","201003017186",2010-07-19,-120.09333333,34.12833333,402.8
"4914","201003017187",2010-07-19,-120.16138889,34.34055556,467.8
"4915","201003017188",2010-07-19,-120.57305556,34.32222222,431
"4916","201003017189",2010-07-19,-120.8725,34.76611111,192.9
"4917","201003017190",2010-07-20,-120.87888889,35.00222222,187.3
"4918","201003018001",2010-08-21,-125.2275,44.76194444,1019.6
"4919","201003018002",2010-08-21,-124.94416667,45.08305556,867.3
"4920","201003018003",2010-08-21,-124.72722222,45.37916667,483.4
"4921","201003018004",2010-08-21,-124.67638889,45.39722222,432.8
"4922","201003018005",2010-08-22,-124.65111111,46.40944444,1059
"4923","201003018006",2010-08-22,-124.55,46.58888889,170.3
"4924","201003018007",2010-08-22,-124.68444444,46.75027778,141.5
"4925","201003018008",2010-08-22,-124.87111111,46.72361111,412.5
"4926","201003018009",2010-08-22,-125.04,46.79111111,653.3
"4927","201003018011",2010-08-23,-125.16388889,47.50305556,566.1
"4928","201003018012",2010-08-23,-124.9575,47.57222222,173
"4929","201003018013",2010-08-23,-125.30555556,47.74194444,875.1
"4930","201003018014",2010-08-23,-125.67277778,47.90916667,581.4
"4931","201003018015",2010-08-23,-125.62388889,48.00083333,230.4
"4932","201003018016",2010-08-24,-124.92194444,48.42166667,245.1
"4933","201003018017",2010-08-24,-125.18916667,48.42277778,165.5
"4934","201003018018",2010-08-24,-125.14305556,48.13194444,251.9
"4935","201003018019",2010-08-24,-125.21111111,47.99055556,163.2
"4936","201003018020",2010-08-25,-125.14361111,47.95916667,154
"4937","201003018021",2010-08-25,-124.50555556,47.02583333,71.9
"4938","201003018022",2010-08-26,-124.50527778,47.19388889,63.2
"4939","201003018023",2010-08-26,-124.71222222,47.10166667,111.2
"4940","201003018024",2010-08-26,-124.85916667,47.06,153.4
"4941","201003018025",2010-08-26,-124.68888889,47.03,111.3
"4942","201003018026",2010-08-26,-124.37722222,46.63583333,83.5
"4943","201003018027",2010-08-26,-124.32833333,46.39944444,79.6
"4944","201003018028",2010-08-27,-124.62083333,46.10166667,163.4
"4945","201003018029",2010-08-27,-124.63138889,45.97138889,183.6
"4946","201003018030",2010-08-27,-124.51361111,45.85027778,156.6
"4947","201003018031",2010-08-27,-124.5925,45.75555556,205.3
"4948","201003018032",2010-08-27,-124.49833333,45.72972222,185.5
"4949","201003018033",2010-08-28,-124.17944444,45.86527778,101.9
"4950","201003018034",2010-08-28,-124.28527778,45.93472222,126.8
"4951","201003018035",2010-08-28,-124.46138889,46.03361111,143.5
"4952","201003018036",2010-08-28,-124.39,46.12777778,121.9
"4953","201003018037",2010-08-29,-124.55777778,45.62777778,268.1
"4954","201003018038",2010-08-29,-124.32555556,45.47111111,177.8
"4955","201003018039",2010-08-29,-124.35583333,45.46888889,183.6
"4956","201003018040",2010-08-29,-124.6025,45.42694444,454.5
"4957","201003018041",2010-08-30,-124.28666667,44.67916667,84.1
"4958","201003018042",2010-08-30,-124.28444444,44.6025,78.7
"4959","201003018043",2010-09-04,-124.81194444,44.76305556,459.6
"4960","201003018044",2010-09-04,-124.82138889,44.71555556,439.9
"4961","201003018045",2010-09-04,-124.80138889,44.70333333,424.7
"4962","201003018046",2010-09-04,-124.69861111,44.68416667,313.1
"4963","201003018047",2010-09-04,-124.74555556,44.63055556,274.2
"4964","201003018048",2010-09-05,-124.58,45.07,381.5
"4965","201003018049",2010-09-05,-124.32916667,45.07138889,201.2
"4966","201003018050",2010-09-05,-124.38277778,45.03305556,243.8
"4967","201003018051",2010-09-05,-124.37555556,44.96916667,201.8
"4968","201003018052",2010-09-05,-124.40888889,44.67833333,93.4
"4969","201003018053",2010-09-05,-124.52611111,44.64333333,140.5
"4970","201003018054",2010-09-06,-124.61722222,44.57166667,204.7
"4971","201003018055",2010-09-06,-124.35805556,44.41083333,78.4
"4972","201003018056",2010-09-06,-124.38555556,44.31416667,88.5
"4973","201003018057",2010-09-06,-124.4525,44.17888889,104.5
"4974","201003018058",2010-09-06,-124.26277778,44.0175,80
"4975","201003018059",2010-09-07,-125.01694444,44.2125,570.8
"4976","201003018060",2010-09-07,-124.75083333,44.12305556,111.2
"4977","201003018061",2010-09-07,-124.57361111,44.13972222,117.4
"4978","201003018062",2010-09-07,-124.63222222,44.01444444,142.8
"4979","201003018063",2010-09-07,-124.74361111,43.95666667,143.7
"4980","201003018064",2010-09-08,-124.37222222,43.75083333,112.1
"4981","201003018065",2010-09-08,-124.67138889,43.52,401.6
"4982","201003018066",2010-09-08,-124.75111111,43.385,525.4
"4983","201003018067",2010-09-08,-124.75305556,43.29027778,380.5
"4984","201003018068",2010-09-09,-124.44833333,43.35416667,82.9
"4985","201003018069",2010-09-09,-124.49527778,43.29388889,84.1
"4986","201003018070",2010-09-09,-124.72194444,43.2275,219
"4987","201003018071",2010-09-09,-124.59833333,42.99416667,103.3
"4988","201003018072",2010-09-09,-124.92111111,42.92472222,439
"4989","201003018073",2010-09-10,-124.83611111,42.89166667,245.5
"4990","201003018074",2010-09-10,-124.89861111,42.85638889,409.5
"4991","201003018075",2010-09-10,-124.675,42.83333333,91.7
"4992","201003018076",2010-09-10,-124.61666667,42.74083333,85.6
"4993","201003018077",2010-09-11,-124.83166667,42.61555556,758
"4994","201003018078",2010-09-11,-124.84222222,42.49027778,579.4
"4995","201003018079",2010-09-11,-124.94472222,42.02361111,1091.8
"4996","201003018080",2010-09-11,-125.02138889,41.96472222,908.8
"4997","201003018081",2010-09-12,-124.75083333,41.99722222,660.9
"4998","201003018082",2010-09-12,-124.51861111,42.11916667,127.1
"4999","201003018083",2010-09-16,-124.41055556,41.97972222,83.4
"5000","201003018084",2010-09-16,-124.67083333,41.885,646
"5001","201003018085",2010-09-16,-124.66972222,41.80777778,688.4
"5002","201003018087",2010-09-16,-124.905,41.6475,946.9
"5003","201003018088",2010-09-17,-124.61583333,41.51027778,869.8
"5004","201003018089",2010-09-17,-124.61944444,41.34166667,1074.8
"5005","201003018090",2010-09-17,-124.8,41.32,1117.9
"5006","201003018091",2010-09-17,-124.64166667,41.25111111,1119.9
"5007","201003018092",2010-09-17,-124.57527778,41.26527778,1084.7
"5008","201003018093",2010-09-18,-124.41361111,41.40527778,123.5
"5009","201003018094",2010-09-18,-124.32222222,41.36361111,96.8
"5010","201003018095",2010-09-18,-124.29472222,41.2825,98.4
"5011","201003018096",2010-09-18,-124.27305556,41.18944444,95
"5012","201003018097",2010-09-19,-124.55,40.95222222,548.6
"5013","201003018098",2010-09-19,-124.52666667,40.76694444,548.1
"5014","201003018099",2010-09-19,-124.46777778,40.62833333,89.4
"5015","201003018100",2010-09-19,-124.5375,40.565,123.2
"5016","201003018101",2010-09-19,-124.76333333,40.25972222,569.4
"5017","201003018102",2010-09-20,-124.31527778,40.15305556,123.9
"5018","201003018103",2010-09-20,-123.9725,39.85805556,102.2
"5019","201003018104",2010-09-20,-123.91444444,39.64305556,135.9
"5020","201003018106",2010-09-20,-123.93138889,39.53388889,153.2
"5021","201003018107",2010-09-21,-124.17083333,39.28861111,956.7
"5022","201003018108",2010-09-21,-124.10055556,39.16638889,680.4
"5023","201003018109",2010-09-21,-124.16194444,39.14111111,939.3
"5024","201003018111",2010-09-21,-123.95027778,38.86,426.3
"5025","201003018112",2010-09-22,-123.52722222,38.575,129.8
"5026","201003018113",2010-09-22,-123.41777778,38.45305556,129.7
"5027","201003018114",2010-09-22,-123.42305556,38.43111111,131.2
"5028","201003018115",2010-09-22,-123.3,38.41416667,102.2
"5029","201003018116",2010-09-22,-123.26138889,38.39361111,96
"5030","201003018117",2010-09-23,-123.27944444,38.28972222,108.1
"5031","201003018118",2010-09-23,-123.59416667,38.26361111,675.7
"5032","201003018119",2010-09-23,-123.27166667,37.85083333,107
"5033","201003018120",2010-09-23,-122.88638889,37.86,56.6
"5034","201003018121",2010-09-24,-123.0125,37.43805556,497
"5035","201003018122",2010-09-24,-122.57138889,37.00111111,260.4
"5036","201003018123",2010-09-24,-122.49861111,37.02388889,123.6
"5037","201003018124",2010-09-25,-122.53388889,37.29611111,76.7
"5038","201003018125",2010-09-25,-122.67388889,37.32,98
"5039","201003018126",2010-09-29,-122.16,36.8575,116.2
"5040","201003018127",2010-09-29,-122.01555556,36.57861111,386.7
"5041","201003018128",2010-09-29,-122.12666667,36.50305556,1031
"5042","201003018129",2010-09-29,-122.02916667,36.49166667,454.8
"5043","201003018130",2010-09-30,-121.96194444,36.43722222,114.3
"5044","201003018131",2010-09-30,-121.99861111,36.40666667,439.9
"5045","201003018132",2010-09-30,-121.95638889,36.07583333,1180.9
"5046","201003018133",2010-09-30,-121.84555556,36.05083333,1011.1
"5047","201003018134",2010-09-30,-121.75916667,36.01666667,927.2
"5048","201003018135",2010-10-01,-121.64472222,35.89583333,712.7
"5049","201003018136",2010-10-01,-121.85055556,35.81361111,1102.5
"5050","201003018137",2010-10-01,-121.91083333,35.66083333,1087.5
"5051","201003018138",2010-10-01,-121.905,35.68472222,1081.7
"5052","201003018141",2010-10-02,-121.18694444,35.58111111,69.1
"5053","201003018142",2010-10-02,-121.32777778,35.63027778,117.9
"5054","201003018143",2010-10-02,-121.36361111,35.62,298.8
"5055","201003018144",2010-10-02,-121.36138889,35.54361111,499.1
"5056","201003018145",2010-10-03,-121.61583333,35.41138889,1078.1
"5057","201003018146",2010-10-03,-121.32055556,35.36944444,586.5
"5058","201003018147",2010-10-03,-121.44138889,35.21055556,636.5
"5059","201003018148",2010-10-03,-121.34388889,35.0025,479.5
"5060","201003018149",2010-10-03,-121.15305556,34.83611111,560.6
"5061","201003018150",2010-10-03,-121.14444444,34.6725,605
"5062","201003018151",2010-10-04,-120.98694444,34.39305556,1126.9
"5063","201003018152",2010-10-04,-120.84611111,34.64888889,197.7
"5064","201003018153",2010-10-04,-120.89861111,34.78194444,224.8
"5065","201003018154",2010-10-04,-120.77333333,34.87527778,94.5
"5066","201003018155",2010-10-05,-121.13472222,35.02194444,549.3
"5067","201003018156",2010-10-05,-121.18694444,34.93722222,573.3
"5068","201003018157",2010-10-05,-121.00527778,34.92388889,437.9
"5069","201003018158",2010-10-06,-121.03722222,35.07,449.5
"5070","201003018159",2010-10-06,-120.96361111,35.27083333,102.5
"5071","201003018160",2010-10-11,-120.68944444,34.36277778,534.4
"5072","201003018161",2010-10-11,-120.63166667,34.25722222,563.8
"5073","201003018163",2010-10-11,-120.41694444,34.1975,440.7
"5074","201003018165",2010-10-11,-120.40138889,33.92916667,321.9
"5075","201003018166",2010-10-12,-119.97638889,33.77638889,202.9
"5076","201003018167",2010-10-12,-119.98111111,33.67416667,134.9
"5077","201003018168",2010-10-12,-120.215,33.53527778,1129.3
"5078","201003018169",2010-10-13,-120.11972222,32.81361111,473.6
"5079","201003018170",2010-10-13,-119.90277778,32.6325,1117.3
"5080","201003018171",2010-10-13,-119.885,32.38222222,933
"5081","201003018172",2010-10-13,-119.66166667,32.34444444,419
"5082","201003018173",2010-10-14,-118.80388889,32.64416667,1023.2
"5083","201003018174",2010-10-14,-118.38777778,32.72222222,308.7
"5084","201003018175",2010-10-14,-118.12027778,32.31333333,510.3
"5085","201003018177",2010-10-15,-117.83861111,32.74333333,541.5
"5086","201003018181",2010-10-15,-117.78305556,32.87,1052.4
"5087","201003018182",2010-10-15,-117.94416667,33.02777778,969.3
"5088","201003018183",2010-10-16,-117.82916667,33.06277778,834.5
"5089","201003018184",2010-10-16,-118.01833333,33.14,936.4
"5090","201003018186",2010-10-16,-118.48722222,33.14444444,1241.7
"5091","201003018187",2010-10-16,-118.67638889,33.09416667,441.4
"5092","201003018188",2010-10-17,-118.71416667,33.16694444,686.6
"5093","201003018189",2010-10-17,-118.67277778,33.53083333,380.6
"5094","201003018190",2010-10-17,-118.46111111,33.82888889,101.3
"5095","201003018191",2010-10-17,-118.52833333,33.85138889,77.2
"5096","201003018192",2010-10-17,-118.56166667,33.96638889,61.2
"5097","201003018193",2010-10-18,-119.71,33.94027778,91.1
"5098","201003018194",2010-10-18,-119.34583333,34.06805556,204.4
"5099","201003018195",2010-10-18,-119.26555556,34.09944444,65.9
"5100","201003018196",2010-10-19,-119.53638889,34.30111111,73.2
"5101","201003018197",2010-10-19,-119.68861111,34.31777778,73.1
"5102","201003018198",2010-10-20,-120.42611111,34.41777778,73.2
"5103","201003018199",2010-10-20,-120.51083333,34.38861111,211.8
"5104","201103008001",2011-08-20,-124.86888889,45.11666667,703.9
"5105","201103008002",2011-08-20,-124.96666667,45.32972222,1142.9
"5106","201103008004",2011-08-20,-124.83555556,45.59055556,1153.5
"5107","201103008005",2011-08-20,-124.8275,45.6875,622.9
"5108","201103008006",2011-08-21,-124.97055556,46.26194444,1040.5
"5109","201103008007",2011-08-21,-124.79944444,46.66111111,374.1
"5110","201103008008",2011-08-21,-124.91055556,46.7475,596.2
"5111","201103008009",2011-08-21,-124.82444444,46.76,185.4
"5112","201103008010",2011-08-21,-124.83638889,46.94027778,298.6
"5113","201103008011",2011-08-22,-125.24666667,47.40388889,995.7
"5114","201103008012",2011-08-22,-125.54916667,47.67638889,1080.4
"5115","201103008013",2011-08-22,-125.66083333,48.15638889,187.4
"5116","201103008014",2011-08-23,-124.82805556,48.37083333,170.1
"5117","201103008015",2011-08-23,-124.98027778,48.205,237.4
"5118","201103008016",2011-08-23,-124.95944444,48.17611111,153.6
"5119","201103008017",2011-08-23,-125.23416667,48.1375,275.8
"5120","201103008018",2011-08-23,-125.05833333,48.00111111,125.2
"5121","201103008019",2011-08-23,-124.92277778,47.96111111,94.1
"5122","201103008020",2011-08-24,-125.13472222,47.72111111,655.7
"5123","201103008021",2011-08-24,-125.14944444,47.70805556,654.3
"5124","201103008022",2011-08-24,-125.0725,47.63472222,187.8
"5125","201103008023",2011-08-24,-124.96083333,47.65777778,143.7
"5126","201103008024",2011-08-24,-124.82166667,47.55916667,116
"5127","201103008025",2011-08-25,-124.78861111,47.02611111,139.4
"5128","201103008026",2011-08-25,-124.7075,46.99694444,118.9
"5129","201103008027",2011-08-25,-124.61138889,46.95083333,102.4
"5130","201103008028",2011-08-25,-124.53638889,46.9025,93.4
"5131","201103008029",2011-08-25,-124.40611111,46.91416667,64.7
"5132","201103008030",2011-08-26,-124.63472222,46.54194444,310.8
"5133","201103008031",2011-08-26,-124.66611111,46.40222222,1050.3
"5134","201103008032",2011-08-26,-124.46027778,46.16444444,133.8
"5135","201103008033",2011-08-27,-124.75694444,45.98083333,408.3
"5136","201103008034",2011-08-27,-124.44833333,45.865,152.9
"5137","201103008035",2011-08-27,-124.60861111,45.72888889,212.6
"5138","201103008036",2011-08-27,-124.74194444,45.73083333,292.4
"5139","201103008037",2011-08-28,-124.74527778,45.70611111,433.7
"5140","201103008038",2011-08-28,-124.46777778,45.53888889,244.7
"5141","201103008039",2011-08-28,-124.22666667,45.43111111,155
"5142","201103008040",2011-08-28,-124.67944444,45.30638889,495.9
"5143","201103008041",2011-08-28,-124.51138889,45.26361111,417.1
"5144","201103008042",2011-08-29,-124.21944444,45.05888889,140.4
"5145","201103008043",2011-08-29,-124.13305556,44.89,68.7
"5146","201103008044",2011-09-06,-124.20111111,44.66083333,68.4
"5147","201103008045",2011-09-06,-124.30583333,44.72305556,95.5
"5148","201103008046",2011-09-06,-124.16888889,44.80333333,67.9
"5149","201103008047",2011-09-06,-124.50972222,45.0275,379
"5150","201103008048",2011-09-06,-124.5475,45.06555556,366.7
"5151","201103008049",2011-09-07,-124.65027778,44.94305556,449.6
"5152","201103008050",2011-09-07,-124.58694444,44.89916667,403.2
"5153","201103008051",2011-09-07,-124.71916667,44.78083333,270.8
"5154","201103008052",2011-09-07,-124.8025,44.76916667,445.6
"5155","201103008053",2011-09-08,-124.99611111,44.89777778,843.1
"5156","201103008054",2011-09-08,-124.93111111,44.78111111,576.4
"5157","201103008055",2011-09-08,-124.80361111,44.74805556,450.1
"5158","201103008056",2011-09-08,-124.84722222,44.68722222,238.4
"5159","201103008057",2011-09-09,-124.88388889,44.49861111,399.5
"5160","201103008058",2011-09-09,-124.60472222,44.43888889,121.5
"5161","201103008059",2011-09-09,-124.53805556,44.38611111,99.7
"5162","201103008060",2011-09-09,-124.60416667,44.35527778,96.9
"5163","201103008061",2011-09-09,-124.68388889,44.35333333,105.8
"5164","201103008062",2011-09-10,-124.38416667,44.26527778,90.5
"5165","201103008063",2011-09-10,-124.29777778,44.14583333,82.1
"5166","201103008064",2011-09-10,-124.28916667,43.87555556,105
"5167","201103008065",2011-09-10,-124.41055556,43.87472222,118.4
"5168","201103008066",2011-09-11,-124.42722222,44.02194444,122.8
"5169","201103008068",2011-09-12,-124.69666667,43.82416667,389
"5170","201103008069",2011-09-12,-124.42805556,43.73305556,122.3
"5171","201103008070",2011-09-15,-124.4825,43.34972222,96.2
"5172","201103008071",2011-09-15,-124.61166667,43.41722222,170.9
"5173","201103008072",2011-09-15,-124.64166667,43.54916667,328.9
"5174","201103008073",2011-09-15,-124.85416667,43.68055556,784.4
"5175","201103008074",2011-09-15,-124.85277778,43.78222222,572.8
"5176","201103008075",2011-09-16,-125.02166667,43.86138889,1062.1
"5177","201103008076",2011-09-16,-124.94583333,43.52194444,861.1
"5178","201103008077",2011-09-16,-124.8625,43.38888889,626.1
"5179","201103008078",2011-09-16,-124.9525,43.28166667,813.8
"5180","201103008079",2011-09-16,-124.82722222,43.25416667,368.9
"5181","201103008080",2011-09-17,-124.61055556,43.29416667,127.1
"5182","201103008081",2011-09-17,-124.71444444,43.22388889,206.8
"5183","201103008082",2011-09-17,-124.73166667,42.79194444,191.4
"5184","201103008083",2011-09-17,-124.60222222,42.62527778,112.3
"5185","201103008084",2011-09-18,-124.67305556,42.36027778,171.6
"5186","201103008085",2011-09-18,-124.95055556,42.285,1045.8
"5187","201103008086",2011-09-18,-124.94138889,42.17333333,1066.5
"5188","201103008087",2011-09-18,-124.91611111,42.02472222,1025.2
"5189","201103008088",2011-09-18,-124.81055556,42.02166667,752.3
"5190","201103008089",2011-09-19,-124.41638889,41.93416667,79.8
"5191","201103008090",2011-09-20,-124.31722222,41.49111111,82.8
"5192","201103008091",2011-09-20,-124.45861111,41.53694444,147.8
"5193","201103008092",2011-09-20,-124.91305556,41.49638889,646.1
"5194","201103008093",2011-09-20,-124.76055556,41.395,1079.3
"5195","201103008094",2011-09-21,-124.28611111,41.19472222,102.6
"5196","201103008095",2011-09-21,-124.38666667,41.13583333,320.8
"5197","201103008096",2011-09-21,-124.46388889,41.005,466.5
"5198","201103008097",2011-09-21,-124.37166667,40.96194444,165.2
"5199","201103008098",2011-09-21,-124.40083333,40.83944444,151.4
"5200","201103008099",2011-09-22,-124.81138889,39.98166667,1229.6
"5201","201103008100",2011-09-22,-124.65472222,39.89444444,1197.2
"5202","201103008101",2011-09-22,-124.66,39.91416667,1186.1
"5203","201103008102",2011-09-22,-124.59,39.92027778,1177.9
"5204","201103008103",2011-09-23,-124.41138889,40.19527778,136
"5205","201103008104",2011-09-23,-124.29777778,40.00472222,952.6
"5206","201103008105",2011-09-23,-124.06166667,39.78444444,207.4
"5207","201103008106",2011-09-23,-123.82722222,39.58305556,80.3
"5208","201103008107",2011-09-23,-123.93944444,39.44805556,142.4
"5209","201103008108",2011-09-24,-124.17138889,39.31222222,933.3
"5210","201103008109",2011-09-28,-122.91333333,37.69638889,60.1
"5211","201103008110",2011-09-28,-122.90472222,37.89805556,64.3
"5212","201103008111",2011-09-28,-123.03388889,37.9075,79.6
"5213","201103008112",2011-09-28,-123.20611111,38.36611111,90.1
"5214","201103008113",2011-09-28,-123.39777778,38.57305556,85.5
"5215","201103008114",2011-09-29,-123.47638889,38.62638889,93.8
"5216","201103008115",2011-09-29,-123.49666667,38.54777778,126.6
"5217","201103008116",2011-09-29,-123.64361111,38.53944444,207.1
"5218","201103008117",2011-09-29,-123.40805556,37.87194444,162.9
"5219","201103008118",2011-09-30,-122.85972222,37.56027778,92.7
"5220","201103008119",2011-09-30,-122.65,37.475,69.6
"5221","201103008120",2011-09-30,-122.99055556,37.415,473.3
"5222","201103008121",2011-09-30,-122.87861111,37.24722222,313.6
"5223","201103008122",2011-09-30,-122.87416667,37.11027778,575
"5224","201103008123",2011-10-01,-122.65416667,37.10555556,125.8
"5225","201103008124",2011-10-02,-122.22444444,36.42388889,1092
"5226","201103008125",2011-10-02,-121.95805556,36.42333333,105.7
"5227","201103008126",2011-10-03,-121.5675,35.36277778,987.3
"5228","201103008127",2011-10-03,-121.45416667,35.095,478.1
"5229","201103008128",2011-10-03,-121.27694444,35.05166667,611.2
"5230","201103008129",2011-10-03,-121.08361111,34.90527778,529
"5231","201103008130",2011-10-03,-120.98583333,34.87777778,383.1
"5232","201103008131",2011-10-03,-120.85888889,34.90166667,180.3
"5233","201103008132",2011-10-04,-120.47416667,33.95916667,301.9
"5234","201103008133",2011-10-04,-120.47694444,34.22472222,248.3
"5235","201103008134",2011-10-04,-120.64944444,34.35527778,472
"5236","201103008136",2011-10-04,-120.68416667,34.50861111,99.3
"5237","201103008137",2011-10-04,-120.68083333,34.54027778,76.6
"5238","201103008138",2011-10-09,-120.22555556,34.41472222,180.1
"5239","201103008139",2011-10-09,-120.1875,34.30777778,468.7
"5240","201103008140",2011-10-09,-120.16027778,34.13638889,415.7
"5241","201103008141",2011-10-09,-119.92972222,33.9225,83.1
"5242","201103008143",2011-10-10,-119.69222222,34.28305556,163.4
"5243","201103008144",2011-10-10,-119.63611111,34.25333333,131.2
"5244","201103008145",2011-10-10,-119.61638889,34.10527778,233.8
"5245","201103008146",2011-10-10,-119.52944444,34.06972222,84
"5246","201103008147",2011-10-10,-119.4175,33.93861111,511.6
"5247","201103008148",2011-10-11,-119.21666667,34.0825,60.8
"5248","201103008149",2011-10-11,-118.66388889,33.99027778,74.2
"5249","201103008151",2011-10-12,-117.84361111,33.5525,89.2
"5250","201103008152",2011-10-12,-117.7425,33.45555556,66.4
"5251","201103008153",2011-10-12,-117.925,33.39361111,543.4
"5252","201103008154",2011-10-12,-118.01944444,33.15055556,936.1
"5253","201103008156",2011-10-13,-118.07833333,32.88611111,729
"5254","201103008157",2011-10-13,-117.83111111,32.66888889,631.3
"5255","201103008158",2011-10-14,-118.41972222,32.44833333,1137.3
"5256","201103008159",2011-10-14,-118.53111111,32.76833333,409.8
"5257","201103008160",2011-10-15,-119.71527778,32.64722222,992.4
"5258","201103008161",2011-10-15,-120.22583333,32.80777778,641.5
"5259","201103008162",2011-10-16,-120.06166667,33.10027778,1130.5
"5260","201103008163",2011-10-16,-119.95,33.41027778,885.7
"5261","201103008164",2011-10-16,-120.50555556,33.5825,1112.1
"5262","201103008166",2011-10-17,-120.50833333,34.40222222,163.3
"5263","201103008167",2011-10-17,-120.79861111,34.89472222,115.3
"5264","201103008168",2011-10-17,-120.87916667,34.925,201.6
"5265","201103008169",2011-10-18,-121.08694444,35.24833333,405.1
"5266","201103010001",2011-05-21,-124.93333333,46.38222222,1107.9
"5267","201103010002",2011-05-21,-124.53972222,46.42,165.8
"5268","201103010003",2011-05-21,-124.34166667,46.38055556,88.6
"5269","201103010004",2011-05-22,-124.75972222,47.10333333,123.3
"5270","201103010006",2011-05-22,-124.61111111,47.16472222,83.5
"5271","201103010007",2011-05-22,-124.7525,47.16305556,119.4
"5272","201103010008",2011-05-22,-124.84388889,47.29416667,190.7
"5273","201103010009",2011-05-23,-125.16611111,48.02888889,149.9
"5274","201103010010",2011-05-23,-124.92027778,48.15472222,87.3
"5275","201103010011",2011-05-24,-124.89027778,48.22444444,76
"5276","201103010012",2011-05-24,-125.1175,48.19722222,123.5
"5277","201103010013",2011-05-24,-125.19277778,48.29555556,192.2
"5278","201103010014",2011-05-24,-125.24583333,48.15861111,260.4
"5279","201103010015",2011-05-24,-125.54083333,48.06916667,163.6
"5280","201103010016",2011-05-24,-125.82972222,48.09361111,857.7
"5281","201103010017",2011-05-25,-124.88916667,47.89361111,92.1
"5282","201103010018",2011-05-25,-124.87916667,47.86888889,92.3
"5283","201103010019",2011-05-25,-124.94361111,47.76416667,115.7
"5284","201103010020",2011-05-25,-125.34972222,47.77416667,803.8
"5285","201103010021",2011-05-25,-125.51527778,47.66944444,1107.4
"5286","201103010022",2011-05-25,-125.1825,47.63361111,625.1
"5287","201103010023",2011-05-26,-124.78305556,47.62777778,93.6
"5288","201103010024",2011-05-26,-124.93527778,47.60472222,148.5
"5289","201103010025",2011-05-26,-124.90805556,47.53138889,162.9
"5290","201103010026",2011-05-26,-124.99444444,47.24861111,406
"5291","201103010028",2011-05-27,-124.85527778,46.80222222,185.9
"5292","201103010029",2011-05-27,-124.81027778,46.91083333,154.8
"5293","201103010031",2011-05-27,-124.77055556,46.695,194.6
"5294","201103010032",2011-05-28,-124.30083333,46.63722222,67.5
"5295","201103010033",2011-05-28,-124.52888889,46.18055556,143.3
"5296","201103010034",2011-05-28,-124.60555556,46.18583333,168.6
"5297","201103010035",2011-05-28,-124.86611111,46.22027778,725.2
"5298","201103010036",2011-05-29,-124.8025,46.00333333,451
"5299","201103010037",2011-05-29,-124.46694444,45.92694444,153.4
"5300","201103010038",2011-05-29,-124.32166667,46.05472222,116.8
"5301","201103010039",2011-05-29,-124.21277778,45.96805556,102
"5302","201103010040",2011-05-30,-124.35888889,45.10611111,257.3
"5303","201103010041",2011-05-30,-124.41194444,44.90861111,185
"5304","201103010042",2011-06-03,-124.66805556,45.51388889,464.4
"5305","201103010044",2011-06-03,-124.76666667,45.76694444,445.5
"5306","201103010045",2011-06-03,-124.68583333,45.73361111,237.2
"5307","201103010046",2011-06-03,-124.69666667,45.70638889,236.3
"5308","201103010047",2011-06-04,-124.83777778,45.52861111,1013.5
"5309","201103010048",2011-06-04,-124.77444444,45.43861111,668.3
"5310","201103010049",2011-06-04,-124.51083333,45.40805556,422.8
"5311","201103010050",2011-06-04,-124.51888889,45.38388889,403.3
"5312","201103010051",2011-06-04,-124.59777778,45.41583333,416.4
"5313","201103010052",2011-06-05,-124.16111111,45.33166667,122.7
"5314","201103010053",2011-06-05,-124.42805556,45.03777778,298.8
"5315","201103010054",2011-06-05,-124.54694444,44.80166667,213.1
"5316","201103010055",2011-06-05,-124.65944444,44.80361111,371.8
"5317","201103010056",2011-06-05,-124.61277778,44.96055556,448.8
"5318","201103010057",2011-06-06,-124.72694444,44.82777778,443.5
"5319","201103010058",2011-06-06,-124.81555556,44.50027778,260
"5320","201103010059",2011-06-06,-124.8325,44.32444444,204.2
"5321","201103010060",2011-06-06,-124.74472222,44.17666667,102.9
"5322","201103010061",2011-06-06,-124.47472222,44.29222222,103.2
"5323","201103010062",2011-06-07,-124.28722222,44.38805556,72.3
"5324","201103010063",2011-06-07,-124.33,44.20888889,84.5
"5325","201103010064",2011-06-07,-124.27,44.07638889,77.1
"5326","201103010065",2011-06-07,-124.31805556,44.03194444,96.5
"5327","201103010066",2011-06-07,-124.49361111,44.04166667,130.2
"5328","201103010068",2011-06-08,-124.52944444,43.38277778,115.8
"5329","201103010069",2011-06-08,-124.75166667,43.21805556,310.8
"5330","201103010070",2011-06-09,-125.08805556,43.48861111,1193.5
"5331","201103010071",2011-06-09,-125.01666667,43.45861111,1088.8
"5332","201103010072",2011-06-09,-124.93083333,43.54666667,798.3
"5333","201103010073",2011-06-09,-124.70166667,43.64694444,478.7
"5334","201103010074",2011-06-10,-124.87083333,43.84805556,343
"5335","201103010075",2011-06-10,-124.81777778,43.91083333,202.4
"5336","201103010076",2011-06-10,-124.74083333,43.97333333,134.1
"5337","201103010077",2011-06-10,-124.76055556,43.93694444,128.6
"5338","201103010078",2011-06-17,-124.63888889,43.10722222,130.3
"5339","201103010081",2011-06-17,-124.54888889,43.07694444,90.1
"5340","201103010082",2011-06-17,-124.77805556,42.97888889,155.8
"5341","201103010083",2011-06-17,-124.54277778,42.5225,65.8
"5342","201103010084",2011-06-18,-124.65055556,42.42638889,104
"5343","201103010085",2011-06-18,-124.87,42.33472222,857
"5344","201103010086",2011-06-18,-125.00055556,42.01972222,1126.5
"5345","201103010087",2011-06-18,-124.71944444,41.84055556,735.1
"5346","201103010088",2011-06-19,-124.38527778,41.16861111,283.4
"5347","201103010089",2011-06-19,-124.20611111,41.23555556,64.7
"5348","201103010090",2011-06-19,-124.29972222,41.655,62.8
"5349","201103010091",2011-06-19,-124.37722222,41.68916667,98.5
"5350","201103010092",2011-06-20,-124.47972222,42.04611111,108.3
"5351","201103010093",2011-06-20,-124.5975,41.92861111,451.3
"5352","201103010094",2011-06-20,-124.59611111,41.87611111,531.9
"5353","201103010095",2011-06-20,-124.49361111,41.83055556,187.2
"5354","201103010096",2011-06-21,-124.45611111,41.815,140.9
"5355","201103010097",2011-06-21,-124.53583333,41.77194444,472.1
"5356","201103010098",2011-06-21,-124.57666667,41.73027778,556.5
"5357","201103010099",2011-06-21,-124.76777778,41.81861111,828.1
"5358","201103010100",2011-06-22,-124.28444444,40.86611111,69.5
"5359","201103010101",2011-06-22,-124.52666667,40.5175,74.2
"5360","201103010102",2011-06-22,-124.97694444,40.26277778,994.8
"5361","201103010103",2011-06-22,-125.05527778,40.26611111,1126.4
"5362","201103010104",2011-06-22,-124.91222222,40.20416667,958
"5363","201103010105",2011-06-23,-124.52666667,40.33638889,557.6
"5364","201103010106",2011-06-27,-124.90333333,40.23527778,868.7
"5365","201103010108",2011-06-27,-124.525,40.20138889,476.2
"5366","201103010109",2011-06-27,-124.55694444,40.15611111,692.7
"5367","201103010110",2011-06-27,-124.46194444,40.12583333,617.3
"5368","201103010111",2011-06-27,-124.40194444,40.09194444,622.3
"5369","201103010112",2011-06-27,-124.40138889,40.0125,850.7
"5370","201103010113",2011-06-28,-124.09166667,39.77305556,423.9
"5371","201103010114",2011-06-28,-124.17027778,39.45027778,959.6
"5372","201103010115",2011-06-28,-123.93027778,39.34944444,144
"5373","201103010116",2011-06-28,-123.84305556,38.95583333,113.1
"5374","201103010117",2011-06-29,-123.58638889,38.57027778,146.7
"5375","201103010118",2011-06-29,-123.51361111,38.3975,192.4
"5376","201103010119",2011-06-29,-123.28277778,38.38083333,104.5
"5377","201103010120",2011-06-29,-123.5225,38.24777778,411.5
"5378","201103010121",2011-06-29,-123.46972222,38.25666667,296.7
"5379","201103010122",2011-06-29,-123.16305556,38.14666667,93.8
"5380","201103010124",2011-06-30,-122.97527778,37.74138889,62.5
"5381","201103010125",2011-06-30,-122.80444444,37.64083333,62.1
"5382","201103010126",2011-06-30,-122.65388889,37.50194444,64.9
"5383","201103010127",2011-06-30,-123.17527778,37.41111111,951.2
"5384","201103010129",2011-07-01,-123.05611111,37.36888889,771.7
"5385","201103010130",2011-07-01,-122.90027778,37.17666667,453
"5386","201103010131",2011-07-01,-122.54694444,37.03638889,128.2
"5387","201103010132",2011-07-01,-122.38527778,37.07861111,71.5
"5388","201103010135",2011-07-02,-121.865,36.78972222,244.8
"5389","201103010136",2011-07-02,-122.19361111,36.94138889,75.3
"5390","201103010137",2011-07-02,-122.01555556,36.57722222,372.4
"5391","201103010138",2011-07-03,-121.91777778,36.17444444,672.7
"5392","201103010139",2011-07-03,-121.95361111,36.19444444,711.9
"5393","201103010140",2011-07-03,-121.98277778,36.19777778,727.6
"5394","201103010141",2011-07-03,-122.06361111,36.19333333,860.6
"5395","201103010142",2011-07-03,-121.7275,36.10694444,577.1
"5396","201103010143",2011-07-03,-121.75916667,35.81472222,963.3
"5397","201103010144",2011-07-04,-122.10388889,35.77194444,1191
"5398","201103010145",2011-07-04,-122.01111111,35.67666667,1243.6
"5399","201103010146",2011-07-04,-121.99388889,35.77777778,1066
"5400","201103010147",2011-07-05,-121.48444444,35.70222222,517.6
"5401","201103010148",2011-07-05,-121.60305556,35.50805556,914.9
"5402","201103010149",2011-07-05,-121.79083333,35.59722222,968.5
"5403","201103010150",2011-07-05,-121.805,35.53333333,1026
"5404","201103010151",2011-07-05,-121.68638889,35.37944444,1219.9
"5405","201103010152",2011-07-06,-121.40333333,35.09166667,501.8
"5406","201103010153",2011-07-06,-121.35083333,35.11833333,647.1
"5407","201103010154",2011-07-10,-120.88583333,34.71305556,222.5
"5408","201103010155",2011-07-10,-120.84638889,34.55777778,365.6
"5409","201103010156",2011-07-10,-120.90611111,34.21361111,875.7
"5410","201103010157",2011-07-10,-120.63861111,34.29055556,524.3
"5411","201103010159",2011-07-11,-120.44388889,33.92583333,426.8
"5412","201103010160",2011-07-11,-120.23166667,33.91472222,89.5
"5413","201103010161",2011-07-11,-120.25444444,33.85055556,533
"5414","201103010162",2011-07-11,-120.10166667,33.83583333,137.6
"5415","201103010164",2011-07-12,-120.09861111,33.065,1156.8
"5416","201103010165",2011-07-12,-120.21861111,32.91277778,660
"5417","201103010166",2011-07-12,-119.84305556,32.79111111,1159.5
"5418","201103010167",2011-07-13,-118.68861111,33.05527778,418.7
"5419","201103010169",2011-07-13,-118.57583333,32.84222222,528.9
"5420","201103010170",2011-07-13,-118.50833333,32.76472222,413.8
"5421","201103010171",2011-07-13,-118.60777778,32.59888889,1118.8
"5422","201103010172",2011-07-13,-118.82972222,32.31916667,1125
"5423","201103010174",2011-07-14,-117.36333333,32.58083333,136.7
"5424","201103010176",2011-07-15,-117.33833333,33.07666667,60.8
"5425","201103010177",2011-07-15,-117.37111111,33.10888889,221.8
"5426","201103010178",2011-07-15,-117.58416667,33.26638889,226.2
"5427","201103010179",2011-07-15,-117.64194444,33.36305556,75.8
"5428","201103010180",2011-07-15,-117.85833333,33.29055556,616.9
"5429","201103010181",2011-07-16,-118.59472222,33.43944444,120.8
"5430","201103010182",2011-07-16,-118.51333333,33.31777778,204.5
"5431","201103010185",2011-07-17,-118.785,33.56277778,506.3
"5432","201103010186",2011-07-18,-119.97861111,34.13638889,200.6
"5433","201103010187",2011-07-18,-120.03222222,34.15166667,498.9
"5434","201103010188",2011-07-18,-120.24305556,34.19861111,488.9
"5435","201103010189",2011-07-18,-120.33138889,34.33527778,330.9
"5436","201103010190",2011-07-19,-120.88722222,34.84305556,215.2
"5437","201103017001",2011-05-21,-124.69722222,46.38722222,1167
"5438","201103017002",2011-05-21,-124.86611111,46.60805556,621.2
"5439","201103017003",2011-05-21,-124.86361111,46.83638889,179.2
"5440","201103017004",2011-05-21,-125.02194444,46.90833333,604.6
"5441","201103017005",2011-05-22,-125.16638889,46.865,738.6
"5442","201103017006",2011-05-22,-124.96972222,46.96194444,317.8
"5443","201103017007",2011-05-22,-124.92944444,47.06527778,174.8
"5444","201103017008",2011-05-22,-124.86916667,47.0825,150.3
"5445","201103017009",2011-05-22,-124.94444444,47.34972222,1242.6
"5446","201103017010",2011-05-23,-125.28666667,48.32638889,124.7
"5447","201103017011",2011-05-23,-125.66222222,48.11305556,217.9
"5448","201103017013",2011-05-23,-125.70694444,48.00638889,849.3
"5449","201103017014",2011-05-23,-125.55916667,47.91333333,302
"5450","201103017015",2011-05-24,-125.35888889,47.97194444,699.6
"5451","201103017016",2011-05-24,-125.27111111,47.80388889,612.7
"5452","201103017017",2011-05-24,-125.14666667,47.5875,517.6
"5453","201103017018",2011-05-24,-124.89444444,47.50583333,173.1
"5454","201103017019",2011-05-24,-124.78805556,47.65638889,91.4
"5455","201103017020",2011-05-25,-124.46777778,47.08472222,63.1
"5456","201103017021",2011-05-25,-124.68416667,47.13083333,104.9
"5457","201103017022",2011-05-25,-124.69027778,47,105
"5458","201103017023",2011-05-25,-124.50222222,46.97944444,77.6
"5459","201103017024",2011-05-26,-124.32666667,46.75944444,63
"5460","201103017025",2011-05-26,-124.50944444,46.69722222,106
"5461","201103017026",2011-05-26,-124.53638889,46.59277778,155.1
"5462","201103017027",2011-05-26,-124.40916667,46.48638889,102.2
"5463","201103017028",2011-05-26,-124.2725,46.39111111,66.5
"5464","201103017029",2011-05-27,-124.19888889,46.15861111,74.2
"5465","201103017030",2011-05-27,-124.44416667,46.23361111,387.5
"5466","201103017031",2011-05-27,-124.56166667,46.23916667,636.9
"5467","201103017032",2011-05-27,-124.54555556,46.19194444,150.4
"5468","201103017033",2011-05-28,-124.7725,46.31777778,855.7
"5469","201103017034",2011-05-28,-124.83194444,46.21694444,738.5
"5470","201103017035",2011-05-28,-124.73055556,46.03833333,303.7
"5471","201103017036",2011-05-28,-124.49777778,45.795,167.4
"5472","201103017038",2011-05-28,-124.61472222,45.67,290.9
"5473","201103017039",2011-05-29,-124.57194444,45.59861111,355
"5474","201103017040",2011-05-29,-124.69138889,45.57333333,355.3
"5475","201103017041",2011-05-29,-124.92333333,45.44138889,1128.3
"5476","201103017042",2011-05-29,-124.94388889,45.16472222,849.1
"5477","201103017043",2011-05-30,-124.37333333,44.86638889,151.9
"5478","201103017044",2011-05-30,-124.38416667,44.73777778,116.9
"5479","201103017045",2011-06-03,-124.15111111,45.25861111,115.5
"5480","201103017046",2011-06-03,-124.57666667,45.40638889,389.6
"5481","201103017047",2011-06-03,-124.53694444,45.53944444,451.6
"5482","201103017048",2011-06-03,-124.65416667,45.36194444,429.9
"5483","201103017049",2011-06-03,-124.61555556,45.23583333,449.9
"5484","201103017050",2011-06-04,-124.575,44.99527778,441.8
"5485","201103017051",2011-06-04,-124.62472222,44.86527778,388.9
"5486","201103017052",2011-06-04,-124.72361111,44.67138889,241.7
"5487","201103017053",2011-06-05,-125.04555556,44.5925,1194.3
"5488","201103017054",2011-06-05,-124.63277778,44.63638889,252.4
"5489","201103017056",2011-06-05,-124.53472222,44.59527778,142.9
"5490","201103017058",2011-06-05,-124.46416667,44.49416667,80.2
"5491","201103017059",2011-06-06,-124.41638889,44.31222222,90.2
"5492","201103017060",2011-06-06,-124.76944444,44.43833333,213.8
"5493","201103017061",2011-06-06,-124.98527778,44.30777778,648
"5494","201103017062",2011-06-06,-124.70111111,44.10166667,110
"5495","201103017063",2011-06-07,-124.31916667,44.13944444,85.2
"5496","201103017064",2011-06-07,-124.56638889,44.07138889,129.2
"5497","201103017065",2011-06-07,-124.98138889,43.79416667,1233.6
"5498","201103017066",2011-06-07,-124.69333333,43.61055556,469.3
"5499","201103017067",2011-06-07,-124.69,43.54333333,458.3
"5500","201103017068",2011-06-08,-124.36055556,43.63722222,111.6
"5501","201103017069",2011-06-08,-124.40777778,43.51527778,114.7
"5502","201103017071",2011-06-08,-124.72722222,42.98583333,153.1
"5503","201103017072",2011-06-08,-124.93555556,43.05888889,895.3
"5504","201103017073",2011-06-08,-125.01472222,42.92222222,1088.1
"5505","201103017074",2011-06-09,-124.795,42.42694444,482.1
"5506","201103017076",2011-06-10,-124.38166667,41.67083333,100.6
"5507","201103017077",2011-06-10,-124.26166667,41.43666667,100.8
"5508","201103017078",2011-06-10,-124.19333333,41.37055556,63.8
"5509","201103017079",2011-06-10,-124.29861111,41.30361111,96.1
"5510","201103017080",2011-06-10,-124.46694444,41.24888889,637
"5511","201103017081",2011-06-17,-124.27027778,41.20472222,91
"5512","201103017082",2011-06-17,-124.24277778,40.96944444,63.6
"5513","201103017083",2011-06-17,-124.53444444,40.86083333,519.1
"5514","201103017084",2011-06-17,-124.56777778,40.775,572.5
"5515","201103017085",2011-06-17,-124.46388889,40.79638889,239.7
"5516","201103017086",2011-06-17,-124.28694444,40.82722222,59.8
"5517","201103017087",2011-06-18,-124.52722222,40.72722222,411.1
"5518","201103017088",2011-06-18,-124.54,40.65055556,809.7
"5519","201103017089",2011-06-18,-124.65222222,40.11111111,818.9
"5520","201103017090",2011-06-18,-124.75055556,39.96944444,1158.7
"5521","201103017092",2011-06-19,-124.18805556,39.9625,188.6
"5522","201103017093",2011-06-19,-124.16027778,39.80416667,593.5
"5523","201103017094",2011-06-21,-123.85916667,39.57138889,104.7
"5524","201103017095",2011-06-21,-123.85388889,39.51111111,94.2
"5525","201103017096",2011-06-21,-123.97472222,39.41083333,235.5
"5526","201103017097",2011-06-21,-123.96222222,39.33611111,180.7
"5527","201103017098",2011-06-21,-124.08166667,39.27888889,677.5
"5528","201103017099",2011-06-21,-123.81694444,38.78305556,141
"5529","201103017100",2011-06-21,-123.74944444,38.77694444,129.5
"5530","201103017101",2011-06-22,-123.62138889,38.72222222,102.6
"5531","201103017102",2011-06-22,-123.59138889,38.69861111,104
"5532","201103017103",2011-06-22,-123.73666667,38.64166667,252.3
"5533","201103017104",2011-06-22,-123.68222222,38.58416667,217
"5534","201103017105",2011-06-22,-123.44888889,38.19555556,322.8
"5535","201103017106",2011-06-23,-123.22027778,38.29777778,97.9
"5536","201103017107",2011-06-23,-122.88944444,37.84416667,60.9
"5537","201103017108",2011-06-27,-123.04472222,37.83277778,84
"5538","201103017109",2011-06-27,-123.25611111,38.03472222,117.3
"5539","201103017110",2011-06-27,-123.25388889,38.13416667,117.1
"5540","201103017111",2011-06-27,-123.40583333,38.20361111,250.3
"5541","201103017112",2011-06-28,-122.80361111,37.53805556,83.9
"5542","201103017113",2011-06-28,-122.89083333,37.45777778,150.4
"5543","201103017114",2011-06-28,-123.06722222,37.27138889,723.6
"5544","201103017115",2011-06-28,-122.84055556,37.25972222,245.3
"5545","201103017116",2011-06-29,-122.57888889,37.39972222,66.2
"5546","201103017117",2011-06-29,-122.74277778,37.40138889,91.5
"5547","201103017118",2011-06-29,-122.80277778,37.40416667,101.5
"5548","201103017119",2011-06-29,-122.71694444,37.33083333,99.9
"5549","201103017120",2011-06-29,-122.75444444,37.24444444,138.8
"5550","201103017121",2011-06-29,-122.57361111,36.94,1020
"5551","201103017122",2011-06-30,-122.38,37.02416667,104.1
"5552","201103017123",2011-06-30,-122.10638889,36.90361111,71.2
"5553","201103017124",2011-06-30,-121.90305556,36.74277778,92.8
"5554","201103017125",2011-06-30,-122.06472222,36.34555556,334.2
"5555","201103017126",2011-06-30,-121.89611111,36.07777778,1073.9
"5556","201103017127",2011-07-01,-121.80833333,35.88333333,1028.3
"5557","201103017128",2011-07-01,-121.78916667,35.69333333,995.2
"5558","201103017129",2011-07-01,-121.62083333,35.80222222,690.9
"5559","201103017130",2011-07-01,-121.42166667,35.66666667,354
"5560","201103017131",2011-07-01,-121.37111111,35.62722222,298.7
"5561","201103017132",2011-07-02,-121.20166667,35.52527778,224.5
"5562","201103017133",2011-07-02,-121.24555556,35.55666667,178.1
"5563","201103017134",2011-07-02,-121.25666667,35.45361111,412.8
"5564","201103017135",2011-07-02,-121.34583333,35.5225,501.7
"5565","201103017136",2011-07-02,-121.38416667,35.43638889,634
"5566","201103017137",2011-07-02,-121.53694444,35.4525,927.6
"5567","201103017138",2011-07-03,-121.7375,35.29305556,1230.7
"5568","201103017139",2011-07-03,-121.73777778,35.245,1265.1
"5569","201103017140",2011-07-03,-121.71805556,35.20694444,1232.1
"5570","201103017141",2011-07-03,-121.61388889,35.17111111,981.8
"5571","201103017142",2011-07-03,-121.56194444,35.01861111,1036.4
"5572","201103017143",2011-07-04,-121.3925,34.74722222,561.2
"5573","201103017144",2011-07-04,-121.05444444,34.64888889,637.4
"5574","201103017145",2011-07-04,-120.67916667,34.43638889,368.9
"5575","201103017148",2011-07-05,-120.85055556,34.71333333,156.9
"5576","201103017149",2011-07-05,-120.72861111,34.72194444,69.3
"5577","201103017150",2011-07-05,-120.75583333,34.76,85.5
"5578","201103017151",2011-07-05,-120.86083333,34.82888889,185.3
"5579","201103017152",2011-07-06,-121.15166667,35.21805556,523.9
"5580","201103017153",2011-07-06,-121.32277778,35.25416667,666.8
"5581","201103017154",2011-07-10,-120.58,34.36722222,363.5
"5582","201103017155",2011-07-10,-120.33277778,34.31972222,336.5
"5583","201103017156",2011-07-10,-120.15111111,34.10583333,103.1
"5584","201103017157",2011-07-10,-119.93083333,33.95694444,80
"5585","201103017158",2011-07-10,-119.80027778,33.72777778,459.6
"5586","201103017161",2011-07-11,-119.98222222,33.80277778,117.1
"5587","201103017162",2011-07-11,-120.07416667,33.83805556,106
"5588","201103017163",2011-07-11,-120.25111111,33.81138889,692.3
"5589","201103017164",2011-07-11,-120.39472222,33.91777778,438.5
"5590","201103017165",2011-07-12,-120.51166667,33.6325,1158.6
"5591","201103017166",2011-07-12,-120.4175,33.44277778,1089.2
"5592","201103017167",2011-07-12,-120.59333333,33.35944444,1106.4
"5593","201103017168",2011-07-12,-120.44694444,33.32055556,1067.7
"5594","201103017169",2011-07-13,-120.14777778,32.81444444,527.6
"5595","201103017170",2011-07-13,-120.03333333,32.69944444,579.6
"5596","201103017171",2011-07-13,-119.87388889,32.62527778,1075
"5597","201103017172",2011-07-14,-118.66972222,32.94611111,977.9
"5598","201103017173",2011-07-14,-118.74305556,33.14972222,677.2
"5599","201103017175",2011-07-14,-118.22472222,33.31027778,325.8
"5600","201103017176",2011-07-14,-118.05888889,33.40722222,665.7
"5601","201103017177",2011-07-14,-117.90555556,33.48833333,526.7
"5602","201103017178",2011-07-15,-117.37638889,32.7225,342.9
"5603","201103017179",2011-07-15,-117.41777778,32.62194444,146.6
"5604","201103017180",2011-07-15,-117.89388889,32.76361111,504.7
"5605","201103017181",2011-07-15,-117.94861111,33.17,872
"5606","201103017182",2011-07-16,-117.63222222,33.30611111,403.6
"5607","201103017183",2011-07-16,-118.23083333,33.56138889,226.3
"5608","201103017184",2011-07-17,-118.53722222,33.72083333,770.6
"5609","201103017185",2011-07-17,-118.465,33.8275,137.9
"5610","201103017186",2011-07-17,-118.63138889,33.88055556,168.7
"5611","201103017187",2011-07-17,-118.60166667,33.90666667,178
"5612","201103017188",2011-07-17,-118.58222222,33.97138889,96.9
"5613","201103017189",2011-07-18,-119.57027778,34.26444444,91.2
"5614","201103017190",2011-07-18,-119.76083333,34.14416667,335.8
"5615","201103017191",2011-07-18,-119.86861111,34.34833333,248.9
"5616","201103017193",2011-07-19,-121.0075,34.93444444,425.2
"5617","201103017194",2011-07-19,-121.17138889,34.9475,569.7
"5618","201103018001",2011-08-20,-125.04194444,44.89027778,1107.4
"5619","201103018003",2011-08-21,-124.76194444,44.855,423.9
"5620","201103018004",2011-08-21,-124.55277778,44.96583333,439.6
"5621","201103018005",2011-08-21,-124.67833333,45.16555556,545.4
"5622","201103018006",2011-08-21,-124.78388889,45.19888889,621.5
"5623","201103018007",2011-08-21,-124.57222222,45.46861111,478
"5624","201103018008",2011-08-22,-124.06361111,45.85805556,73.6
"5625","201103018009",2011-08-22,-124.30166667,45.85888889,142.3
"5626","201103018010",2011-08-22,-124.66916667,45.88361111,204.2
"5627","201103018011",2011-08-22,-124.73055556,45.92444444,330.8
"5628","201103018012",2011-08-23,-125.17361111,46.6775,1028.3
"5629","201103018013",2011-08-23,-125.23277778,46.72388889,933.5
"5630","201103018014",2011-08-23,-124.98666667,46.81777778,618.6
"5631","201103018015",2011-08-23,-124.775,46.825,152.5
"5632","201103018016",2011-08-23,-124.76388889,46.86611111,150.9
"5633","201103018018",2011-08-24,-125.12555556,47.49472222,579.7
"5634","201103018019",2011-08-24,-125.00305556,47.69694444,153.7
"5635","201103018021",2011-08-24,-125.26444444,47.91555556,310.3
"5636","201103018022",2011-08-24,-125.54277778,48.18722222,151.8
"5637","201103018023",2011-08-25,-125.14638889,48.29138889,118.6
"5638","201103018024",2011-08-25,-125.00194444,48.28083333,257.9
"5639","201103018025",2011-08-25,-124.88222222,48.17083333,62.1
"5640","201103018026",2011-08-25,-124.98472222,48.06916667,113.6
"5641","201103018027",2011-08-25,-124.70722222,47.58416667,77.8
"5642","201103018028",2011-08-26,-124.74888889,47.33444444,141
"5643","201103018029",2011-08-26,-124.795,47.28111111,163.4
"5644","201103018030",2011-08-26,-124.72527778,47.17083333,115.6
"5645","201103018031",2011-08-26,-124.89305556,47.005,171.4
"5646","201103018032",2011-08-26,-124.61888889,46.77305556,131.8
"5647","201103018033",2011-08-26,-124.65138889,46.73527778,137.6
"5648","201103018034",2011-08-27,-124.47527778,46.6725,97.9
"5649","201103018035",2011-08-27,-124.69888889,46.5725,869
"5650","201103018036",2011-08-27,-124.69361111,46.49861111,555.5
"5651","201103018037",2011-08-27,-124.54277778,46.40805556,156.7
"5652","201103018038",2011-08-27,-124.26861111,46.41611111,62.1
"5653","201103018039",2011-08-28,-124.715,45.59944444,415.6
"5654","201103018040",2011-08-28,-124.74638889,45.66805556,374.4
"5655","201103018041",2011-08-28,-124.86555556,45.66388889,1023.4
"5656","201103018042",2011-08-29,-124.60916667,45.2775,469.2
"5657","201103018043",2011-08-29,-124.33361111,45.24305556,234
"5658","201103018044",2011-09-02,-124.23,44.66666667,71.5
"5659","201103018045",2011-09-02,-124.38916667,44.82472222,142.2
"5660","201103018046",2011-09-02,-124.46888889,44.95861111,339
"5661","201103018047",2011-09-02,-124.48083333,45.07388889,356.5
"5662","201103018048",2011-09-03,-124.99027778,44.51083333,752.2
"5663","201103018049",2011-09-03,-124.90555556,44.61527778,580.9
"5664","201103018050",2011-09-03,-124.8525,44.58583333,478.4
"5665","201103018051",2011-09-03,-124.74055556,44.59861111,313.1
"5666","201103018052",2011-09-03,-124.37305556,44.61055556,80.7
"5667","201103018053",2011-09-04,-124.33416667,44.51694444,75.6
"5668","201103018054",2011-09-04,-124.76194444,44.42472222,186.8
"5669","201103018055",2011-09-04,-124.48388889,44.32861111,95.2
"5670","201103018056",2011-09-04,-124.35777778,44.27916667,85.5
"5671","201103018057",2011-09-04,-124.60027778,44.22055556,108.8
"5672","201103018058",2011-09-04,-124.70055556,44.15777778,115.2
"5673","201103018059",2011-09-05,-124.47611111,44.07638889,123.9
"5674","201103018060",2011-09-05,-124.40944444,44.01555556,121.7
"5675","201103018061",2011-09-05,-124.52833333,43.99166667,142.7
"5676","201103018062",2011-09-05,-124.71333333,44.0625,123.3
"5677","201103018063",2011-09-05,-124.97555556,43.94777778,517.3
"5678","201103018064",2011-09-06,-124.98777778,43.87861111,1075.1
"5679","201103018065",2011-09-06,-124.75388889,43.75138889,520.8
"5680","201103018066",2011-09-06,-124.58222222,43.6675,225.2
"5681","201103018067",2011-09-06,-124.55416667,43.65666667,192.2
"5682","201103018068",2011-09-06,-124.34333333,43.65361111,109.5
"5683","201103018069",2011-09-07,-124.66166667,43.35888889,192.9
"5684","201103018070",2011-09-08,-124.54916667,43.05305556,90.2
"5685","201103018071",2011-09-08,-124.5,43.05138889,60.2
"5686","201103018072",2011-09-08,-124.64944444,42.96722222,111
"5687","201103018073",2011-09-08,-124.70888889,42.73111111,189
"5688","201103018074",2011-09-08,-124.73944444,42.60388889,362.3
"5689","201103018075",2011-09-08,-124.6375,42.53388889,109.4
"5690","201103018076",2011-09-11,-124.54166667,42.58472222,81.1
"5691","201103018077",2011-09-11,-124.64194444,42.52888889,112.1
"5692","201103018078",2011-09-15,-124.84472222,42.21833333,766.2
"5693","201103018079",2011-09-15,-124.81527778,42.19166667,717.7
"5694","201103018080",2011-09-15,-124.69527778,42.2225,512.8
"5695","201103018081",2011-09-15,-124.68444444,42.21777778,495.6
"5696","201103018082",2011-09-15,-124.66916667,42.10555556,523.8
"5697","201103018083",2011-09-15,-124.54416667,42.10361111,138.9
"5698","201103018084",2011-09-15,-124.54138889,41.97527778,142.2
"5699","201103018085",2011-09-16,-124.88027778,41.86722222,830.4
"5700","201103018086",2011-09-16,-124.69861111,41.84027778,703.5
"5701","201103018087",2011-09-16,-124.61638889,41.63305556,754.4
"5702","201103018088",2011-09-16,-124.56666667,41.63361111,624.3
"5703","201103018089",2011-09-16,-124.50916667,41.60138889,426.7
"5704","201103018090",2011-09-16,-124.29527778,41.68361111,63.8
"5705","201103018091",2011-09-16,-124.29888889,41.50861111,75.3
"5706","201103018092",2011-09-17,-124.88944444,41.47694444,883.4
"5707","201103018093",2011-09-17,-124.67805556,41.25472222,1142.5
"5708","201103018094",2011-09-17,-124.36555556,41.16722222,214.1
"5709","201103018095",2011-09-17,-124.48027778,40.92444444,419.4
"5710","201103018096",2011-09-18,-124.605,40.61583333,236.9
"5711","201103018097",2011-09-18,-124.55611111,40.21305556,500.5
"5712","201103018098",2011-09-18,-124.51194444,40.00055556,995.4
"5713","201103018099",2011-09-18,-124.46611111,39.94194444,1177.1
"5714","201103018100",2011-09-19,-124,39.64083333,310
"5715","201103018101",2011-09-19,-124.12916667,39.56805556,1024.9
"5716","201103018102",2011-09-19,-124.17,39.13694444,1033.8
"5717","201103018103",2011-09-19,-124.145,39.07166667,1086.6
"5718","201103018104",2011-09-20,-123.94416667,39.20583333,168.2
"5719","201103018105",2011-09-20,-123.88611111,39.08138889,120.8
"5720","201103018106",2011-09-20,-123.80527778,39.04305556,89.3
"5721","201103018107",2011-09-20,-123.77972222,39.10416667,86.7
"5722","201103018108",2011-09-21,-123.815,38.93805556,105
"5723","201103018109",2011-09-21,-123.90388889,38.94194444,137.2
"5724","201103018110",2011-09-21,-123.91388889,38.89694444,146.6
"5725","201103018111",2011-09-21,-123.9225,38.88583333,219.7
"5726","201103018112",2011-09-21,-123.28055556,38.49777778,68.4
"5727","201103018113",2011-09-22,-123.61805556,38.31472222,598.4
"5728","201103018114",2011-09-22,-123.41388889,38.34805556,148.5
"5729","201103018115",2011-09-22,-123.37222222,38.39555556,122.9
"5730","201103018116",2011-09-22,-123.34194444,38.21555556,143.7
"5731","201103018117",2011-09-22,-123.23861111,38.27222222,102.6
"5732","201103018118",2011-09-23,-123.30527778,38.10138889,135
"5733","201103018119",2011-09-23,-123.30888889,38.00138889,122.5
"5734","201103018120",2011-09-23,-123.20277778,37.91027778,99.6
"5735","201103018121",2011-09-23,-123.1725,37.96166667,103.4
"5736","201103018122",2011-09-24,-122.71888889,37.46277778,81
"5737","201103018123",2011-09-24,-122.79333333,37.45805556,92.5
"5738","201103018124",2011-09-28,-122.77083333,37.22694444,169.1
"5739","201103018125",2011-09-28,-122.78888889,37.0825,648.8
"5740","201103018126",2011-09-28,-122.73083333,37.01055556,651
"5741","201103018127",2011-09-28,-122.57638889,37.08361111,118.2
"5742","201103018128",2011-09-28,-122.58611111,37.13583333,108.3
"5743","201103018129",2011-09-28,-122.50972222,37.20694444,80.7
"5744","201103018130",2011-09-29,-122.45138889,37.02083333,119.9
"5745","201103018131",2011-09-29,-122.46444444,36.99277778,135.3
"5746","201103018132",2011-09-29,-121.92916667,36.74305556,102.5
"5747","201103018133",2011-09-29,-122.02305556,36.39055556,492
"5748","201103018134",2011-09-29,-122.22861111,36.33722222,928.8
"5749","201103018135",2011-09-30,-121.80333333,36.14472222,605.7
"5750","201103018136",2011-09-30,-121.84055556,36.12333333,786.4
"5751","201103018137",2011-09-30,-121.35972222,35.43166667,596.4
"5752","201103018138",2011-09-30,-121.10916667,35.4025,264.2
"5753","201103018139",2011-10-01,-121.50333333,35.3075,840.3
"5754","201103018140",2011-10-01,-121.29972222,35.28055556,622.7
"5755","201103018141",2011-10-01,-121.20916667,35.30916667,489.5
"5756","201103018142",2011-10-01,-121.05777778,35.32444444,227.2
"5757","201103018143",2011-10-01,-120.98916667,35.14361111,318.4
"5758","201103018144",2011-10-02,-121.13138889,34.86472222,559
"5759","201103018145",2011-10-02,-121.25611111,34.67916667,682.8
"5760","201103018146",2011-10-02,-121.37472222,34.6125,942.2
"5761","201103018147",2011-10-02,-121.14361111,34.64416667,687.2
"5762","201103018148",2011-10-02,-120.85916667,34.53166667,460.8
"5763","201103018149",2011-10-03,-120.17888889,34.35027778,454
"5764","201103018150",2011-10-03,-120.14388889,34.10694444,102.2
"5765","201103018151",2011-10-03,-120.25305556,34.11111111,102.6
"5766","201103018152",2011-10-03,-120.28916667,34.08972222,89.8
"5767","201103018153",2011-10-04,-120.46194444,34.28111111,429.3
"5768","201103018154",2011-10-04,-120.71222222,34.41027778,516.1
"5769","201103018155",2011-10-04,-120.89055556,34.51916667,574.4
"5770","201103018156",2011-10-09,-121.13138889,35.31638889,368.4
"5771","201103018157",2011-10-09,-121.06166667,34.9475,516.4
"5772","201103018158",2011-10-09,-120.99916667,34.90972222,422.6
"5773","201103018159",2011-10-09,-121.05805556,34.85666667,482.1
"5774","201103018161",2011-10-10,-120.24027778,33.93055556,84.6
"5775","201103018162",2011-10-10,-120.105,33.79888889,401.5
"5776","201103018163",2011-10-11,-119.65777778,33.9525,87
"5777","201103018164",2011-10-11,-119.5625,33.97194444,90.4
"5778","201103018165",2011-10-11,-119.45361111,34.21972222,59.3
"5779","201103018166",2011-10-11,-119.43361111,34.19722222,61.9
"5780","201103018170",2011-10-12,-118.27555556,33.33638889,183.6
"5781","201103018171",2011-10-13,-118.10694444,33.50333333,403.8
"5782","201103018172",2011-10-13,-118.14083333,33.5425,237.5
"5783","201103018173",2011-10-13,-117.98083333,33.57083333,61.1
"5784","201103018175",2011-10-13,-117.62777778,33.34944444,67.8
"5785","201103018176",2011-10-14,-117.37305556,32.83444444,257.9
"5786","201103018177",2011-10-14,-117.33166667,32.68583333,104.4
"5787","201103018178",2011-10-14,-117.75638889,32.66888889,340.3
"5788","201103018179",2011-10-14,-118.05944444,32.7575,745.6
"5789","201103018181",2011-10-15,-118.68611111,32.09222222,968
"5790","201103018182",2011-10-16,-118.68805556,33.3875,1198.8
"5791","201103018183",2011-10-16,-118.65416667,33.50472222,290.5
"5792","201103018184",2011-10-16,-118.69194444,33.57944444,602.7
"5793","201103018187",2011-10-17,-119.79388889,34.28611111,268.6
"5794","201103018188",2011-10-17,-119.84944444,34.24611111,412
"5795","201203008001",2012-08-19,-124.72861111,45.33027778,522.7
"5796","201203008002",2012-08-19,-124.81722222,45.3375,692.7
"5797","201203008003",2012-08-19,-124.57527778,45.40666667,390
"5798","201203008004",2012-08-19,-124.53111111,45.40416667,410
"5799","201203008005",2012-08-19,-124.50333333,45.57166667,276
"5800","201203008006",2012-08-20,-124.43527778,46.25722222,444.8
"5801","201203008007",2012-08-20,-124.43694444,46.15444444,129.4
"5802","201203008008",2012-08-20,-124.46861111,46.56083333,145.9
"5803","201203008009",2012-08-20,-124.54083333,46.56361111,223.4
"5804","201203008011",2012-08-21,-125.33138889,48.05583333,415.6
"5805","201203008012",2012-08-21,-125.05555556,48.30055556,190.9
"5806","201203008013",2012-08-21,-125.0025,48.29166667,282.2
"5807","201203008014",2012-08-21,-124.99944444,48.34777778,296.2
"5808","201203008017",2012-08-22,-125.53333333,47.79527778,1078
"5809","201203008018",2012-08-22,-125.43333333,47.60305556,935.3
"5810","201203008019",2012-08-23,-125.24944444,47.59138889,810.1
"5811","201203008020",2012-08-23,-125.00916667,47.59138889,182
"5812","201203008021",2012-08-23,-124.53888889,47.31027778,64.6
"5813","201203008022",2012-08-23,-125.065,47.20861111,695.9
"5814","201203008023",2012-08-24,-124.82916667,47.0975,142
"5815","201203008024",2012-08-24,-124.88166667,46.93444444,166
"5816","201203008025",2012-08-24,-124.75166667,46.895,141.7
"5817","201203008026",2012-08-24,-124.89472222,46.76583333,484.5
"5818","201203008027",2012-08-24,-124.94555556,46.74472222,653.6
"5819","201203008028",2012-08-24,-124.99333333,46.70444444,910
"5820","201203008029",2012-08-25,-124.98,46.62916667,1074.6
"5821","201203008030",2012-08-25,-124.52527778,46.63222222,129
"5822","201203008031",2012-08-25,-124.2125,46.02111111,95.4
"5823","201203008032",2012-08-25,-124.09555556,45.96833333,81.1
"5824","201203008033",2012-08-26,-124.67277778,45.80888889,244.6
"5825","201203008034",2012-08-26,-124.55194444,45.79611111,177.4
"5826","201203008035",2012-08-26,-124.48194444,45.74388889,177.9
"5827","201203008036",2012-08-26,-124.41722222,45.35666667,343
"5828","201203008037",2012-08-27,-124.19222222,45.27416667,139.2
"5829","201203008038",2012-08-27,-124.3975,45.14666667,356.1
"5830","201203008039",2012-08-27,-124.10083333,44.99055556,71.7
"5831","201203008040",2012-08-27,-124.23055556,44.8025,99.2
"5832","201203008041",2012-09-01,-124.26416667,44.79972222,109.6
"5833","201203008042",2012-09-01,-124.40083333,44.96361111,224.4
"5834","201203008043",2012-09-01,-124.43277778,44.96472222,272.3
"5835","201203008044",2012-09-01,-124.72861111,45.03722222,498.5
"5836","201203008045",2012-09-01,-124.83916667,44.89555556,347.1
"5837","201203008046",2012-09-01,-125.03944444,45.03527778,973.3
"5838","201203008047",2012-09-02,-125.03805556,44.74277778,1041.5
"5839","201203008048",2012-09-02,-125.00805556,44.64722222,988.7
"5840","201203008049",2012-09-02,-124.91194444,44.50916667,451.5
"5841","201203008050",2012-09-02,-124.97,44.41222222,668.4
"5842","201203008051",2012-09-02,-125.02805556,44.37388889,779.8
"5843","201203008052",2012-09-02,-124.9125,44.37611111,530.7
"5844","201203008053",2012-09-03,-124.74527778,44.48527778,230.2
"5845","201203008054",2012-09-03,-124.9175,44.33305556,589.6
"5846","201203008055",2012-09-04,-124.23916667,44.53666667,73.1
"5847","201203008056",2012-09-04,-124.26194444,44.62611111,75.1
"5848","201203008057",2012-09-05,-124.22194444,44.29972222,63.3
"5849","201203008058",2012-09-05,-124.64138889,44.16972222,120.9
"5850","201203008059",2012-09-05,-124.67583333,44.07277778,125.7
"5851","201203008060",2012-09-05,-124.94694444,44.08416667,304.9
"5852","201203008061",2012-09-06,-124.81833333,43.94,144.7
"5853","201203008062",2012-09-06,-124.71055556,43.82361111,400.3
"5854","201203008063",2012-09-06,-124.68,43.58694444,434.9
"5855","201203008064",2012-09-06,-124.72555556,43.48638889,505.2
"5856","201203008065",2012-09-07,-124.91388889,43.33138889,648.4
"5857","201203008066",2012-09-07,-124.79666667,43.28472222,480
"5858","201203008067",2012-09-07,-124.7925,43.10861111,261.4
"5859","201203008068",2012-09-07,-124.775,42.98944444,160.5
"5860","201203008069",2012-09-08,-124.53138889,42.99527778,69.8
"5861","201203008070",2012-09-08,-124.58555556,43.08,110.6
"5862","201203008071",2012-09-08,-124.66,43.2625,160
"5863","201203008072",2012-09-09,-124.60361111,43.52472222,226.3
"5864","201203008073",2012-09-09,-124.44555556,43.40722222,101.6
"5865","201203008074",2012-09-13,-124.62722222,42.45472222,96.2
"5866","201203008075",2012-09-13,-124.81194444,42.28583333,611.4
"5867","201203008076",2012-09-13,-124.785,42.23388889,563.5
"5868","201203008077",2012-09-13,-124.94,41.95361111,950.3
"5869","201203008078",2012-09-14,-124.41055556,42.06555556,80.2
"5870","201203008079",2012-09-14,-124.56472222,42.10361111,153.7
"5871","201203008080",2012-09-14,-124.66944444,42.03277778,533.9
"5872","201203008081",2012-09-14,-124.61777778,41.96416667,453.2
"5873","201203008082",2012-09-15,-124.26611111,41.27166667,87.7
"5874","201203008083",2012-09-15,-124.38277778,41.52638889,102.1
"5875","201203008084",2012-09-15,-124.51138889,41.53694444,303
"5876","201203008085",2012-09-15,-124.61305556,41.58694444,770.7
"5877","201203008086",2012-09-15,-124.68833333,41.47805556,970.8
"5878","201203008087",2012-09-15,-124.77888889,41.43388889,967.5
"5879","201203008088",2012-09-16,-124.84888889,41.40833333,979.1
"5880","201203008089",2012-09-16,-124.73194444,41.37555556,1132.8
"5881","201203008090",2012-09-16,-124.81638889,41.24083333,1148.9
"5882","201203008091",2012-09-16,-124.75527778,41.12944444,1237.7
"5883","201203008092",2012-09-16,-124.53666667,40.97222222,506.8
"5884","201203008094",2012-09-17,-124.47333333,40.915,385.3
"5885","201203008096",2012-09-17,-124.515,40.76638889,381.1
"5886","201203008097",2012-09-18,-124.69777778,40.70111111,914.1
"5887","201203008098",2012-09-18,-124.575,40.39805556,360.1
"5888","201203008102",2012-09-19,-124.47555556,40.19666667,341.8
"5889","201203008103",2012-09-19,-124.79583333,40.27111111,538.3
"5890","201203008104",2012-09-19,-124.86305556,40.19694444,889.2
"5891","201203008105",2012-09-19,-124.65444444,39.88388889,1224.7
"5892","201203008106",2012-09-20,-123.92166667,39.33888889,139
"5893","201203008107",2012-09-20,-123.93805556,39.33944444,151
"5894","201203008108",2012-09-20,-123.86138889,39.23472222,118.7
"5895","201203008109",2012-09-20,-123.88833333,38.81805556,382.4
"5896","201203008110",2012-09-20,-123.80222222,38.72138889,250.3
"5897","201203008111",2012-09-21,-123.32277778,37.98194444,110.1
"5898","201203008112",2012-09-21,-123.19777778,38.025,109
"5899","201203008113",2012-09-21,-123.16527778,37.91611111,98.2
"5900","201203008114",2012-09-21,-123.18777778,37.87583333,98.9
"5901","201203008115",2012-09-22,-123.00944444,37.87833333,83.2
"5902","201203008116",2012-09-22,-123.00138889,37.84,82.6
"5903","201203008117",2012-09-26,-122.96861111,37.73944444,63
"5904","201203008118",2012-09-26,-123.10111111,37.7325,81
"5905","201203008119",2012-09-26,-122.82833333,37.6025,73.7
"5906","201203008120",2012-09-26,-122.82333333,37.56555556,82.9
"5907","201203008121",2012-09-27,-123.08194444,37.40722222,709.7
"5908","201203008122",2012-09-27,-122.93055556,37.37305556,548.7
"5909","201203008123",2012-09-27,-122.89472222,37.37027778,225.8
"5910","201203008124",2012-09-27,-122.79722222,37.36361111,110.6
"5911","201203008125",2012-09-27,-122.6275,37.15611111,109.6
"5912","201203008126",2012-09-27,-122.62222222,37.09527778,119.9
"5913","201203008127",2012-09-28,-122.6925,37.03444444,474.1
"5914","201203008128",2012-09-28,-122.34277778,36.96388889,127
"5915","201203008129",2012-09-28,-122.13555556,36.82888889,121.9
"5916","201203008130",2012-09-28,-121.9925,36.45055556,278.4
"5917","201203008131",2012-09-29,-121.87166667,36.66305556,67.1
"5918","201203008132",2012-09-30,-121.68805556,36.04166667,643
"5919","201203008133",2012-09-30,-121.57361111,35.8325,579.2
"5920","201203008134",2012-09-30,-121.85694444,35.77111111,1095.5
"5921","201203008135",2012-09-30,-121.64916667,35.49555556,982.3
"5922","201203008136",2012-10-01,-121.24861111,35.60694444,82.4
"5923","201203008137",2012-10-01,-121.4,35.56222222,544.6
"5924","201203008138",2012-10-01,-121.38638889,35.3925,681.3
"5925","201203008139",2012-10-01,-121.53666667,35.36361111,967.4
"5926","201203008140",2012-10-01,-121.49,35.20333333,630.3
"5927","201203008141",2012-10-02,-120.85916667,34.14166667,874
"5928","201203008142",2012-10-02,-120.72777778,34.23777778,693.2
"5929","201203008143",2012-10-02,-120.54583333,34.23166667,490.9
"5930","201203008144",2012-10-02,-120.45416667,34.33111111,349.2
"5931","201203008145",2012-10-02,-120.50638889,34.32611111,392.9
"5932","201203008146",2012-10-02,-120.68361111,34.39888889,458.6
"5933","201203008147",2012-10-03,-120.84027778,34.83694444,155.9
"5934","201203008148",2012-10-03,-121.05361111,35.17833333,424.8
"5935","201203008149",2012-10-07,-121.0775,34.76833333,508.3
"5936","201203008150",2012-10-07,-121.25111111,34.5625,935
"5937","201203008151",2012-10-07,-120.83,34.65027778,162.5
"5938","201203008152",2012-10-07,-120.78305556,34.63277778,104.3
"5939","201203008153",2012-10-07,-120.78166667,34.72027778,93.5
"5940","201203008154",2012-10-08,-120.11083333,34.44055556,65.4
"5941","201203008155",2012-10-08,-120.1825,34.33777778,456.5
"5942","201203008156",2012-10-08,-120.02194444,34.36916667,399
"5943","201203008157",2012-10-08,-120.02277778,34.39472222,103.4
"5944","201203008158",2012-10-08,-119.95944444,34.38472222,102.1
"5945","201203008159",2012-10-08,-119.87833333,34.22888889,498.6
"5946","201203008160",2012-10-09,-119.7375,34.22027778,225.8
"5947","201203008161",2012-10-09,-119.72583333,34.25277778,203.8
"5948","201203008162",2012-10-09,-119.54611111,34.27,87.3
"5949","201203008164",2012-10-09,-119.58111111,33.97444444,78.5
"5950","201203008165",2012-10-09,-119.86111111,33.82083333,331
"5951","201203008167",2012-10-10,-119.83083333,33.76305556,316.6
"5952","201203008168",2012-10-10,-120.03111111,33.84222222,91.1
"5953","201203008169",2012-10-10,-120.19083333,33.81777778,465.5
"5954","201203008170",2012-10-10,-120.27555556,33.78916667,764.7
"5955","201203008171",2012-10-10,-120.35,33.93194444,167.8
"5956","201203008172",2012-10-10,-120.41111111,33.98611111,108.2
"5957","201203008173",2012-10-11,-120.45166667,33.98916667,120.5
"5958","201203008174",2012-10-11,-120.53027778,34.02388889,161
"5959","201203008175",2012-10-11,-120.44194444,34.1975,168.2
"5960","201203008176",2012-10-11,-120.32666667,34.27472222,414.4
"5961","201203008177",2012-10-12,-118.68861111,33.99027778,74.2
"5962","201203008179",2012-10-12,-118.56222222,33.51138889,328.4
"5963","201203008180",2012-10-12,-118.19055556,33.56305556,142.2
"5964","201203008182",2012-10-13,-118.16277778,33.55583333,175.7
"5965","201203008183",2012-10-14,-118.67166667,33.07916667,421.1
"5966","201203008185",2012-10-14,-118.70777778,33.08472222,490.6
"5967","201203008186",2012-10-14,-118.44,32.63666667,871.5
"5968","201203008188",2012-10-15,-118.55138889,32.36138889,1199.7
"5969","201203008189",2012-10-15,-117.83527778,32.67222222,631
"5970","201203008190",2012-10-16,-117.81694444,33.42694444,650.4
"5971","201203008191",2012-10-16,-117.82916667,33.45055556,630.2
"5972","201203010002",2012-05-20,-125.07583333,44.64472222,837.1
"5973","201203010003",2012-05-20,-124.84611111,44.57944444,482.1
"5974","201203010004",2012-05-23,-124.71805556,46.5275,629.4
"5975","201203010005",2012-05-23,-124.80361111,46.60388889,533.6
"5976","201203010006",2012-05-23,-124.88027778,46.70833333,564.4
"5977","201203010007",2012-05-23,-125.00388889,46.76583333,681
"5978","201203010008",2012-05-23,-124.725,47.02166667,119.8
"5979","201203010009",2012-05-24,-125.59444444,48.07,176.6
"5980","201203010010",2012-05-24,-125.65583333,48.24722222,168.1
"5981","201203010011",2012-05-24,-125.66333333,48.12805556,209.3
"5982","201203010012",2012-05-24,-125.76333333,48.10722222,452.8
"5983","201203010013",2012-05-25,-125.29777778,47.86416667,450.2
"5984","201203010014",2012-05-25,-125.14722222,47.69722222,640.7
"5985","201203010015",2012-05-25,-125.58583333,47.60694444,1212.2
"5986","201203010016",2012-05-26,-124.71833333,47.06305556,114.7
"5987","201203010017",2012-05-26,-124.35944444,46.69444444,74.1
"5988","201203010018",2012-05-26,-124.32444444,46.68722222,67.9
"5989","201203010019",2012-05-26,-124.29805556,46.59083333,67.5
"5990","201203010020",2012-05-26,-124.32611111,46.58861111,74.1
"5991","201203010021",2012-05-26,-124.54305556,46.625,135.1
"5992","201203010022",2012-05-27,-124.61583333,46.47138889,877.8
"5993","201203010023",2012-05-27,-124.73222222,46.36888889,1220.9
"5994","201203010024",2012-05-27,-124.88305556,46.3375,868.4
"5995","201203010025",2012-05-27,-124.94527778,46.36083333,1020.1
"5996","201203010026",2012-05-27,-124.94861111,46.38777778,1119.8
"5997","201203010027",2012-05-28,-124.91222222,46.03194444,938.5
"5998","201203010028",2012-05-28,-124.97833333,46.00194444,1246.4
"5999","201203010029",2012-05-28,-124.80277778,45.99722222,461.8
"6000","201203010030",2012-05-28,-124.82222222,46.08638889,452
"6001","201203010031",2012-05-28,-124.63888889,45.92472222,190.1
"6002","201203010032",2012-05-29,-124.40638889,46.08583333,129.3
"6003","201203010033",2012-05-29,-124.265,46.15527778,97.1
"6004","201203010034",2012-05-29,-124.545,46.19611111,152.1
"6005","201203010035",2012-05-29,-124.44861111,46.2925,156.6
"6006","201203010036",2012-05-30,-124.33444444,46.3325,96.5
"6007","201203010037",2012-05-30,-124.30305556,46.30027778,91.9
"6008","201203010038",2012-06-03,-124.10083333,46.02083333,72.8
"6009","201203010039",2012-06-03,-124.14166667,45.9325,85.9
"6010","201203010040",2012-06-03,-124.30583333,45.87361111,140.5
"6011","201203010041",2012-06-03,-124.40861111,45.76472222,151.8
"6012","201203010042",2012-06-03,-124.74888889,45.76694444,368.1
"6013","201203010043",2012-06-04,-124.67722222,45.60361111,412.1
"6014","201203010044",2012-06-04,-124.53,45.50722222,465.1
"6015","201203010045",2012-06-04,-124.32527778,45.59833333,158.3
"6016","201203010046",2012-06-04,-124.20166667,45.62277778,120.9
"6017","201203010047",2012-06-04,-124.04222222,45.65361111,67.1
"6018","201203010048",2012-06-04,-124.20333333,45.49083333,133.1
"6019","201203010049",2012-06-05,-124.12194444,45.25972222,99.9
"6020","201203010050",2012-06-05,-124.32527778,45.24222222,214
"6021","201203010051",2012-06-05,-124.68944444,45.32694444,499.7
"6022","201203010052",2012-06-05,-124.61194444,45.18027778,352
"6023","201203010053",2012-06-05,-124.51444444,45.19305556,400.2
"6024","201203010054",2012-06-05,-124.46027778,45.13277778,361.4
"6025","201203010055",2012-06-06,-124.32361111,45.12972222,216.5
"6026","201203010056",2012-06-06,-124.34194444,45.06888889,212.5
"6027","201203010057",2012-06-06,-124.17388889,44.86583333,87.8
"6028","201203010058",2012-06-06,-124.30333333,44.7075,87.5
"6029","201203010059",2012-06-09,-124.54138889,44.78472222,190.3
"6030","201203010060",2012-06-09,-124.72166667,44.54527778,365.4
"6031","201203010061",2012-06-09,-124.76166667,44.36277778,147.2
"6032","201203010062",2012-06-09,-124.9075,44.29444444,366.8
"6033","201203010064",2012-06-10,-124.62277778,44.35138889,96.9
"6034","201203010065",2012-06-10,-124.5425,44.115,117.7
"6035","201203010066",2012-06-10,-124.90666667,43.88638889,483.7
"6036","201203010067",2012-06-10,-124.55277778,43.75194444,191.5
"6037","201203010068",2012-06-11,-124.29111111,43.73972222,99.3
"6038","201203010069",2012-06-11,-124.31805556,43.73361111,104.8
"6039","201203010070",2012-06-11,-124.3425,43.77,107.8
"6040","201203010071",2012-06-11,-124.92944444,44.02527778,217.8
"6041","201203010072",2012-06-12,-124.73111111,42.82361111,158.8
"6042","201203010074",2012-06-12,-124.71361111,42.76055556,201.8
"6043","201203010075",2012-06-12,-124.89027778,42.86416667,362.2
"6044","201203010076",2012-06-12,-124.88694444,43.09861111,377.3
"6045","201203010077",2012-06-12,-124.59222222,43.015,106.6
"6046","201203010078",2012-06-13,-124.85944444,43.3875,624.8
"6047","201203010079",2012-06-13,-124.35305556,43.43694444,65.8
"6048","201203010080",2012-06-16,-124.87972222,43.68638889,984.6
"6049","201203010081",2012-06-16,-124.99027778,43.51861111,1121.7
"6050","201203010082",2012-06-16,-124.86305556,43.75777778,707.1
"6051","201203010083",2012-06-16,-124.93361111,43.42805556,826.2
"6052","201203010084",2012-06-17,-124.69472222,42.64944444,176.6
"6053","201203010085",2012-06-17,-124.8675,42.61444444,829.8
"6054","201203010086",2012-06-17,-124.83361111,42.55638889,646.1
"6055","201203010087",2012-06-17,-124.75638889,42.53444444,327.3
"6056","201203010088",2012-06-17,-124.80027778,42.43333333,459.8
"6057","201203010089",2012-06-21,-124.37166667,41.96527778,67
"6058","201203010090",2012-06-21,-124.60666667,41.79666667,606.3
"6059","201203010091",2012-06-21,-124.57361111,41.755,548.8
"6060","201203010092",2012-06-21,-124.42583333,41.72388889,133.4
"6061","201203010093",2012-06-21,-124.50722222,41.62833333,356.8
"6062","201203010095",2012-06-22,-124.60611111,41.56916667,798.8
"6063","201203010096",2012-06-22,-124.71194444,41.53138889,909.4
"6064","201203010097",2012-06-22,-124.72388889,41.305,1131.3
"6065","201203010098",2012-06-22,-124.65888889,41.10361111,1032.7
"6066","201203010099",2012-06-22,-124.49083333,40.88833333,440.6
"6067","201203010100",2012-06-22,-124.56083333,40.8725,554
"6068","201203010101",2012-06-23,-124.69916667,40.84138889,958.1
"6069","201203010103",2012-06-23,-124.66111111,40.87055556,680.9
"6070","201203010104",2012-06-23,-124.47361111,40.55027778,66.4
"6071","201203010105",2012-06-23,-124.63388889,40.45222222,495.5
"6072","201203010106",2012-06-24,-124.81027778,40.27444444,548.8
"6073","201203010107",2012-06-24,-124.33555556,40.16055556,122.2
"6074","201203010108",2012-06-24,-124.385,40.11916667,498.8
"6075","201203010109",2012-06-24,-124.12333333,39.92055556,133.6
"6076","201203010110",2012-06-24,-123.82416667,39.56194444,74.1
"6077","201203010111",2012-06-24,-123.93055556,39.55638889,157.3
"6078","201203010112",2012-06-25,-123.47083333,38.54805556,118.9
"6079","201203010113",2012-06-25,-123.58,38.3825,351.3
"6080","201203010114",2012-06-25,-123.3175,38.27833333,121.6
"6081","201203010115",2012-06-25,-123.27555556,37.82194444,110.6
"6082","201203010116",2012-06-25,-123.07111111,37.89694444,90.5
"6083","201203010117",2012-06-25,-123.03222222,37.84027778,84.6
"6084","201203010118",2012-06-26,-122.97861111,37.79638889,73.5
"6085","201203010119",2012-06-26,-122.83027778,37.63361111,67.1
"6086","201203010120",2012-06-29,-122.74333333,37.46611111,84.1
"6087","201203010121",2012-06-29,-122.79777778,37.42833333,96.9
"6088","201203010122",2012-06-29,-122.58694444,37.26222222,93.3
"6089","201203010123",2012-06-29,-122.78916667,37.10833333,518.4
"6090","201203010124",2012-06-29,-122.53138889,37.08638889,112.3
"6091","201203010125",2012-06-29,-122.44583333,37.08083333,96.4
"6092","201203010127",2012-06-30,-122.00416667,36.67305556,148.4
"6093","201203010128",2012-06-30,-122.08888889,36.47833333,937.7
"6094","201203010130",2012-06-30,-121.96083333,36.32083333,82.9
"6095","201203010131",2012-07-01,-121.91,35.68305556,1092.6
"6096","201203010132",2012-07-01,-121.89666667,35.91194444,1183.7
"6097","201203010133",2012-07-01,-121.57388889,35.93388889,427.7
"6098","201203010134",2012-07-01,-121.4025,35.75583333,77.7
"6099","201203010135",2012-07-01,-121.41833333,35.63722222,433.7
"6100","201203010136",2012-07-02,-121.04111111,35.43694444,94
"6101","201203010137",2012-07-02,-121.16027778,35.35694444,358.3
"6102","201203010138",2012-07-02,-121.47111111,35.44611111,843.3
"6103","201203010139",2012-07-02,-121.64222222,35.44138889,1067.1
"6104","201203010140",2012-07-02,-121.51083333,35.37361111,953.8
"6105","201203010141",2012-07-03,-121.13555556,35.02138889,551.1
"6106","201203010142",2012-07-03,-120.92361111,34.81694444,263.4
"6107","201203010143",2012-07-03,-120.98388889,34.71972222,419.1
"6108","201203010144",2012-07-03,-121.0175,34.67888889,539.4
"6109","201203010145",2012-07-03,-121.07222222,34.52222222,951.4
"6110","201203010146",2012-07-04,-120.55694444,34.4025,213.9
"6111","201203010147",2012-07-04,-120.60444444,34.43888889,160.5
"6112","201203010148",2012-07-04,-120.77111111,34.625,97.9
"6113","201203010149",2012-07-04,-120.935,34.60666667,489.1
"6114","201203010150",2012-07-04,-120.88194444,34.68277778,230.4
"6115","201203010151",2012-07-05,-121.17888889,34.72833333,544.7
"6116","201203010152",2012-07-05,-121.29638889,34.86222222,437.4
"6117","201203010153",2012-07-05,-121.58027778,34.96972222,1113.6
"6118","201203010154",2012-07-06,-120.92805556,35.36527778,73.9
"6119","201203010156",2012-07-06,-120.98694444,35.23333333,195.7
"6120","201203010157",2012-07-10,-120.62277778,34.13277778,220
"6121","201203010158",2012-07-10,-120.53361111,33.92666667,926.8
"6122","201203010160",2012-07-11,-120.29722222,34.21583333,477.3
"6123","201203010161",2012-07-11,-120.1425,34.27416667,544.2
"6124","201203010162",2012-07-11,-120.10833333,34.3425,514.6
"6125","201203010164",2012-07-11,-119.75333333,34.0725,91.2
"6126","201203010165",2012-07-12,-119.47861111,34.06333333,85.3
"6127","201203010166",2012-07-12,-119.33527778,34.06194444,196.7
"6128","201203010167",2012-07-12,-119.33805556,34.11694444,193.3
"6129","201203010168",2012-07-14,-119.60805556,34.22611111,136.7
"6130","201203010169",2012-07-14,-119.90805556,34.00444444,57
"6131","201203010171",2012-07-15,-120.16222222,33.33472222,1109.7
"6132","201203010172",2012-07-16,-118.50333333,33.48638889,245.3
"6133","201203010173",2012-07-16,-118.25833333,33.29027778,174.6
"6134","201203010174",2012-07-16,-117.91722222,33.05777778,941.7
"6135","201203010175",2012-07-16,-118.04638889,32.71527778,587.1
"6136","201203010176",2012-07-17,-117.30944444,32.64833333,88.2
"6137","201203010177",2012-07-17,-117.28972222,32.70305556,63.5
"6138","201203010178",2012-07-17,-117.32083333,32.92166667,189.9
"6139","201203010179",2012-07-17,-117.28666667,32.91277778,83.3
"6140","201203010180",2012-07-17,-117.33583333,32.94277778,334.1
"6141","201203010181",2012-07-18,-117.75222222,33.40888889,610.5
"6142","201203010182",2012-07-18,-117.91555556,33.22388889,831.3
"6143","201203010183",2012-07-18,-118.07166667,33.49777778,523.9
"6144","201203017003",2012-05-23,-125.02166667,46.66472222,1041.6
"6145","201203017005",2012-05-23,-125.09138889,46.66222222,881.4
"6146","201203017006",2012-05-23,-125.13027778,46.69777778,972.6
"6147","201203017007",2012-05-23,-125.20055556,46.70416667,962.6
"6148","201203017008",2012-05-23,-125.20722222,46.93,956.9
"6149","201203017009",2012-05-24,-125.01805556,47.43111111,864.9
"6150","201203017010",2012-05-24,-125.21833333,47.46138889,697.8
"6151","201203017012",2012-05-24,-125.6725,47.70444444,1074.2
"6152","201203017014",2012-05-24,-125.77,47.96527778,940.2
"6153","201203017015",2012-05-25,-125.85,48.03527778,893.8
"6154","201203017017",2012-05-25,-125.25444444,48.06833333,147.2
"6155","201203017019",2012-05-26,-124.82944444,48.39805556,242.9
"6156","201203017020",2012-05-26,-124.84138889,48.36638889,190.4
"6157","201203017021",2012-05-26,-124.97861111,48.42861111,241.2
"6158","201203017022",2012-05-26,-124.96083333,48.23944444,209.7
"6159","201203017023",2012-05-26,-125.07333333,48.18638889,209.5
"6160","201203017024",2012-05-27,-125.27888889,48.24416667,166.8
"6161","201203017026",2012-05-27,-125.1825,48.02805556,152.3
"6162","201203017027",2012-05-27,-125.12416667,47.84666667,188
"6163","201203017028",2012-05-27,-125.25944444,47.73472222,817.5
"6164","201203017029",2012-05-27,-125.29416667,47.69611111,919.7
"6165","201203017030",2012-05-27,-124.93972222,47.60694444,149.7
"6166","201203017031",2012-05-28,-124.89361111,48.08861111,66
"6167","201203017032",2012-05-28,-124.89805556,47.95527778,84.8
"6168","201203017033",2012-05-28,-124.77638889,47.79888889,72.2
"6169","201203017034",2012-05-28,-124.77083333,47.75472222,76.2
"6170","201203017035",2012-05-28,-124.53833333,47.16444444,71.3
"6171","201203017036",2012-05-28,-124.56861111,47.03138889,81.8
"6172","201203017037",2012-05-28,-124.83361111,47.05888889,148.1
"6173","201203017038",2012-05-29,-124.92722222,47.03305556,164.4
"6174","201203017039",2012-05-29,-124.98055556,46.83527778,583.3
"6175","201203017040",2012-05-29,-124.6625,46.29833333,494
"6176","201203017041",2012-05-30,-124.26472222,45.89944444,124.6
"6177","201203017042",2012-05-30,-124.47972222,46.06444444,142.1
"6178","201203017043",2012-06-03,-124.92472222,46.21805556,870.4
"6179","201203017044",2012-06-03,-124.79944444,46.06166667,431.1
"6180","201203017045",2012-06-03,-124.67611111,46.00722222,205.2
"6181","201203017046",2012-06-03,-124.49388889,45.69944444,193.4
"6182","201203017047",2012-06-03,-124.48583333,45.64722222,203
"6183","201203017048",2012-06-03,-124.61166667,45.57722222,430.5
"6184","201203017049",2012-06-04,-124.84916667,45.60083333,1199.7
"6185","201203017050",2012-06-04,-124.85,45.57194444,1199.2
"6186","201203017051",2012-06-04,-124.40555556,45.45527778,209.4
"6187","201203017052",2012-06-04,-124.34972222,45.55777778,174
"6188","201203017053",2012-06-04,-124.05222222,45.4375,68.8
"6189","201203017054",2012-06-04,-124.04805556,45.37055556,65.9
"6190","201203017055",2012-06-05,-124.14222222,45.30611111,111.6
"6191","201203017056",2012-06-05,-124.39333333,45.29888889,343.9
"6192","201203017057",2012-06-05,-124.64472222,45.2375,441.7
"6193","201203017058",2012-06-05,-124.44,45.22722222,399.3
"6194","201203017059",2012-06-05,-124.40944444,45.16444444,370.2
"6195","201203017060",2012-06-05,-124.53388889,45.11055556,333
"6196","201203017061",2012-06-05,-124.61666667,45.04444444,449.3
"6197","201203017062",2012-06-06,-124.62361111,44.83555556,363.4
"6198","201203017063",2012-06-06,-124.84277778,44.79972222,451.6
"6199","201203017064",2012-06-06,-124.80611111,44.7425,453.4
"6200","201203017065",2012-06-06,-124.76305556,44.67527778,206.7
"6201","201203017066",2012-06-06,-124.6925,44.57916667,293.7
"6202","201203017067",2012-06-07,-124.20611111,44.62527778,65
"6203","201203017069",2012-06-08,-124.60388889,44.4025,110.6
"6204","201203017070",2012-06-08,-124.98111111,44.38444444,638.8
"6205","201203017071",2012-06-08,-125.02444444,44.57638889,1183.1
"6206","201203017072",2012-06-08,-125.11666667,44.34833333,1118.1
"6207","201203017073",2012-06-09,-124.4025,44.05638889,116.2
"6208","201203017074",2012-06-09,-124.36611111,43.885,115.3
"6209","201203017075",2012-06-09,-124.37638889,43.78805556,111.2
"6210","201203017076",2012-06-09,-124.33944444,43.65416667,107.1
"6211","201203017078",2012-06-09,-124.78416667,43.455,519.4
"6212","201203017079",2012-06-09,-124.7675,43.26277778,410.6
"6213","201203017081",2012-06-10,-124.75611111,43.18916667,321.4
"6214","201203017082",2012-06-10,-124.50083333,43.07722222,61.2
"6215","201203017083",2012-06-10,-124.70722222,42.88111111,129.3
"6216","201203017084",2012-06-10,-124.79888889,42.89111111,221.4
"6217","201203017085",2012-06-11,-124.67222222,42.56138889,137.3
"6218","201203017086",2012-06-11,-124.63694444,42.49138889,104.5
"6219","201203017087",2012-06-11,-124.85194444,42.01805556,924.7
"6220","201203017088",2012-06-11,-124.99444444,41.79888889,1168
"6221","201203017089",2012-06-12,-124.47444444,41.9875,103.4
"6222","201203017090",2012-06-20,-124.59194444,41.79944444,587.4
"6223","201203017091",2012-06-20,-124.55055556,41.76388889,508.6
"6224","201203017092",2012-06-21,-124.31805556,41.67083333,68.5
"6225","201203017093",2012-06-21,-124.43055556,41.50888889,116.5
"6226","201203017094",2012-06-21,-124.35722222,41.43833333,93.2
"6227","201203017095",2012-06-21,-124.42638889,41.35305556,150.4
"6228","201203017096",2012-06-21,-124.47583333,41.30166667,459.2
"6229","201203017097",2012-06-21,-124.5525,41.23888889,1021
"6230","201203017098",2012-06-21,-124.53638889,41.19805556,964.2
"6231","201203017099",2012-06-22,-124.30694444,41.27277778,104.8
"6232","201203017100",2012-06-22,-124.42111111,41.20833333,471.6
"6233","201203017101",2012-06-22,-124.55555556,40.99666667,602
"6234","201203017102",2012-06-22,-124.37722222,40.98944444,180.8
"6235","201203017103",2012-06-22,-124.34472222,40.94472222,123.8
"6236","201203017104",2012-06-22,-124.46833333,40.74472222,127.9
"6237","201203017105",2012-06-22,-124.46138889,40.60361111,114.5
"6238","201203017106",2012-06-23,-124.545,40.54694444,103.1
"6239","201203017107",2012-06-23,-124.51972222,40.51083333,69.5
"6240","201203017108",2012-06-23,-124.60888889,40.25333333,427.5
"6241","201203017109",2012-06-23,-124.69694444,40.06222222,975.5
"6242","201203017112",2012-06-24,-123.87888889,39.76555556,72.1
"6243","201203017113",2012-06-24,-123.95333333,39.71638889,150.5
"6244","201203017114",2012-06-24,-123.90194444,39.67916667,125
"6245","201203017115",2012-06-24,-123.8275,39.5425,70.9
"6246","201203017116",2012-06-24,-124.00472222,39.53527778,562.6
"6247","201203017117",2012-06-24,-123.98666667,39.45722222,372.1
"6248","201203017118",2012-06-24,-123.755,39.05555556,71.6
"6249","201203017119",2012-06-25,-123.83027778,38.82472222,135.7
"6250","201203017120",2012-06-25,-123.78694444,38.80555556,130.3
"6251","201203017121",2012-06-25,-123.71361111,38.68416667,150
"6252","201203017122",2012-06-25,-123.68611111,38.58972222,216.2
"6253","201203017123",2012-06-25,-123.60277778,38.43694444,275.7
"6254","201203017124",2012-06-26,-123.47055556,38.61833333,95
"6255","201203017125",2012-06-26,-123.19055556,38.34222222,89.3
"6256","201203017126",2012-06-29,-123.27111111,37.84972222,106.6
"6257","201203017127",2012-06-29,-123.27916667,38.19611111,119.7
"6258","201203017128",2012-06-29,-123.33611111,38.05388889,156.3
"6259","201203017131",2012-06-30,-122.85305556,37.77083333,57.6
"6260","201203017132",2012-06-30,-123.01722222,37.53694444,372.8
"6261","201203017133",2012-06-30,-122.96583333,37.4125,521.8
"6262","201203017134",2012-06-30,-122.68055556,37.47111111,74.1
"6263","201203017135",2012-06-30,-122.63194444,37.51083333,61.7
"6264","201203017136",2012-07-01,-122.85611111,37.13805556,475
"6265","201203017137",2012-07-01,-122.80861111,37.25305556,193.6
"6266","201203017138",2012-07-01,-122.55972222,37.24333333,90.9
"6267","201203017139",2012-07-01,-122.50305556,37.28194444,66.9
"6268","201203017140",2012-07-02,-122.03388889,36.52694444,552
"6269","201203017141",2012-07-02,-122.22194444,36.42,1110.5
"6270","201203017142",2012-07-02,-122.22916667,36.39083333,1145.3
"6271","201203017144",2012-07-02,-122.1,36.31194444,392.1
"6272","201203017147",2012-07-03,-121.50527778,35.89416667,108.8
"6273","201203017148",2012-07-04,-121.62416667,35.875,682.5
"6274","201203017149",2012-07-04,-121.71333333,35.91472222,898.7
"6275","201203017150",2012-07-04,-121.83972222,35.95027778,1131.7
"6276","201203017151",2012-07-04,-121.88916667,35.78333333,1179.7
"6277","201203017152",2012-07-04,-121.89138889,35.64722222,1058.6
"6278","201203017154",2012-07-05,-121.36694444,35.62055556,302.6
"6279","201203017155",2012-07-05,-121.49361111,35.3375,868.7
"6280","201203017156",2012-07-05,-121.33527778,35.28416667,663.1
"6281","201203017157",2012-07-05,-121.25694444,35.45305556,413.1
"6282","201203017158",2012-07-05,-121.24694444,35.53305556,314.9
"6283","201203017159",2012-07-06,-120.89472222,34.79527778,224.3
"6284","201203017161",2012-07-06,-120.77333333,34.80638889,95.3
"6285","201203017162",2012-07-10,-120.92194444,34.91055556,266.9
"6286","201203017163",2012-07-10,-120.62666667,34.46638889,111.6
"6287","201203017164",2012-07-10,-120.56194444,34.44583333,99.3
"6288","201203017165",2012-07-10,-120.41,34.40666667,81
"6289","201203017166",2012-07-11,-120.09777778,34.11027778,141.1
"6290","201203017167",2012-07-11,-120.24916667,34.20666667,493.6
"6291","201203017168",2012-07-11,-120.06694444,34.13666667,425.7
"6292","201203017170",2012-07-11,-119.93333333,34.38194444,91.1
"6293","201203017171",2012-07-11,-119.50166667,34.045,85.7
"6294","201203017172",2012-07-12,-119.13555556,34.005,622.5
"6295","201203017173",2012-07-12,-119.92361111,33.76277778,168.5
"6296","201203017174",2012-07-12,-120.20861111,33.83166667,457.8
"6297","201203017175",2012-07-13,-120.60055556,33.44944444,1155.5
"6298","201203017176",2012-07-13,-120.1875,33.255,1078.1
"6299","201203017177",2012-07-13,-120.25805556,33.16833333,672.2
"6300","201203017178",2012-07-14,-120.13833333,33.01944444,499.8
"6301","201203017179",2012-07-14,-120.02194444,32.75861111,781.1
"6302","201203017181",2012-07-15,-117.3725,32.90027778,487.6
"6303","201203017182",2012-07-15,-117.35416667,32.94888889,456.3
"6304","201203017183",2012-07-16,-117.50083333,33.21083333,178.1
"6305","201203017184",2012-07-16,-117.55833333,33.23694444,426.4
"6306","201203017185",2012-07-16,-117.77805556,32.68388889,440.7
"6307","201203017189",2012-07-17,-118.57527778,32.84111111,536.6
"6308","201203017190",2012-07-17,-118.67166667,32.71166667,1029.3
"6309","201203017191",2012-07-17,-118.57722222,32.75083333,780.8
"6310","201203017192",2012-07-17,-118.11638889,32.865,834.6
"6311","201203017193",2012-07-18,-118.70222222,33.51388889,323.7
"6312","201203017194",2012-07-18,-118.63166667,33.73611111,741.8
"6313","201203017195",2012-07-18,-118.75361111,33.98861111,76.5
"6314","201203017196",2012-07-18,-118.52555556,33.85611111,72.6
"6315","201203017197",2012-07-19,-117.95166667,33.3475,576.4
"6316","201203017198",2012-07-19,-118.08916667,33.53083333,394.5
"6317","201203017200",2012-08-19,-125.01722222,44.7325,961.5
"6318","201203017201",2012-08-19,-124.58777778,44.97416667,448.9
"6319","201203017202",2012-08-19,-124.54194444,45.32111111,405.1
"6320","201203017203",2012-08-19,-124.75277778,45.46861111,552.8
"6321","201203017204",2012-08-20,-124.54111111,46.43388889,205.1
"6322","201203017205",2012-08-20,-124.7575,46.49638889,664.6
"6323","201203017206",2012-08-20,-124.865,46.59861111,639.8
"6324","201203017207",2012-08-20,-124.8975,46.83166667,228.3
"6325","201203017208",2012-08-20,-124.79027778,46.8575,156
"6326","201203017209",2012-08-21,-125.52111111,47.70611111,1047
"6327","201203017210",2012-08-21,-125.67888889,47.83472222,1158.4
"6328","201203017211",2012-08-21,-125.765,48.03222222,928.2
"6329","201203017213",2012-08-22,-125.62416667,47.99055556,285.5
"6330","201203017214",2012-08-22,-125.52444444,47.95555556,196.8
"6331","201203017215",2012-08-22,-125.50416667,48.09805556,141
"6332","201203017217",2012-08-22,-125.48333333,48.15972222,147.6
"6333","201203017218",2012-08-22,-125.31444444,48.19833333,112.2
"6334","201203017220",2012-08-23,-124.70555556,47.74555556,61.1
"6335","201203017221",2012-08-23,-124.81638889,47.63166667,101.4
"6336","201203017222",2012-08-23,-125.05333333,47.64222222,181.5
"6337","201203017223",2012-08-23,-125.13888889,47.55805556,514.2
"6338","201203017224",2012-08-23,-125.18555556,47.50555556,579.8
"6339","201203017226",2012-08-24,-125.1275,47.29583333,992
"6340","201203017227",2012-08-24,-124.71916667,47.39861111,113.4
"6341","201203017228",2012-08-24,-124.60666667,47.33111111,81.6
"6342","201203017229",2012-08-24,-124.57,47.33777778,70.8
"6343","201203017230",2012-08-25,-124.53194444,46.95388889,87.5
"6344","201203017231",2012-08-25,-124.65194444,46.98916667,105.5
"6345","201203017232",2012-08-25,-124.65055556,46.94166667,112
"6346","201203017233",2012-08-25,-124.61388889,46.80388889,122.1
"6347","201203017234",2012-08-25,-124.38111111,46.53944444,88.4
"6348","201203017235",2012-08-25,-124.51027778,46.46527778,190.9
"6349","201203017236",2012-08-26,-124.36777778,46.24833333,133.9
"6350","201203017237",2012-08-27,-124.04472222,45.4775,67.2
"6351","201203017238",2012-08-27,-124.34722222,45.43972222,181.8
"6352","201203017239",2012-08-27,-124.44083333,44.93527778,247.5
"6353","201203017240",2012-08-28,-124.43722222,44.70777778,117.5
"6354","201203017241",2012-09-01,-124.48833333,44.85444444,194.1
"6355","201203017242",2012-09-01,-124.59027778,44.89305556,388.9
"6356","201203017243",2012-09-01,-124.7675,44.86694444,349.6
"6357","201203017244",2012-09-01,-124.76944444,44.63194444,317
"6358","201203017245",2012-09-02,-124.56638889,44.54944444,138.6
"6359","201203017246",2012-09-02,-124.61833333,44.52861111,187.5
"6360","201203017248",2012-09-02,-124.79388889,44.43194444,312.2
"6361","201203017249",2012-09-02,-124.82666667,44.52055556,375.6
"6362","201203017250",2012-09-02,-124.98944444,44.21694444,431.6
"6363","201203017251",2012-09-03,-124.32333333,44.27027778,80.1
"6364","201203017252",2012-09-03,-124.49611111,44.04916667,129.4
"6365","201203017253",2012-09-03,-124.46722222,43.95055556,129
"6366","201203017254",2012-09-03,-124.57444444,43.89277778,192.5
"6367","201203017255",2012-09-03,-124.75166667,43.65861111,581
"6368","201203017256",2012-09-04,-124.68583333,43.72194444,439.7
"6369","201203017257",2012-09-04,-124.54972222,43.69555556,189.6
"6370","201203017258",2012-09-04,-124.37333333,43.65833333,113.7
"6371","201203017259",2012-09-04,-124.46833333,43.51611111,126.1
"6372","201203017260",2012-09-05,-124.5325,43.42805556,124.1
"6373","201203017261",2012-09-05,-125.05388889,43.425,1158.8
"6374","201203017264",2012-09-06,-124.52583333,43.04888889,76.1
"6375","201203017265",2012-09-06,-124.71027778,42.96611111,139.2
"6376","201203017266",2012-09-06,-124.84166667,42.69916667,624
"6377","201203017267",2012-09-07,-124.63083333,42.59777778,122.4
"6378","201203017268",2012-09-07,-124.58361111,42.46944444,82.7
"6379","201203017269",2012-09-07,-124.59666667,42.40361111,94.9
"6380","201203017270",2012-09-07,-124.79666667,42.33555556,661.3
"6381","201203017271",2012-09-08,-124.96138889,41.87,910.5
"6382","201203017272",2012-09-08,-124.85972222,42.12,839.3
"6383","201203017273",2012-09-08,-124.67777778,42.1875,497
"6384","201203017274",2012-09-08,-124.66972222,42.25194444,429.4
"6385","201203017275",2012-09-09,-124.57527778,42.18027778,175.9
"6386","201203017276",2012-09-09,-124.51416667,42.20277778,131.4
"6387","201203017277",2012-09-13,-124.55083333,41.70083333,529.7
"6388","201203017278",2012-09-13,-124.36277778,41.64388889,90.6
"6389","201203017279",2012-09-13,-124.72333333,41.40222222,1091.6
"6390","201203017280",2012-09-13,-124.62722222,41.30833333,1058.6
"6391","201203017281",2012-09-14,-124.7025,41.21166667,1186.9
"6392","201203017282",2012-09-14,-124.2675,41.38416667,80.9
"6393","201203017283",1978-05-04,-124.31388889,41.27333333,109.4
"6394","201203017283",2012-09-14,-124.31388889,41.27333333,109.4
"6395","201203017284",2012-09-14,-124.35444444,41.0775,182.3
"6396","201203017285",2012-09-14,-124.30222222,41.07888889,111
"6397","201203017286",2012-09-15,-124.40111111,40.92861111,188.9
"6398","201203017287",2012-09-15,-124.31027778,40.92722222,91.2
"6399","201203017288",2012-09-15,-124.90277778,40.30805556,897.5
"6400","201203017289",2012-09-15,-124.93777778,40.31972222,904.9
"6401","201203017290",2012-09-16,-125.1025,40.25555556,1191.4
"6402","201203017292",2012-09-16,-124.84916667,40.22777778,807.1
"6403","201203017293",2012-09-16,-124.74638889,40.05472222,1064
"6404","201203017294",2012-09-17,-124.3875,40.16333333,321.7
"6405","201203017295",2012-09-17,-124.47888889,40.13888889,598.8
"6406","201203017296",2012-09-17,-124.45666667,40.05666667,794.3
"6407","201203017297",2012-09-18,-124.18388889,39.955,219.9
"6408","201203017298",2012-09-18,-123.96888889,39.67722222,176.3
"6409","201203017299",2012-09-18,-124.02722222,39.55194444,662.7
"6410","201203017300",2012-09-18,-124.1375,39.24027778,854.3
"6411","201203017301",2012-09-19,-123.83444444,39.17444444,110.4
"6412","201203017302",2012-09-19,-123.86361111,39.10888889,112.6
"6413","201203017303",2012-09-19,-124.04805556,38.90611111,952.8
"6414","201203017304",2012-09-19,-123.86166667,38.95472222,119.4
"6415","201203017305",2012-09-19,-123.61916667,38.77916667,74.4
"6416","201203017306",2012-09-20,-123.64388889,38.55472222,191.8
"6417","201203017307",2012-09-20,-123.56361111,38.48888889,183.6
"6418","201203017308",2012-09-20,-123.495,38.48333333,143.5
"6419","201203017309",2012-09-20,-123.38611111,38.41361111,126.9
"6420","201203017310",2012-09-20,-123.24666667,38.47333333,63.8
"6421","201203017311",2012-09-21,-123.20944444,38.28166667,98.2
"6422","201203017312",2012-09-21,-123.40583333,38.21111111,257.8
"6423","201203017313",2012-09-21,-123.35194444,38.14666667,167.6
"6424","201203017314",2012-09-21,-123.34083333,38.12027778,159.6
"6425","201203017315",2012-09-22,-122.94194444,37.87333333,74.1
"6426","201203017316",2012-09-26,-122.79972222,37.40972222,101.1
"6427","201203017317",2012-09-26,-122.91694444,37.30694444,366.7
"6428","201203017318",2012-09-26,-122.83888889,37.27388889,224
"6429","201203017319",2012-09-26,-122.88722222,37.08222222,720.3
"6430","201203017320",2012-09-26,-122.79777778,37.07861111,667.7
"6431","201203017321",2012-09-26,-122.60583333,37.09527778,119
"6432","201203017322",2012-09-27,-122.10694444,36.36138889,545.2
"6433","201203017323",2012-09-27,-122.05,36.29,158
"6434","201203017325",2012-09-27,-121.90222222,36.24805556,84.5
"6435","201203017326",2012-09-27,-121.89222222,36.045,1082.2
"6436","201203017327",2012-09-28,-121.50694444,35.73583333,521.8
"6437","201203017328",2012-09-28,-121.49472222,35.69555556,540.8
"6438","201203017329",2012-09-28,-121.84472222,35.81194444,1102
"6439","201203017330",2012-09-28,-121.8875,35.61472222,1035.7
"6440","201203017331",2012-09-29,-121.19777778,35.52305556,227.5
"6441","201203017332",2012-09-29,-121.52277778,35.33277778,900.2
"6442","201203017333",2012-09-29,-121.66666667,35.15944444,1139.2
"6443","201203017334",2012-09-29,-121.51888889,35.1525,587.8
"6444","201203017335",2012-09-29,-121.47333333,35.06722222,461.1
"6445","201203017336",2012-09-30,-121.24888889,35.15888889,597.5
"6446","201203017337",2012-09-30,-121.16055556,35.12138889,565
"6447","201203017338",2012-09-30,-121.34888889,35.03222222,503.8
"6448","201203017339",2012-09-30,-121.38555556,34.74444444,560.5
"6449","201203017340",2012-09-30,-121.23861111,34.62722222,830
"6450","201203017342",2012-10-01,-120.87694444,34.37472222,841.2
"6451","201203017343",2012-10-01,-120.81138889,34.17555556,805.8
"6452","201203017344",2012-10-01,-120.555,34.02416667,415.1
"6453","201203017345",2012-10-02,-120.49944444,34.39138889,187.6
"6454","201203017346",2012-10-02,-120.62611111,34.36805556,416
"6455","201203017347",2012-10-02,-120.52777778,34.45666667,72.1
"6456","201203017348",2012-10-02,-120.82972222,34.53305556,421.2
"6457","201203017349",2012-10-02,-120.7425,34.56444444,101.5
"6458","201203017350",2012-10-03,-120.73833333,34.8825,66
"6459","201203017351",2012-10-03,-120.85055556,35.11944444,104.5
"6460","201203017352",2012-10-07,-121.00027778,35.10777778,365.7
"6461","201203017353",2012-10-07,-120.82944444,35.01194444,123.6
"6462","201203017354",2012-10-07,-120.97638889,34.98,383.4
"6463","201203017355",2012-10-07,-120.94777778,34.90916667,323.1
"6464","201203017356",2012-10-08,-120.22611111,34.08222222,80.3
"6465","201203017357",2012-10-08,-120.19916667,34.11361111,101
"6466","201203017358",2012-10-08,-119.83111111,34.09444444,92.2
"6467","201203017359",2012-10-08,-119.73194444,34.11361111,210.8
"6468","201203017360",2012-10-08,-119.70083333,34.10916667,199.2
"6469","201203017361",2012-10-09,-119.67888889,34.0425,82.9
"6470","201203017362",2012-10-09,-119.71944444,34.08555556,90.3
"6471","201203017364",2012-10-09,-119.49111111,34.16833333,184
"6472","201203017366",2012-10-10,-120.15527778,33.80666667,492.3
"6473","201203017367",2012-10-10,-120.39416667,33.38305556,969.9
"6474","201203017368",2012-10-10,-120.13194444,33.375,1196
"6475","201203017369",2012-10-11,-120.22361111,32.96277778,698.8
"6476","201203017370",2012-10-11,-119.85416667,32.59138889,991.5
"6477","201203017371",2012-10-12,-117.75611111,32.75222222,340.1
"6478","201203017372",2012-10-12,-117.405,32.72777778,433.3
"6479","201203017373",2012-10-12,-117.34388889,32.7625,87.4
"6480","201203017374",2012-10-12,-117.80888889,33.17111111,806.1
"6481","201203017375",2012-10-13,-117.64944444,33.36388889,89.8
"6482","201203017376",2012-10-13,-117.87,33.18444444,837.9
"6483","201203017377",2012-10-13,-118.19166667,32.90805556,867.6
"6484","201203017378",2012-10-13,-118.26527778,32.81166667,1042.5
"6485","201203017379",2012-10-14,-118.19555556,33.28916667,385.9
"6486","201203017380",2012-10-14,-118.1175,33.39805556,645.8
"6487","201203017382",2012-10-15,-118.66777778,33.53361111,421.6
"6488","201203017383",2012-10-15,-118.73027778,33.50916667,295
"6489","201203017384",2012-10-15,-118.80222222,33.55166667,458.8
"6490","201203017385",2012-10-16,-118.04083333,33.57083333,156.3
"6491","201303008001",2013-08-24,-124.64222222,45.20277778,368.5
"6492","201303008002",2013-08-24,-124.70638889,45.33333333,488.9
"6493","201303008003",2013-08-24,-124.67666667,45.57138889,431.9
"6494","201303008004",2013-08-24,-124.81888889,45.68555556,660.9
"6495","201303008005",2013-08-24,-125.1725,45.64138889,909
"6496","201303008006",2013-08-25,-124.71055556,45.70666667,280.1
"6497","201303008007",2013-08-25,-124.54638889,45.73305556,191.5
"6498","201303008008",2013-08-25,-124.4675,45.86694444,154.5
"6499","201303008009",2013-08-25,-124.98555556,46.20638889,895.4
"6500","201303008010",2013-08-26,-125.07805556,46.70583333,807.9
"6501","201303008011",2013-08-26,-124.93611111,46.63583333,673.9
"6502","201303008012",2013-08-26,-124.94055556,46.67611111,836.9
"6503","201303008013",2013-08-26,-124.94638889,46.75805556,637.1
"6504","201303008014",2013-08-26,-124.79277778,46.75361111,178
"6505","201303008015",2013-08-27,-125.08944444,47.50277778,733.5
"6506","201303008016",2013-08-27,-125.20222222,47.67194444,739.4
"6507","201303008017",2013-08-27,-125.22194444,47.8,579.2
"6508","201303008018",2013-08-27,-125.22138889,47.99777778,165
"6509","201303008019",2013-08-27,-125.27694444,48.06055556,173.2
"6510","201303008020",2013-08-28,-125.7025,48.11888889,246.9
"6511","201303008021",2013-08-28,-125.78861111,48.20638889,529.9
"6512","201303008022",2013-08-28,-124.88027778,48.3975,330.7
"6513","201303008023",2013-08-29,-124.8575,47.79916667,97.7
"6514","201303008024",2013-08-29,-124.77305556,47.76166667,77.1
"6515","201303008025",2013-08-29,-124.82083333,47.61972222,104.3
"6516","201303008026",2013-08-29,-124.84916667,47.62027778,110.5
"6517","201303008027",2013-08-29,-125.07,47.63277778,188.8
"6518","201303008029",2013-08-30,-124.88277778,47.26222222,218.7
"6519","201303008030",2013-08-30,-124.47388889,47.09833333,64.2
"6520","201303008031",2013-08-30,-124.53138889,47.00194444,78.8
"6521","201303008032",2013-08-30,-124.29916667,46.63722222,68
"6522","201303008033",2013-08-31,-124.56388889,46.32138889,141.3
"6523","201303008034",2013-08-31,-124.575,46.26638889,151.9
"6524","201303008035",2013-08-31,-124.49833333,46.20194444,138.5
"6525","201303008036",2013-08-31,-124.43638889,46.17055556,131.9
"6526","201303008037",2013-09-01,-124.14277778,45.61472222,99.7
"6527","201303008038",2013-09-01,-124.35361111,45.40777778,193.5
"6528","201303008039",2013-09-01,-124.45277778,45.43583333,324
"6529","201303008040",2013-09-02,-124.11194444,45.00166667,78.6
"6530","201303008041",2013-09-02,-124.22916667,44.93722222,127.5
"6531","201303008042",2013-09-06,-124.18111111,45.27361111,132.7
"6532","201303008043",2013-09-06,-124.32055556,45.26194444,208.6
"6533","201303008044",2013-09-06,-124.33861111,45.06444444,208.2
"6534","201303008045",2013-09-06,-124.71583333,44.91805556,409.5
"6535","201303008046",2013-09-06,-124.8475,44.81,438.2
"6536","201303008047",2013-09-07,-124.53277778,44.73638889,160.8
"6537","201303008048",2013-09-07,-124.62305556,44.52055556,194.2
"6538","201303008049",2013-09-07,-125.08333333,44.31388889,1059.5
"6539","201303008050",2013-09-07,-124.98055556,44.06055556,500.4
"6540","201303008051",2013-09-07,-124.78027778,44.09638889,115
"6541","201303008052",2013-09-08,-124.33666667,44.45305556,71.1
"6542","201303008053",2013-09-08,-124.27916667,44.40361111,70
"6543","201303008054",2013-09-08,-124.45111111,44.37916667,85.7
"6544","201303008055",2013-09-08,-124.41638889,44.30361111,94
"6545","201303008056",2013-09-08,-124.53388889,44.27833333,101.5
"6546","201303008057",2013-09-08,-124.52611111,44.20833333,102.9
"6547","201303008058",2013-09-09,-124.21916667,44.1775,64
"6548","201303008059",2013-09-09,-124.22,44.06861111,62
"6549","201303008060",2013-09-09,-124.25527778,43.99222222,79.1
"6550","201303008061",2013-09-11,-124.91861111,43.05527778,681.6
"6551","201303008062",2013-09-11,-124.82722222,42.86222222,297.3
"6552","201303008063",2013-09-11,-124.60888889,42.52722222,97.8
"6553","201303008064",2013-09-11,-124.63388889,42.5275,109.5
"6554","201303008065",2013-09-11,-124.79805556,42.31861111,589
"6555","201303008066",2013-09-12,-124.90027778,42.22444444,945.5
"6556","201303008067",2013-09-12,-124.81333333,42.13,708.9
"6557","201303008068",2013-09-12,-124.60916667,42.09666667,311.9
"6558","201303008069",2013-09-12,-124.45583333,41.95861111,95.9
"6559","201303008070",2013-09-12,-124.50916667,41.86666667,174.5
"6560","201303008071",2013-09-13,-124.97083333,42.01472222,1065.2
"6561","201303008072",2013-09-13,-124.91805556,41.87333333,907.8
"6562","201303008073",2013-09-13,-124.84888889,41.63916667,872.2
"6563","201303008074",2013-09-13,-124.98638889,41.60277778,1150
"6564","201303008075",2013-09-14,-124.45305556,41.65944444,164.8
"6565","201303008076",2013-09-14,-124.35833333,41.58416667,91.8
"6566","201303008077",2013-09-14,-124.26833333,41.42388889,76.5
"6567","201303008078",2013-09-14,-124.45416667,41.26527778,500.6
"6568","201303008079",2013-09-14,-124.58666667,41.16,1096.1
"6569","201303008080",2013-09-15,-124.7225,40.96611111,722.4
"6570","201303008081",2013-09-15,-124.37722222,40.8775,136.6
"6571","201303008082",2013-09-19,-124.44666667,40.73833333,89
"6572","201303008083",2013-09-19,-124.68722222,40.55555556,334.5
"6573","201303008084",2013-09-19,-124.80527778,40.19027778,866.4
"6574","201303008085",2013-09-19,-124.64916667,40.19305556,691.9
"6575","201303008086",2013-09-20,-124.55777778,40.21805556,507.4
"6576","201303008087",2013-09-20,-124.56361111,40.15666667,685.2
"6577","201303008088",2013-09-20,-124.38916667,40.01944444,841.5
"6578","201303008090",2013-09-20,-124.22944444,40.05666667,152.9
"6579","201303008091",2013-09-21,-124.12166667,39.9675,81.6
"6580","201303008092",2013-09-21,-123.99888889,39.7125,186.6
"6581","201303008093",2013-09-21,-123.8225,39.61694444,62.1
"6582","201303008094",2013-09-21,-124.01777778,39.15416667,488.3
"6583","201303008095",2013-09-22,-124.07611111,39.11472222,647.9
"6584","201303008096",2013-09-22,-123.98333333,38.97944444,617.4
"6585","201303008097",2013-09-22,-123.80888889,38.91333333,106.5
"6586","201303008098",2013-09-22,-123.86527778,38.71388889,704.1
"6587","201303008099",2013-09-22,-123.73861111,38.77166667,130.5
"6588","201303008100",2013-09-23,-123.67111111,38.80777778,84.3
"6589","201303008101",2013-09-23,-123.70388889,38.675,148.1
"6590","201303008102",2013-09-23,-123.5925,38.64888889,126.4
"6591","201303008103",2013-09-23,-123.4,38.56638889,89.4
"6592","201303008104",2013-09-23,-123.28666667,38.48083333,82.8
"6593","201303008105",2013-09-23,-123.4175,38.47277778,124.8
"6594","201303008106",2013-09-23,-123.52333333,38.30583333,296
"6595","201303008107",2013-09-24,-123.35083333,37.94194444,110.6
"6596","201303008108",2013-09-24,-123.51305556,38.1025,364.7
"6597","201303008109",2013-09-24,-123.52277778,38.27111111,377.8
"6598","201303008110",2013-09-25,-123.03083333,38.16277778,70.3
"6599","201303008111",2013-09-25,-122.94555556,37.94055556,60.9
"6600","201303008112",2013-09-30,-122.96416667,37.27722222,475.1
"6601","201303008113",2013-09-30,-122.695,37.22888889,110.6
"6602","201303008114",2013-09-30,-122.50305556,37.2525,70.9
"6603","201303008115",2013-09-30,-122.52583333,37.02194444,128.9
"6604","201303008116",2013-09-30,-122.35111111,36.98166667,117.9
"6605","201303008117",2013-09-30,-122.32611111,36.93027778,202.5
"6606","201303008118",2013-10-01,-121.89111111,36.76972222,235.6
"6607","201303008119",2013-10-01,-122.1225,36.79305556,341.5
"6608","201303017001",2013-05-25,-124.975,45.17527778,975
"6609","201303017002",2013-05-25,-124.78305556,45.36638889,616.4
"6610","201303017003",2013-05-25,-124.67277778,45.38055556,434.1
"6611","201303017004",2013-05-25,-124.54055556,45.55361111,415.8
"6612","201303017005",2013-05-26,-124.87888889,46.26083333,835.5
"6613","201303017006",2013-05-26,-124.91611111,46.19138889,821.8
"6614","201303017007",2013-05-26,-124.66333333,46.35861111,948.8
"6615","201303017008",2013-05-26,-124.78388889,46.46638889,967
"6616","201303017009",2013-05-26,-125.16138889,46.86472222,734.9
"6617","201303017010",2013-05-27,-125.16611111,47.46472222,632.5
"6618","201303017011",2013-05-27,-125.40805556,47.7,1023.4
"6619","201303017012",2013-05-27,-125.28638889,47.92361111,391.5
"6620","201303017013",2013-05-27,-125.73777778,48.10555556,324.6
"6621","201303017014",2013-05-28,-124.77833333,48.37194444,90.6
"6622","201303017015",2013-05-28,-125.03388889,48.08666667,332
"6623","201303017016",2013-05-28,-124.96222222,48.00388889,101.8
"6624","201303017017",2013-05-28,-124.89666667,47.77138889,108.3
"6625","201303017018",2013-05-28,-124.96388889,47.60277778,166.4
"6626","201303017019",2013-05-29,-124.50861111,47.22888889,64.3
"6627","201303017020",2013-05-29,-124.56888889,47.27055556,73.4
"6628","201303017021",2013-05-29,-124.89972222,47.20388889,195.3
"6629","201303017022",2013-05-29,-124.65305556,46.93416667,114.4
"6630","201303017023",2013-05-29,-124.46333333,46.89694444,80
"6631","201303017024",2013-05-30,-124.68722222,46.7375,142.9
"6632","201303017025",2013-05-30,-124.67666667,46.63611111,176.2
"6633","201303017026",2013-05-30,-124.67055556,46.5075,461.3
"6634","201303017027",2013-05-30,-124.65555556,46.39944444,1026.3
"6635","201303017028",2013-05-30,-124.43277778,46.36472222,116.8
"6636","201303017029",2013-05-31,-124.49166667,46.23833333,589.7
"6637","201303017030",2013-05-31,-124.73166667,46.06444444,309.4
"6638","201303017031",2013-05-31,-124.67416667,45.97805556,203.8
"6639","201303017032",2013-05-31,-124.63277778,45.97138889,185.8
"6640","201303017033",2013-05-31,-124.20805556,45.87083333,113
"6641","201303017034",2013-06-01,-124.46527778,45.60277778,211
"6642","201303017035",2013-06-01,-124.42444444,45.53777778,207.5
"6643","201303017036",2013-06-01,-124.07583333,45.48833333,79.7
"6644","201303017037",2013-06-01,-124.17694444,45.40611111,127.4
"6645","201303017038",2013-06-01,-124.29833333,45.3875,176.2
"6646","201303017039",2013-06-01,-124.26666667,45.27666667,177.3
"6647","201303017040",2013-06-01,-124.19416667,45.28472222,142.8
"6648","201303017041",2013-06-02,-124.18888889,45.23194444,140.6
"6649","201303017042",2013-06-02,-124.39388889,45.19138889,379.2
"6650","201303017043",2013-06-02,-124.48277778,45.12666667,366.9
"6651","201303017044",2013-06-02,-124.68555556,45.13166667,523.1
"6652","201303017045",2013-06-03,-124.13666667,44.84166667,66.6
"6653","201303017046",2013-06-07,-124.38,44.99305556,218
"6654","201303017047",2013-06-07,-124.51,44.96277778,400.5
"6655","201303017048",2013-06-07,-124.66138889,44.89722222,346.1
"6656","201303017050",2013-06-07,-124.69333333,44.90333333,383.2
"6657","201303017051",2013-06-07,-124.76055556,44.93527778,520.4
"6658","201303017052",2013-06-07,-124.65444444,44.77444444,317
"6659","201303017053",2013-06-08,-125.15138889,44.60833333,1048.2
"6660","201303017054",2013-06-08,-124.77972222,44.48166667,325.1
"6661","201303017055",2013-06-08,-125.11833333,44.27861111,1119.5
"6662","201303017056",2013-06-09,-124.46916667,44.19972222,101.9
"6663","201303017057",2013-06-09,-124.32444444,44.17972222,83
"6664","201303017058",2013-06-09,-124.24916667,44.18027778,74.3
"6665","201303017059",2013-06-09,-124.32027778,43.94777778,110
"6666","201303017060",2013-06-10,-124.92805556,44.09138889,189.5
"6667","201303017061",2013-06-10,-124.68305556,43.98277778,121.6
"6668","201303017062",2013-06-10,-124.70555556,43.87138889,287.1
"6669","201303017063",2013-06-10,-124.84472222,43.92361111,174.6
"6670","201303017064",2013-06-10,-124.88361111,43.73916667,798.2
"6671","201303017065",2013-06-10,-124.92305556,43.72833333,1046.4
"6672","201303017066",2013-06-11,-124.68611111,43.62361111,451.3
"6673","201303017067",2013-06-11,-124.50722222,43.77666667,143.3
"6674","201303017068",2013-06-11,-124.35833333,43.91583333,116.2
"6675","201303017069",2013-06-11,-124.23916667,43.80055556,74.3
"6676","201303017070",2013-06-12,-124.37027778,43.68805556,112.9
"6677","201303017071",2013-06-12,-124.41416667,43.42194444,93.4
"6678","201303017072",2013-06-12,-124.64694444,43.37583333,186.3
"6679","201303017073",2013-06-12,-124.71805556,43.41277778,450.8
"6680","201303017074",2013-06-12,-124.62027778,43.32416667,142.8
"6681","201303017076",2013-06-13,-124.58222222,43.17722222,107.7
"6682","201303017077",2013-06-13,-124.7,42.99194444,143.4
"6683","201303017078",2013-06-13,-124.80027778,43.00027778,119.4
"6684","201303017081",2013-06-14,-124.73888889,42.41027778,214.3
"6685","201303017082",2013-06-14,-124.66694444,42.3275,233.9
"6686","201303017083",2013-06-14,-124.92361111,42.16972222,1044.8
"6687","201303017084",2013-06-14,-125.03055556,41.64305556,1214
"6688","201303017085",2013-06-14,-124.91555556,41.56861111,1037.2
"6689","201303017086",2013-06-15,-124.58,41.66472222,647.8
"6690","201303017087",2013-06-15,-124.54694444,41.75916667,489.3
"6691","201303017088",2013-06-15,-124.47416667,41.75777778,208.5
"6692","201303017089",2013-06-16,-124.43055556,42.19805556,80.4
"6693","201303017090",2013-06-20,-124.26166667,41.45138889,72.1
"6694","201303017091",2013-06-20,-124.28083333,41.43222222,78.5
"6695","201303017092",2013-06-20,-124.39583333,41.42833333,108.4
"6696","201303017093",2013-06-20,-124.6225,41.52305556,873.9
"6697","201303017094",2013-06-21,-124.92666667,41.40527778,1039
"6698","201303017095",2013-06-21,-124.865,41.35111111,1048.3
"6699","201303017096",2013-06-21,-124.52277778,41.13027778,922.1
"6700","201303017097",2013-06-21,-124.56166667,41.07138889,798.1
"6701","201303017098",2013-06-21,-124.43,41.09416667,511.4
"6702","201303017099",2013-06-22,-124.77472222,40.99777778,828.9
"6703","201303017100",2013-06-22,-124.73277778,40.91416667,790.2
"6704","201303017101",2013-06-22,-124.51777778,40.57666667,214.5
"6705","201303017102",2013-06-22,-124.58,40.53,113.4
"6706","201303017103",2013-06-22,-124.59,40.49888889,109.9
"6707","201303017104",2013-06-23,-124.65972222,40.46583333,773.2
"6708","201303017105",2013-06-23,-124.66944444,40.52,280.1
"6709","201303017106",2013-06-23,-125.07944444,40.25138889,1151.6
"6710","201303017107",2013-06-23,-124.71305556,40.1775,800.7
"6711","201303017108",2013-06-24,-124.22861111,40.10888889,111.5
"6712","201303017109",2013-06-24,-124.03166667,39.75027778,182.4
"6713","201303017110",2013-06-24,-124.13861111,39.62222222,964.8
"6714","201303017111",2013-06-24,-123.92027778,39.65055556,137.2
"6715","201303017112",2013-06-25,-124.01972222,39.41777778,507.2
"6716","201303017113",2013-06-25,-124.24305556,39.37944444,1184.4
"6717","201303017114",2013-06-25,-123.9475,39.28222222,175.2
"6718","201303017115",2013-06-25,-123.94611111,39.20861111,177.5
"6719","201303017116",2013-06-25,-123.7725,39.11527778,83
"6720","201303017117",2013-06-26,-123.80916667,39.00416667,89
"6721","201303017118",2013-06-26,-123.8325,39.03388889,99.3
"6722","201303017119",2013-06-26,-123.98611111,39.07722222,456.9
"6723","201303017120",2013-06-26,-123.95,39.01805556,280.6
"6724","201303017121",2013-06-26,-124.02361111,38.97305556,534.9
"6725","201303017122",2013-06-27,-123.61944444,38.68444444,120.5
"6726","201303017123",2013-06-27,-123.4675,38.41666667,149.5
"6727","201303017124",2013-06-27,-123.53333333,38.345,243.2
"6728","201303017125",2013-06-28,-123.24333333,38.42722222,85.7
"6729","201303017126",2013-06-28,-123.34805556,38.24472222,140
"6730","201303017127",2013-06-28,-123.22583333,37.77805556,122.6
"6731","201303017128",2013-06-29,-122.91944444,37.72527778,59.2
"6732","201303017129",2013-06-29,-122.985,37.8225,76.8
"6733","201303017130",2013-07-03,-123.17444444,37.30638889,1133.4
"6734","201303017131",2013-07-03,-122.68527778,37.17583333,119.3
"6735","201303017133",2013-07-03,-122.48833333,36.94055556,525.5
"6736","201303017134",2013-07-03,-122.38972222,37.04388889,101.6
"6737","201303017135",2013-07-04,-121.85111111,36.81611111,142
"6738","201303017136",2013-07-04,-122.00527778,36.61833333,98.7
"6739","201303017137",2013-07-04,-122.04861111,36.48583333,658.6
"6740","201303017138",2013-07-04,-122.22222222,36.345,1070.9
"6741","201303017139",2013-07-04,-122.1125,36.29333333,543.9
"6742","201303017141",2013-07-05,-121.83388889,36.22111111,95.7
"6743","201303017142",2013-07-05,-121.77333333,36.07527778,823.7
"6744","201303017144",2013-07-05,-121.76916667,36.01194444,994.8
"6745","201303017145",2013-07-06,-121.53055556,35.83611111,420
"6746","201303017146",2013-07-06,-121.36944444,35.60444444,368.9
"6747","201303017147",2013-07-06,-121.28277778,35.56555556,223.6
"6748","201303017148",2013-07-06,-121.34888889,35.29777778,675.9
"6749","201303017149",2013-07-06,-121.20305556,35.44722222,349.5
"6750","201303017150",2013-07-07,-120.89333333,34.85361111,223
"6751","201303017151",2013-07-07,-121.07638889,34.92305556,433.1
"6752","201303017152",2013-07-07,-121.24694444,34.75416667,504.8
"6753","201303017153",2013-07-07,-121.03861111,34.55861111,837.8
"6754","201303017154",2013-07-08,-120.40944444,34.40722222,79.4
"6755","201303017155",2013-07-08,-120.70666667,34.45722222,371.5
"6756","201303017156",2013-07-08,-120.74611111,34.49916667,271.3
"6757","201303017157",2013-07-08,-120.81694444,34.56916667,239.4
"6758","201303017158",2013-07-09,-120.79166667,34.93861111,105
"6759","201303017159",2013-07-09,-120.87916667,34.99166667,185
"6760","201303017160",2013-07-13,-120.3075,33.95416667,99.6
"6761","201303017161",2013-07-13,-120.48694444,33.70861111,1191.4
"6762","201303017162",2013-07-13,-120.34861111,33.525,1044.4
"6763","201303017163",2013-07-13,-120.22111111,33.41055556,1129.8
"6764","201303017164",2013-07-14,-119.98833333,33.63444444,261.5
"6765","201303017165",2013-07-14,-120.13833333,33.80583333,472.2
"6766","201303017166",2013-07-14,-119.98611111,33.88222222,64.3
"6767","201303017167",2013-07-14,-119.8825,34.28888889,423.8
"6768","201303017168",2013-07-14,-119.81333333,34.27694444,275.5
"6769","201303017169",2013-07-15,-119.825,34.25361111,357.1
"6770","201303017170",2013-07-15,-119.53055556,34.07083333,85.1
"6771","201303017171",2013-07-15,-119.34194444,34.07777778,229.8
"6772","201303017172",2013-07-15,-119.21777778,34.07833333,63.6
"6773","201303017174",2013-07-16,-120.05777778,32.7575,498.1
"6774","201303017175",2013-07-16,-120.10805556,32.77638889,461.7
"6775","201303017176",2013-07-16,-118.88333333,32.33166667,460.7
"6776","201303017177",2013-07-17,-118.52638889,32.77111111,405.8
"6777","201303017178",2013-07-17,-118.36638889,32.02222222,973.7
"6778","201303017179",2013-07-17,-118.47861111,32.06305556,626.4
"6779","201303017180",2013-07-17,-118.54166667,32.07388889,512.1
"6780","201303017181",2013-07-18,-117.35444444,32.71666667,230.1
"6781","201303017182",2013-07-18,-117.36166667,32.805,101.2
"6782","201303017183",2013-07-18,-117.29666667,32.92027778,82.6
"6783","201303017184",2013-07-18,-117.53222222,33.23972222,219.4
"6784","201303017185",2013-07-18,-117.55833333,33.26833333,78.5
"6785","201303017186",2013-07-19,-117.64194444,33.36277778,77
"6786","201303017187",2013-07-19,-117.94388889,33.34444444,567.4
"6787","201303017188",2013-07-20,-118.52083333,33.89305556,58.6
"6788","201303017189",2013-07-20,-118.60388889,33.89638889,83.5
"6789","201303017192",2013-07-21,-118.28194444,33.29388889,100.1
"6790","201303017193",2013-07-21,-118.12222222,33.38833333,667.5
"6791","201303017194",2013-07-22,-118.30138889,33.57805556,550.4
"6792","201303020004",2013-05-29,-124.295,46.36083333,77
"6793","201303020005",2013-05-29,-124.36888889,46.41972222,92.5
"6794","201303020006",2013-05-29,-124.37166667,46.55333333,84.8
"6795","201303020007",2013-05-29,-124.30777778,46.59111111,70.6
"6796","201303020008",2013-05-30,-125.29222222,47.53527778,1082.4
"6797","201303020009",2013-05-30,-125.23805556,47.65333333,800.7
"6798","201303020010",2013-05-30,-125.59277778,47.62944444,1177.9
"6799","201303020011",2013-05-30,-125.64694444,47.745,1049.4
"6800","201303020012",2013-05-30,-125.38472222,47.83,925.7
"6801","201303020013",2013-05-31,-125.28611111,48.12388889,264.7
"6802","201303020014",2013-05-31,-125.32611111,48.19611111,108.4
"6803","201303020015",2013-05-31,-125.54527778,48.27833333,138.1
"6804","201303020016",2013-05-31,-125.73,48.11888889,269.3
"6805","201303020018",2013-06-01,-125.84611111,48.04472222,899.5
"6806","201303020020",2013-06-01,-125.62138889,48.02222222,208.2
"6807","201303020021",2013-06-01,-124.8925,48.15333333,67.5
"6808","201303020022",2013-06-01,-124.88777778,48.035,68.7
"6809","201303020023",2013-06-02,-124.92694444,47.93611111,98
"6810","201303020024",2013-06-02,-125.06666667,47.83277778,150.3
"6811","201303020025",2013-06-02,-124.74833333,47.76055556,70.7
"6812","201303020026",2013-06-02,-125.10583333,47.65083333,214.6
"6813","201303020028",2013-06-02,-124.68805556,47.39638889,103.8
"6814","201303020029",2013-06-03,-125.05472222,47.22833333,577.4
"6815","201303020030",2013-06-03,-124.84277778,47.06777778,148.5
"6816","201303020031",2013-06-03,-124.52694444,47.06888889,72.6
"6817","201303020032",2013-06-03,-124.77472222,46.86055556,152.8
"6818","201303020034",2013-06-03,-124.93861111,46.835,422.3
"6819","201303020035",2013-06-03,-124.50388889,46.69527778,104.6
"6820","201303020036",2013-06-04,-124.17055556,46.10305556,81.2
"6821","201303020037",2013-06-04,-124.44972222,46.025,143.6
"6822","201303020038",2013-06-04,-124.42694444,45.99944444,145.5
"6823","201303020039",2013-06-04,-124.31111111,45.83944444,144.2
"6824","201303020040",2013-06-04,-124.08277778,45.6375,79
"6825","201303020041",2013-06-07,-124.33333333,45.02361111,189.6
"6826","201303020042",2013-06-07,-124.72972222,45.00972222,536.3
"6827","201303020043",2013-06-07,-124.675,45.09222222,362.4
"6828","201303020044",2013-06-07,-124.51527778,45.16027778,349.4
"6829","201303020045",2013-06-08,-124.76166667,45.73722222,351.7
"6830","201303020047",2013-06-08,-124.61027778,45.60333333,380.7
"6831","201303020048",2013-06-08,-124.5575,45.62611111,285
"6832","201303020049",2013-06-08,-124.37805556,45.69,158.5
"6833","201303020050",2013-06-08,-124.23194444,45.43305556,153.8
"6834","201303020052",2013-06-09,-124.87222222,44.76805556,547.7
"6835","201303020053",2013-06-09,-124.83166667,44.68444444,305.8
"6836","201303020054",2013-06-09,-124.70555556,44.64861111,205.9
"6837","201303020056",2013-06-10,-124.25166667,44.59222222,73.4
"6838","201303020057",2013-06-10,-124.31083333,44.55833333,83
"6839","201303020058",2013-06-10,-124.29861111,44.33638889,76.6
"6840","201303020059",2013-06-10,-124.29388889,44.23194444,78.3
"6841","201303020060",2013-06-10,-124.28916667,44.14111111,78.7
"6842","201303020061",2013-06-11,-124.65194444,43.80333333,351.2
"6843","201303020062",2013-06-11,-124.62638889,43.78305556,299.5
"6844","201303020063",2013-06-12,-124.51388889,43.68333333,162.7
"6845","201303020064",2013-06-12,-124.62138889,43.64888889,308.6
"6846","201303020065",2013-06-12,-124.65722222,43.64444444,389.6
"6847","201303020066",2013-06-12,-124.73444444,43.74055556,509.2
"6848","201303020067",2013-06-12,-124.71416667,43.71916667,504.4
"6849","201303020068",2013-06-12,-124.86,43.6825,779.9
"6850","201303020069",2013-06-13,-124.82388889,43.67666667,693.8
"6851","201303020070",2013-06-13,-124.93,43.48388889,785.4
"6852","201303020071",2013-06-13,-124.73972222,43.51666667,536.5
"6853","201303020072",2013-06-13,-124.755,43.48916667,537.3
"6854","201303020074",2013-06-13,-124.68333333,43.47722222,411.8
"6855","201303020075",2013-06-14,-124.96472222,43.19111111,1028.1
"6856","201303020076",2013-06-14,-124.79583333,43.22305556,373.9
"6857","201303020077",2013-06-14,-124.74416667,43.18833333,288.8
"6858","201303020079",2013-06-14,-124.49888889,43.08527778,62.2
"6859","201303020080",2013-06-15,-124.45888889,43.33916667,82.7
"6860","201303020081",2013-06-16,-124.50972222,43.34888889,103.5
"6861","201303020082",2013-06-20,-124.84,42.72944444,526.2
"6862","201303020083",2013-06-20,-124.73611111,42.36333333,377.9
"6863","201303020084",2013-06-20,-124.47333333,42.09888889,110.1
"6864","201303020085",2013-06-20,-124.96805556,41.95361111,978.3
"6865","201303020087",2013-06-21,-125.06416667,41.84388889,1170.3
"6866","201303020088",2013-06-21,-124.82361111,41.80555556,878.8
"6867","201303020089",2013-06-21,-124.51388889,41.89027778,154.5
"6868","201303020090",2013-06-21,-124.4525,41.86638889,107.5
"6869","201303020091",2013-06-21,-124.58527778,41.79694444,557.4
"6870","201303020092",2013-06-21,-124.62416667,41.56333333,808.7
"6871","201303020093",2013-06-22,-124.84527778,41.23333333,1174.4
"6872","201303020094",2013-06-22,-124.84194444,41.36888889,982.1
"6873","201303020095",2013-06-22,-124.65888889,41.53694444,889.8
"6874","201303020096",2013-06-22,-124.62305556,41.49444444,912.2
"6875","201303020097",2013-06-22,-124.59333333,41.46027778,950.7
"6876","201303020098",2013-06-22,-124.19388889,41.36611111,64.5
"6877","201303020099",2013-06-23,-124.59694444,41.29055556,1080.9
"6878","201303020100",2013-06-23,-124.59277778,40.93555556,633.9
"6879","201303020101",2013-06-23,-124.45861111,40.87194444,376.5
"6880","201303020102",2013-06-23,-124.66972222,40.80083333,698.5
"6881","201303020103",2013-06-23,-124.64,40.57611111,189.4
"6882","201303020104",2013-06-24,-124.56361111,40.45583333,94.4
"6883","201303020105",2013-06-24,-124.83444444,40.24138889,781.9
"6884","201303020106",2013-06-24,-124.96055556,40.15166667,1080.2
"6885","201303020107",2013-06-24,-124.6675,40.10611111,877.9
"6886","201303020108",2013-06-25,-124.67444444,39.97972222,1087.9
"6887","201303020109",2013-06-25,-124.47444444,40.07583333,773.2
"6888","201303020110",2013-06-25,-124.43111111,40.19027778,200.1
"6889","201303020111",2013-06-25,-124.32638889,40.11472222,311.2
"6890","201303020112",2013-06-25,-124.25555556,40.05583333,220.7
"6891","201303020113",2013-06-26,-124.07472222,39.67833333,589.5
"6892","201303020114",2013-06-26,-123.94722222,39.38472222,149.8
"6893","201303020115",2013-06-26,-123.86611111,39.30694444,116.2
"6894","201303020116",2013-06-26,-123.98305556,39.18861111,336.4
"6895","201303020117",2013-06-26,-123.80472222,39.14861111,99.4
"6896","201303020118",2013-06-27,-123.85416667,39.08583333,108.1
"6897","201303020119",2013-06-27,-123.92611111,38.97972222,144.9
"6898","201303020120",2013-06-27,-123.78416667,38.77722222,133.8
"6899","201303020121",2013-06-27,-123.76944444,38.67527778,265.7
"6900","201303020122",2013-06-27,-123.49388889,38.48277778,142
"6901","201303020123",2013-06-28,-123.36444444,38.37722222,120.5
"6902","201303020124",2013-06-28,-123.22527778,38.20277778,104.6
"6903","201303020125",2013-06-28,-123.16611111,38.11277778,94.1
"6904","201303020126",2013-06-28,-123.22027778,38.06527778,112.5
"6905","201303020127",2013-06-29,-123.135,38.04694444,81.1
"6906","201303020128",2013-07-03,-123.10222222,37.39472222,738.8
"6907","201303020129",2013-07-03,-123.14694444,37.26083333,965.2
"6908","201303020130",2013-07-03,-122.76027778,37.16388889,300.1
"6909","201303020131",2013-07-03,-122.81916667,37.08833333,566
"6910","201303020132",2013-07-03,-122.69777778,37.02666667,492.8
"6911","201303020133",2013-07-04,-122.44555556,37.16083333,64.6
"6912","201303020134",2013-07-04,-121.96388889,36.67111111,99.3
"6913","201303020135",2013-07-04,-122.34027778,36.23166667,1253.6
"6914","201303020136",2013-07-05,-122.02944444,36.27833333,114.4
"6915","201303020137",2013-07-05,-121.83638889,36.11138889,801.2
"6916","201303020138",2013-07-05,-121.99777778,36.04222222,1254.5
"6917","201303020139",2013-07-05,-121.88222222,35.99833333,1160.8
"6918","201303020140",2013-07-06,-121.45472222,35.78583333,99.7
"6919","201303020141",2013-07-06,-121.45388889,35.70777778,403.7
"6920","201303020142",2013-07-06,-121.73333333,35.82916667,894.2
"6921","201303020143",2013-07-06,-121.69472222,35.68083333,894.1
"6922","201303020144",2013-07-06,-121.91277778,35.53194444,1019.9
"6923","201303020145",2013-07-07,-121.64166667,35.295,921.7
"6924","201303020146",2013-07-07,-121.59472222,35.01944444,1068.3
"6925","201303020147",2013-07-07,-121.15694444,34.88027778,564.8
"6926","201303020149",2013-07-07,-120.82555556,34.72277778,123.9
"6927","201303020150",2013-07-08,-120.52944444,33.62944444,1144.2
"6928","201303020151",2013-07-08,-120.58305556,33.70361111,1135.4
"6929","201303020152",2013-07-08,-120.47972222,34.00666667,112.2
"6930","201303020154",2013-07-08,-120.48833333,34.19472222,142.5
"6931","201303020155",2013-07-08,-120.54416667,34.2625,509.6
"6932","201303020156",2013-07-09,-120.94638889,35.16944444,185.1
"6933","201303020157",2013-07-09,-120.97055556,35.26805556,111.1
"6934","201303020159",2013-07-09,-120.93361111,35.36638889,75.9
"6935","201303020160",2013-07-13,-120.18305556,34.36583333,432.5
"6936","201303020161",2013-07-13,-120.28694444,34.41555556,165.9
"6937","201303020162",2013-07-13,-120.24444444,34.38555556,311.6
"6938","201303020163",2013-07-13,-120.01972222,34.39416667,126.9
"6939","201303020164",2013-07-13,-119.99527778,34.35972222,459.3
"6940","201303020165",2013-07-13,-119.86638889,34.3425,298.1
"6941","201303020166",2013-07-14,-119.705,34.08416667,91.5
"6942","201303020167",2013-07-14,-119.76583333,34.13055556,262.5
"6943","201303020168",2013-07-14,-119.37694444,33.93166667,689.7
"6944","201303020169",2013-07-14,-119.56388889,33.9575,196.9
"6945","201303020170",2013-07-15,-119.98361111,33.75944444,173.8
"6946","201303020171",2013-07-16,-119.90972222,33.55388889,491.9
"6947","201303020172",2013-07-16,-119.95222222,33.45416667,864.1
"6948","201303020173",2013-07-16,-120.38277778,33.13194444,253.3
"6949","201303020174",2013-07-17,-118.6875,33.10333333,472.2
"6950","201303020175",2013-07-17,-118.64333333,33.12611111,902
"6951","201303020176",2013-07-17,-118.65083333,32.75444444,1220.5
"6952","201303020177",2013-07-17,-118.50583333,32.75305556,429
"6953","201303020178",2013-07-19,-118.28888889,32.93444444,1247.2
"6954","201303020181",2013-07-20,-118.225,33.25361111,246.7
"6955","201303020182",2013-07-21,-118.10166667,33.49944444,404.2
"6956","201303020183",2013-07-21,-118.28222222,33.57611111,349.6
"6957","201303020184",2013-07-22,-118.58111111,33.84805556,88.3
"6958","201303020185",2013-07-22,-118.47166667,33.79472222,78.5
"6959","201403008001",2014-08-23,-125.10444444,44.92416667,1193
"6960","201403008002",2014-08-23,-124.94666667,45.00888889,848.3
"6961","201403008003",2014-08-23,-124.93805556,44.80083333,613
"6962","201403008004",2014-08-23,-124.72166667,44.83944444,498.9
"6963","201403008005",2014-08-23,-124.53194444,44.73388889,158.6
"6964","201403008006",2014-08-24,-124.62555556,45.575,425.9
"6965","201403008007",2014-08-24,-124.31861111,45.68916667,144.1
"6966","201403008008",2014-08-24,-124.49833333,45.83222222,160.4
"6967","201403008009",2014-08-24,-124.68861111,45.82944444,251.7
"6968","201403008010",2014-08-25,-124.76194444,46.66583333,218.2
"6969","201403008011",2014-08-25,-124.78111111,46.80111111,157.5
"6970","201403008012",2014-08-25,-124.93388889,47.07444444,169
"6971","201403008013",2014-08-25,-124.74,47.08638889,117.8
"6972","201403008015",2014-08-26,-125.43777778,47.52805556,1077.3
"6973","201403008016",2014-08-26,-125.57,47.64444444,1174.8
"6974","201403008017",2014-08-26,-125.3575,47.63222222,1025.6
"6975","201403008018",2014-08-27,-124.32277778,46.45833333,72.6
"6976","201403008019",2014-08-27,-124.36111111,46.55416667,79.7
"6977","201403008020",2014-08-27,-124.26888889,46.58861111,61
"6978","201403008021",2014-08-27,-124.4575,46.75972222,88.6
"6979","201403008022",2014-08-27,-124.40472222,46.79083333,79.4
"6980","201403008023",2014-08-28,-124.62916667,47.1825,89.7
"6981","201403008024",2014-08-28,-125.07388889,47.23638889,754.1
"6982","201403008025",2014-08-28,-124.95611111,47.41,1167.9
"6983","201403008026",2014-08-28,-125.14694444,47.50083333,559.9
"6984","201403008027",2014-08-28,-125.26277778,47.49333333,933.5
"6985","201403008028",2014-08-29,-124.82444444,48.43666667,327.2
"6986","201403008029",2014-08-29,-124.91444444,48.43055556,256.5
"6987","201403008030",2014-08-29,-125.02444444,48.34361111,236.1
"6988","201403008031",2014-08-29,-125.09611111,48.36388889,150
"6989","201403008032",2014-08-29,-125.06527778,48.28111111,199.5
"6990","201403008033",2014-08-29,-125.02333333,48.21027778,276.3
"6991","201403008034",2014-08-29,-125.15583333,48.20166667,123.2
"6992","201403008035",2014-08-29,-125.07472222,48.11333333,304.7
"6993","201403008036",2014-08-30,-124.87277778,47.86416667,91.4
"6994","201403008037",2014-08-30,-124.85027778,47.67694444,102.8
"6995","201403008038",2014-08-30,-124.76916667,47.34111111,160.9
"6996","201403008039",2014-08-30,-124.79638889,47.29555556,173.5
"6997","201403008040",2014-08-31,-124.87638889,46.00277778,849.3
"6998","201403008041",2014-08-31,-124.51666667,46.17111111,139.7
"6999","201403008042",2014-08-31,-124.54805556,46.19305556,152.5
"7000","201403008043",2014-08-31,-124.50111111,46.11,139.6
"7001","201403008044",2014-08-31,-124.41833333,46.02527778,140.8
"7002","201403008045",2014-08-31,-124.16888889,46.05416667,87
"7003","201403008046",2014-09-01,-124.25861111,45.93333333,122.2
"7004","201403008047",2014-09-01,-124.38777778,45.89388889,147.7
"7005","201403008048",2014-09-01,-124.33583333,45.78222222,145.9
"7006","201403008049",2014-09-01,-124.0975,45.8575,81.6
"7007","201403008050",2014-09-01,-124.075,45.81972222,77.5
"7008","201403008051",2014-09-02,-124.24361111,44.62583333,75.3
"7009","201403008052",2014-09-02,-124.20972222,44.5475,63.1
"7010","201403008053",2014-09-06,-124.09361111,44.98111111,67.5
"7011","201403008054",2014-09-06,-124.18944444,45.03888889,124
"7012","201403008055",2014-09-06,-124.145,45.26277778,115.3
"7013","201403008056",2014-09-06,-124.145,45.37083333,113.1
"7014","201403008057",2014-09-07,-124.64666667,45.39833333,406.7
"7015","201403008058",2014-09-07,-124.54416667,45.37138889,389.9
"7016","201403008059",2014-09-07,-124.53944444,45.10888889,340.6
"7017","201403008060",2014-09-07,-124.93361111,45.115,773.1
"7018","201403008061",2014-09-08,-125.08527778,44.38333333,947.9
"7019","201403008062",2014-09-08,-124.85916667,44.38305556,505.8
"7020","201403008063",2014-09-08,-124.71583333,44.465,152.3
"7021","201403008064",2014-09-08,-124.45583333,44.30416667,98.8
"7022","201403008065",2014-09-09,-124.82833333,44.25694444,134.8
"7023","201403008066",2014-09-09,-125.02,43.93777778,717.9
"7024","201403008067",2014-09-09,-124.70944444,43.81916667,405.9
"7025","201403008068",2014-09-09,-124.33416667,43.76361111,106.9
"7026","201403008069",2014-09-09,-124.36083333,43.58555556,109.8
"7027","201403008070",2014-09-10,-124.81083333,43.15527778,281.5
"7028","201403008071",2014-09-10,-124.75138889,43.22916667,319.9
"7029","201403008072",2014-09-11,-124.64083333,43.44888889,230.5
"7030","201403008073",2014-09-11,-124.72333333,43.47694444,498.6
"7031","201403008074",2014-09-11,-124.68111111,43.32416667,196.6
"7032","201403008075",2014-09-12,-124.98388889,42.69805556,1178.8
"7033","201403008076",2014-09-12,-124.92083333,42.30638889,1163.7
"7034","201403008077",2014-09-12,-124.57277778,42.32027778,143.1
"7035","201403008078",2014-09-12,-124.47611111,42.2275,109
"7036","201403008079",2014-09-13,-124.41027778,41.89972222,74.7
"7037","201403008080",2014-09-13,-124.505,41.83444444,230.3
"7038","201403008081",2014-09-13,-124.47888889,41.76027778,259.5
"7039","201403008082",2014-09-14,-124.65472222,41.65277778,790.6
"7040","201403008083",2014-09-14,-124.78555556,41.53416667,930.3
"7041","201403008084",2014-09-14,-124.70611111,41.60666667,882.9
"7042","201403008085",2014-09-14,-124.52388889,41.58472222,408.7
"7043","201403008086",2014-09-14,-124.48333333,41.47333333,188.4
"7044","201403008087",2014-09-14,-124.54722222,41.37861111,773.4
"7045","201403008088",2014-09-15,-124.37805556,41.27222222,152
"7046","201403008089",2014-09-15,-124.42138889,41.1275,527.4
"7047","201403008090",2014-09-15,-124.6225,40.98527778,720.9
"7048","201403008091",2014-09-15,-124.5075,40.92388889,480.8
"7049","201403008092",2014-09-15,-124.31,40.92361111,93.1
"7050","201403008093",2014-09-15,-124.40527778,40.77722222,83.8
"7051","201403008094",2014-09-16,-124.43944444,40.34416667,84.6
"7052","201403008095",2014-09-16,-124.51416667,40.35,429.9
"7053","201403008096",2014-09-16,-124.40888889,40.73361111,65.1
"7054","201403008098",2014-09-20,-124.91444444,40.32416667,816.4
"7055","201403008099",2014-09-20,-125.00777778,40.11416667,1168.5
"7056","201403008100",2014-09-20,-124.65277778,39.8875,1223.7
"7057","201403008101",2014-09-20,-124.57944444,39.90111111,1237.6
"7058","201403008102",2014-09-21,-124.51361111,40.15222222,620.5
"7059","201403008103",2014-09-21,-124.12694444,39.93972222,114.6
"7060","201403008104",2014-09-21,-124.03277778,39.84166667,138.1
"7061","201403008105",2014-09-21,-123.98444444,39.52444444,345.1
"7062","201403008106",2014-09-21,-123.85833333,39.47111111,96.8
"7063","201403008107",2014-09-22,-124.13722222,39.51388889,926.7
"7064","201403008108",2014-09-22,-124.03888889,39.48972222,590.1
"7065","201403008109",2014-09-22,-124.04611111,39.40611111,578.6
"7066","201403008110",2014-09-22,-123.96277778,39.34111111,235.3
"7067","201403008111",2014-09-22,-123.98277778,39.17222222,358.2
"7068","201403008112",2014-09-22,-124.15916667,39.13916667,930.6
"7069","201403008113",2014-09-23,-123.09444444,38.09833333,73.2
"7070","201403008114",2014-09-23,-123.0775,38.07972222,68.7
"7071","201403008115",2014-09-23,-123.22416667,37.94027778,103.5
"7072","201403008116",2014-09-23,-123.36972222,38.03027778,119.4
"7073","201403008117",2014-09-23,-123.36111111,37.92055556,117.6
"7074","201403008118",2014-09-23,-123.26916667,37.91416667,104.1
"7075","201403008119",2014-09-24,-123.17527778,37.76472222,109
"7076","201403008120",2014-09-24,-122.96805556,37.75916667,66.5
"7077","201403008121",2014-09-24,-122.89861111,37.50138889,109.7
"7078","201403008122",2014-09-24,-122.87055556,37.44611111,126.3
"7079","201403008123",2014-09-25,-122.81055556,37.15583333,394.2
"7080","201403008124",2014-09-25,-122.63,37.09861111,120.3
"7081","201403008125",2014-09-25,-122.28944444,36.93138889,136.7
"7082","201403008126",2014-09-25,-122.19138889,36.79777778,435.9
"7083","201403008127",2014-09-25,-121.86138889,36.76666667,72.6
"7084","201403008128",2014-09-26,-122.03444444,36.54972222,515
"7085","201403008129",2014-09-26,-122.2425,36.40472222,1238.1
"7086","201403008130",2014-09-26,-122.3475,36.37888889,1102.4
"7087","201403008131",2014-09-26,-122.33861111,36.31111111,1077.5
"7088","201403008132",2014-09-26,-121.93916667,36.085,1146.6
"7089","201403008133",2014-09-27,-121.51027778,35.76694444,440.8
"7090","201403008134",2014-09-27,-121.91138889,35.86777778,1227.8
"7091","201403008135",2014-09-27,-121.97888889,35.66277778,1182
"7092","201403008136",2014-09-27,-121.74083333,35.47111111,1086.5
"7093","201403008137",2014-09-28,-121.24888889,35.45861111,400.4
"7094","201403008138",2014-09-28,-121.04888889,35.35194444,212.3
"7095","201403008139",2014-09-29,-121.71388889,35.22055556,1271
"7096","201403008140",2014-09-29,-121.6325,35.17166667,992.8
"7097","201403008141",2014-09-29,-121.43972222,35.01972222,446.8
"7098","201403008142",2014-09-29,-121.26055556,34.89527778,532.2
"7099","201403008143",2014-09-29,-121.09055556,34.89611111,527.9
"7100","201403008144",2014-09-30,-121.07222222,35.0225,502.6
"7101","201403008145",2014-09-30,-121.11472222,35.21555556,492.8
"7102","201403008146",2014-10-04,-120.97194444,34.93472222,376.5
"7103","201403008147",2014-10-04,-120.93527778,34.90111111,281.3
"7104","201403008148",2014-10-04,-120.78972222,34.75722222,99.4
"7105","201403008149",2014-10-04,-120.9,34.70111111,247.2
"7106","201403008150",2014-10-04,-120.81694444,34.5275,377.2
"7107","201403008151",2014-10-05,-120.53861111,34.19805556,186.3
"7108","201403008152",2014-10-05,-120.62222222,34.155,159
"7109","201403008153",2014-10-05,-120.41333333,33.98027778,107.6
"7110","201403008154",2014-10-05,-120.32972222,33.92472222,165
"7111","201403008155",2014-10-05,-120.25888889,33.90722222,185.8
"7112","201403008156",2014-10-06,-119.77527778,32.62583333,981.4
"7113","201403008157",2014-10-06,-119.80027778,32.88916667,1211.7
"7114","201403008158",2014-10-06,-120.00388889,32.89583333,1154.9
"7115","201403008159",2014-10-06,-120.25138889,32.94444444,682.6
"7116","201403008160",2014-10-06,-120.46888889,33.15305556,1261
"7117","201403008161",2014-10-07,-119.895,33.53111111,351.8
"7118","201403008162",2014-10-07,-119.82111111,33.59833333,417.9
"7119","201403008163",2014-10-07,-119.8325,33.76166667,282.6
"7120","201403008164",2014-10-07,-119.64611111,33.91694444,768.5
"7121","201403008166",2014-10-08,-120.20611111,33.88388889,312.2
"7122","201403008167",2014-10-08,-120.27611111,33.97305556,71.7
"7123","201403008168",2014-10-08,-120.19472222,34.26361111,506.6
"7124","201403008169",2014-10-08,-120.01111111,34.10611111,107.6
"7125","201403008170",2014-10-08,-119.79083333,34.18666667,381.5
"7126","201403008171",2014-10-09,-119.81944444,34.345,147
"7127","201403008172",2014-10-09,-119.83638889,34.34305556,197.1
"7128","201403008173",2014-10-09,-119.34444444,34.06111111,208.9
"7129","201403008175",2014-10-10,-118.72555556,33.95138889,455.5
"7130","201403008176",2014-10-10,-118.60888889,33.8475,222.7
"7131","201403008177",2014-10-10,-118.705,33.50805556,292.1
"7132","201403008178",2014-10-10,-118.71194444,33.49055556,237.5
"7133","201403008179",2014-10-10,-118.60305556,33.46,89
"7134","201403008180",2014-10-10,-118.50833333,33.41333333,85.4
"7135","201403008181",2014-10-11,-117.42638889,33.16194444,157
"7136","201403008182",2014-10-11,-117.39777778,33.05083333,420.5
"7137","201403008183",2014-10-11,-117.55583333,32.86694444,844.8
"7138","201403008184",2014-10-11,-117.30888889,32.61444444,90.8
"7139","201403008185",2014-10-12,-118.07416667,32.98472222,922.2
"7140","201403008187",2014-10-13,-117.96083333,33.40527778,338.2
"7141","201403008188",2014-10-14,-118.05472222,33.42277778,612.8
"7142","201403010001",2014-08-24,-124.26916667,44.77527778,102.7
"7143","201403010003",2014-08-25,-124.87472222,45.68305556,978.4
"7144","201403010004",2014-08-25,-124.67777778,45.71277778,246.7
"7145","201403010005",2014-08-25,-124.70222222,45.67472222,502
"7146","201403010006",2014-08-25,-124.64694444,45.79277778,227.4
"7147","201403010007",2014-08-26,-124.29166667,46.63444444,65
"7148","201403010008",2014-08-26,-124.57444444,46.72361111,122
"7149","201403010009",2014-08-26,-124.77277778,46.77472222,161.4
"7150","201403010010",2014-08-26,-124.75027778,46.79944444,150.5
"7151","201403010011",2014-08-26,-124.88916667,46.86777778,191.5
"7152","201403010012",2014-08-27,-125.05888889,47.73666667,174.3
"7153","201403010013",2014-08-27,-125.06333333,47.91,131.1
"7154","201403010014",2014-08-27,-124.86444444,47.95888889,76.2
"7155","201403010015",2014-08-27,-125.02027778,48.03583333,119.5
"7156","201403010016",2014-08-27,-125.06222222,48.06111111,137.2
"7157","201403010017",2014-08-27,-124.99027778,48.0525,113
"7158","201403010018",2014-08-28,-124.90944444,48.29527778,166.2
"7159","201403010019",2014-08-28,-124.91861111,48.23,103.3
"7160","201403010020",2014-08-28,-125.23277778,48.16194444,261.5
"7161","201403010021",2014-08-28,-125.23277778,48.13722222,275.8
"7162","201403010023",2014-08-29,-125.16805556,48.03027778,149.6
"7163","201403010024",2014-08-29,-125.46472222,48.23027778,134
"7164","201403010025",2014-08-29,-125.65194444,48.13055556,197.4
"7165","201403010026",2014-08-29,-125.695,47.92555556,624.3
"7166","201403010028",2014-08-30,-125.44333333,47.90416667,772.2
"7167","201403010029",2014-08-30,-125.51194444,47.74083333,947.2
"7168","201403010030",2014-08-30,-125.52166667,47.57027778,1146.7
"7169","201403010031",2014-08-31,-124.81916667,47.29666667,177.3
"7170","201403010032",2014-08-31,-124.99361111,47.23055556,421.3
"7171","201403010033",2014-08-31,-124.77055556,46.94555556,147.8
"7172","201403010034",2014-08-31,-124.96833333,46.80305556,625
"7173","201403010035",2014-08-31,-124.90333333,46.71,686.1
"7174","201403010036",2014-09-01,-124.53583333,46.57194444,179.4
"7175","201403010037",2014-09-01,-124.61222222,46.58361111,188.8
"7176","201403010038",2014-09-01,-124.57527778,46.57583333,214.7
"7177","201403010039",2014-09-02,-124.13722222,45.055,99.6
"7178","201403010040",2014-09-02,-124.09888889,44.99527778,71.2
"7179","201403010041",2014-09-02,-124.13111111,44.94166667,71.3
"7180","201403010042",2014-09-02,-124.24111111,44.80555556,103.2
"7181","201403010043",2014-09-06,-124.19138889,44.65805556,66.3
"7182","201403010044",2014-09-06,-124.51305556,44.79277778,179.4
"7183","201403010045",2014-09-06,-124.79083333,44.83472222,414
"7184","201403010046",2014-09-06,-124.86916667,44.86527778,424.7
"7185","201403010047",2014-09-08,-124.14222222,45.69305556,98
"7186","201403010048",2014-09-08,-124.46666667,45.70861111,183.6
"7187","201403010049",2014-09-08,-124.37416667,45.48833333,188.6
"7188","201403010050",2014-09-08,-124.42333333,45.30916667,376.5
"7189","201403010051",2014-09-08,-124.49555556,45.20055556,401.7
"7190","201403010052",2014-09-08,-124.7125,45.23,524.8
"7191","201403010053",2014-09-09,-124.84611111,45.42138889,922.3
"7192","201403010054",2014-09-09,-124.95944444,45.07888889,928.9
"7193","201403010055",2014-09-09,-124.92972222,44.68638889,664.8
"7194","201403010056",2014-09-09,-124.90611111,44.57,567.9
"7195","201403010057",2014-09-10,-125.04916667,44.53944444,1237.4
"7196","201403010058",2014-09-10,-125.01333333,44.38194444,703.6
"7197","201403010059",2014-09-10,-125.04805556,44.24777778,910.7
"7198","201403010060",2014-09-10,-124.90916667,44.2725,222.9
"7199","201403010061",2014-09-10,-124.78027778,44.3425,153.5
"7200","201403010062",2014-09-11,-124.70861111,44.18833333,108.8
"7201","201403010063",2014-09-11,-124.47333333,44.23305556,100.4
"7202","201403010064",2014-09-11,-124.39694444,44.27611111,92.9
"7203","201403010065",2014-09-11,-124.36194444,44.265,88.4
"7204","201403010066",2014-09-11,-124.22972222,44.18027778,68.7
"7205","201403010067",2014-09-12,-124.23833333,44.48111111,71.4
"7206","201403010068",2014-09-12,-124.21416667,44.43888889,63.1
"7207","201403010069",2014-09-13,-125.01222222,43.67138889,1195.2
"7208","201403010070",2014-09-14,-124.7525,43.10944444,237.3
"7209","201403010071",2014-09-14,-124.88277778,42.98722222,305
"7210","201403010072",2014-09-14,-125.02694444,42.94694444,1131.6
"7211","201403010073",2014-09-15,-124.60916667,42.66388889,114.8
"7212","201403010074",2014-09-15,-124.72722222,42.50111111,227.6
"7213","201403010075",2014-09-15,-124.66555556,42.33472222,213.8
"7214","201403010076",2014-09-15,-124.82111111,42.28888889,595
"7215","201403010077",2014-09-15,-124.80361111,42.26166667,579.8
"7216","201403010078",2014-09-15,-124.58388889,42.10333333,201.5
"7217","201403010079",2014-09-16,-125.03277778,41.89888889,931.3
"7218","201403010080",2014-09-16,-124.59722222,42.06805556,278.7
"7219","201403010081",2014-09-16,-124.57,42.06305556,157.2
"7220","201403010082",2014-09-20,-124.3975,41.73166667,110.7
"7221","201403010083",2014-09-20,-124.44361111,41.69944444,151.7
"7222","201403010084",2014-09-20,-124.47777778,41.60722222,214.4
"7223","201403010085",2014-09-20,-124.36305556,41.51333333,95.6
"7224","201403010086",2014-09-21,-124.24111111,41.00722222,63.3
"7225","201403010087",2014-09-21,-124.38555556,40.98361111,201.6
"7226","201403010088",2014-09-21,-124.38472222,40.76666667,68.9
"7227","201403010089",2014-09-21,-124.7625,40.69194444,1241.4
"7228","201403010090",2014-09-22,-123.97111111,39.51361111,244.7
"7229","201403010091",2014-09-22,-123.97,39.42527778,239.5
"7230","201403010092",2014-09-22,-123.92805556,39.38055556,137.5
"7231","201403010093",2014-09-23,-124.00833333,39.11277778,475.9
"7232","201403010094",2014-09-23,-124.01888889,38.925,579.1
"7233","201403010095",2014-09-23,-123.98555556,38.91722222,397.3
"7234","201403010096",2014-09-23,-123.92527778,38.86694444,264.9
"7235","201403010098",2014-09-24,-123.65611111,38.40777778,598.8
"7236","201403010099",2014-09-24,-123.50694444,38.39972222,188.1
"7237","201403010101",2014-09-24,-123.52277778,38.38444444,203.7
"7238","201403010102",2014-09-25,-123.37305556,38.54722222,89.4
"7239","201403010103",2014-09-25,-123.42972222,38.21333333,352.7
"7240","201403010104",2014-09-25,-123.32083333,37.98166667,110
"7241","201403010105",2014-09-26,-123.42638889,37.91638889,140.2
"7242","201403010106",2014-09-26,-123.29111111,37.81944444,116.5
"7243","201403010107",2014-09-26,-123.0825,37.82361111,87.1
"7244","201403010108",2014-09-26,-122.94777778,37.80083333,71.1
"7245","201403010109",2014-09-27,-122.72916667,37.56944444,61.8
"7246","201403010110",2014-09-28,-121.81333333,35.92277778,1070.4
"7247","201403010111",2014-09-28,-121.84194444,35.90416667,1074.7
"7248","201403010112",2014-09-28,-122.02583333,35.76111111,1097.2
"7249","201403010113",2014-09-29,-121.38472222,35.77916667,65.4
"7250","201403010114",2014-09-29,-121.53944444,35.74194444,573.5
"7251","201403010115",2014-09-29,-121.605,35.55444444,849.3
"7252","201403010116",2014-09-29,-121.62277778,35.50166667,952
"7253","201403010117",2014-09-30,-120.94472222,35.14611111,213.1
"7254","201403010118",2014-09-30,-120.94138889,35.26472222,76.8
"7255","201403010119",2014-10-04,-120.74305556,35.02694444,62
"7256","201403010120",2014-10-04,-120.83916667,34.90277778,158.9
"7257","201403010121",2014-10-04,-120.94722222,34.90777778,317.3
"7258","201403010122",2014-10-04,-120.85194444,34.73666667,156.5
"7259","201403010123",2014-10-04,-120.91805556,34.54861111,577.5
"7260","201403010124",2014-10-05,-120.48166667,33.97555556,223.6
"7261","201403010125",2014-10-05,-120.45222222,33.98027778,129.6
"7262","201403010128",2014-10-06,-119.37805556,34.11833333,225.2
"7263","201403010129",2014-10-06,-119.57416667,34.23083333,102
"7264","201403010130",2014-10-07,-120.28972222,34.41111111,200.6
"7265","201403010131",2014-10-07,-120.2175,34.18166667,488.4
"7266","201403010132",2014-10-07,-120.22611111,34.11805556,107
"7267","201403010134",2014-10-07,-119.87388889,34.19361111,502
"7268","201403010135",2014-10-08,-120.07527778,34.35944444,487.4
"7269","201403010137",2014-10-08,-119.62777778,34.30583333,85.1
"7270","201403010138",2014-10-09,-118.64333333,33.95055556,234.9
"7271","201403010140",2014-10-10,-118.405,33.59333333,882.7
"7272","201403010141",2014-10-10,-118.43527778,33.59805556,888.3
"7273","201403010142",2014-10-10,-118.75666667,33.52472222,389.2
"7274","201403010143",2014-10-11,-118.41805556,32.69277778,426.2
"7275","201403010148",2014-10-12,-118.12666667,32.82388889,754
"7276","201403010149",2014-10-12,-118.02888889,32.8325,768
"7277","201403010150",2014-10-13,-117.96666667,32.8975,789.4
"7278","201403010151",2014-10-13,-117.96944444,33.37166667,459.4
"7279","201403010152",2014-10-13,-118.01555556,33.47416667,498.9
"7280","201403010153",2014-10-14,-118.00611111,33.5275,374.7
"7281","201403010154",2014-10-14,-118.00583333,33.54916667,260.6
"7282","201403017001",2014-05-26,-124.36972222,44.63694444,85.6
"7283","201403017002",2014-05-26,-124.38277778,44.82611111,143.9
"7284","201403017003",2014-05-27,-124.63666667,45.96083333,186.3
"7285","201403017004",2014-05-27,-124.34083333,45.98944444,130.9
"7286","201403017005",2014-05-27,-124.29972222,46.105,106.5
"7287","201403017006",2014-05-27,-124.66222222,46.05527778,191.6
"7288","201403017008",2014-05-28,-125.1925,47.43,656.8
"7289","201403017011",2014-05-28,-125.215,47.46861111,672.3
"7290","201403017012",2014-05-28,-125.2225,47.52388889,616.1
"7291","201403017013",2014-05-28,-125.42611111,47.57472222,929.8
"7292","201403017014",2014-05-28,-125.70944444,47.71305556,1080.3
"7293","201403017015",2014-05-29,-125.6225,47.83111111,913.6
"7294","201403017016",2014-05-29,-125.61916667,47.97138889,320.5
"7295","201403017017",2014-05-29,-125.43111111,48.00666667,162.9
"7296","201403017018",2014-05-29,-125.65833333,48.11055556,216.5
"7297","201403017019",2014-05-29,-125.58916667,48.26083333,142
"7298","201403017020",2014-05-30,-124.87194444,48.23694444,60.8
"7299","201403017022",2014-05-30,-125.13555556,48.22527778,121.1
"7300","201403017024",2014-05-30,-125.17222222,48.23194444,174.8
"7301","201403017025",2014-05-30,-125.14555556,48.02111111,146.4
"7302","201403017026",2014-05-30,-124.81666667,47.86583333,76.7
"7303","201403017027",2014-05-31,-124.78388889,47.65916667,87.4
"7304","201403017028",2014-05-31,-124.63833333,47.56694444,62.5
"7305","201403017029",2014-05-31,-124.70944444,47.19861111,110.7
"7306","201403017030",2014-05-31,-124.96194444,47.10166667,186.7
"7307","201403017031",2014-05-31,-124.61916667,46.83555556,116.9
"7308","201403017032",2014-06-01,-124.32361111,46.59805556,73
"7309","201403017033",2014-06-01,-124.29861111,46.56138889,67.5
"7310","201403017034",2014-06-01,-124.41388889,46.46777778,100.8
"7311","201403017036",2014-06-01,-124.59555556,45.80222222,175.4
"7312","201403017037",2014-06-01,-124.36027778,45.65388889,153.3
"7313","201403017038",2014-06-02,-124.09083333,45.75055556,81.3
"7314","201403017039",2014-06-02,-124.28222222,45.82055556,136.7
"7315","201403017040",2014-06-02,-124.10333333,45.91777778,80.3
"7316","201403017041",2014-06-06,-124.06722222,45.6325,76.2
"7317","201403017042",2014-06-06,-124.14166667,45.42833333,111.2
"7318","201403017043",2014-06-06,-124.24194444,45.52861111,145.5
"7319","201403017044",2014-06-06,-124.63472222,45.31111111,463.9
"7320","201403017045",2014-06-06,-124.78805556,45.26416667,678.7
"7321","201403017046",2014-06-07,-124.0725,45.16222222,69.7
"7322","201403017047",2014-06-07,-124.4675,45.23361111,407.5
"7323","201403017048",2014-06-07,-124.62333333,45.19611111,357.1
"7324","201403017049",2014-06-07,-124.76083333,45.18055556,611.1
"7325","201403017050",2014-06-07,-124.76638889,45.06722222,537.3
"7326","201403017051",2014-06-08,-124.75027778,44.90527778,371.4
"7327","201403017052",2014-06-08,-124.72611111,44.87527778,399.9
"7328","201403017053",2014-06-08,-124.52277778,45.03194444,388.6
"7329","201403017054",2014-06-08,-124.32805556,45.03388889,187.4
"7330","201403017055",2014-06-08,-124.19972222,44.96055556,115.7
"7331","201403017056",2014-06-08,-124.205,44.82666667,95
"7332","201403017057",2014-06-09,-124.55833333,44.79944444,224.6
"7333","201403017058",2014-06-09,-125.01916667,44.80777778,1156.8
"7334","201403017059",2014-06-09,-125.02194444,44.57361111,1149
"7335","201403017060",2014-06-09,-125.05555556,44.47861111,1018.4
"7336","201403017061",2014-06-10,-124.32722222,44.47388889,70.8
"7337","201403017062",2014-06-10,-124.44388889,44.43277778,79.8
"7338","201403017063",2014-06-10,-124.31388889,44.34194444,77
"7339","201403017064",2014-06-10,-124.31833333,44.2125,84.7
"7340","201403017065",2014-06-10,-124.60222222,44.08222222,127.5
"7341","201403017066",2014-06-10,-124.63083333,44.13388889,121.5
"7342","201403017067",2014-06-10,-124.80027778,44.10833333,105.8
"7343","201403017069",2014-06-11,-124.92222222,43.67111111,1017.5
"7344","201403017070",2014-06-11,-124.85972222,43.65583333,843.8
"7345","201403017071",2014-06-11,-124.72861111,43.70694444,516.8
"7346","201403017072",2014-06-11,-124.39555556,43.84083333,113.1
"7347","201403017073",2014-06-12,-124.57805556,43.60944444,212.6
"7348","201403017074",2014-06-12,-124.60916667,43.49027778,213
"7349","201403017075",2014-06-12,-124.85638889,43.47861111,567.3
"7350","201403017076",2014-06-12,-125.06833333,43.52,1146.4
"7351","201403017077",2014-06-12,-124.95527778,43.64888889,904.9
"7352","201403017078",2014-06-13,-125.05194444,43.40694444,1015
"7353","201403017079",2014-06-13,-124.8875,43.25861111,466
"7354","201403017080",2014-06-13,-124.83694444,43.17472222,286.5
"7355","201403017081",2014-06-13,-124.53694444,43.2925,100.9
"7356","201403017082",2014-06-13,-124.4875,43.32083333,90.3
"7357","201403017083",2014-06-18,-124.72666667,43.05305556,170
"7358","201403017084",2014-06-18,-124.73583333,42.92083333,147.3
"7359","201403017085",2014-06-18,-124.89361111,42.89694444,331.3
"7360","201403017086",2014-06-18,-124.8675,42.86444444,323.2
"7361","201403017087",2014-06-18,-124.90027778,42.66166667,762.3
"7362","201403017088",2014-06-19,-124.76777778,42.5875,445.5
"7363","201403017089",2014-06-19,-124.64805556,42.3575,158.4
"7364","201403017090",2014-06-19,-124.60555556,42.10055556,315
"7365","201403017091",2014-06-19,-124.70805556,42.05972222,589
"7366","201403017092",2014-06-19,-124.95111111,41.76111111,1054.3
"7367","201403017093",2014-06-20,-124.41611111,41.67083333,123.3
"7368","201403017094",2014-06-20,-124.54833333,41.56916667,574.3
"7369","201403017095",2014-06-20,-124.75611111,41.50861111,941.8
"7370","201403017096",2014-06-21,-124.62944444,41.43055556,1034.1
"7371","201403017097",2014-06-21,-124.58722222,41.41055556,1068.7
"7372","201403017098",2014-06-21,-124.305,41.34444444,92.7
"7373","201403017099",2014-06-21,-124.38416667,41.27611111,156.6
"7374","201403017100",2014-06-22,-124.72527778,40.21555556,740.2
"7375","201403017101",2014-06-22,-124.78111111,40.18416667,917
"7376","201403017102",2014-06-22,-124.74666667,40.15694444,864.7
"7377","201403017103",2014-06-22,-124.80527778,39.98277778,1226.1
"7378","201403017104",2014-06-22,-124.36444444,40.08138889,583.5
"7379","201403017105",2014-06-22,-124.28111111,40.085,257.5
"7380","201403017106",2014-06-23,-124.05805556,39.745,336
"7381","201403017107",2014-06-23,-124.01083333,39.41777778,482.6
"7382","201403017109",2014-06-23,-124.05305556,38.95527778,599.4
"7383","201403017110",2014-06-23,-123.81,38.94527778,102.6
"7384","201403017111",2014-06-24,-123.58805556,38.70194444,100.9
"7385","201403017112",2014-06-24,-123.85361111,38.70722222,711.2
"7386","201403017113",2014-06-24,-123.67944444,38.55166667,305
"7387","201403017114",2014-06-24,-123.61305556,38.43444444,331.1
"7388","201403017115",2014-06-25,-123.20722222,38.26388889,97.5
"7389","201403017116",2014-06-25,-123.24027778,38.33555556,98.1
"7390","201403017117",2014-06-25,-123.30777778,38.17722222,132.4
"7391","201403017118",2014-06-25,-123.24277778,38.15861111,112.9
"7392","201403017119",2014-06-25,-123.2225,38.0075,110.5
"7393","201403017120",2014-06-26,-123.18722222,37.97166667,104.3
"7394","201403017121",2014-06-26,-123.26027778,37.94333333,105.1
"7395","201403017122",2014-06-26,-123.16805556,37.7425,121
"7396","201403017123",2014-06-26,-122.98083333,37.51083333,194
"7397","201403017124",2014-06-26,-123.05222222,37.44,594.3
"7398","201403017125",2014-06-27,-122.95694444,37.82055556,72.2
"7399","201403017126",2014-07-01,-122.60444444,37.46222222,63.6
"7400","201403017127",2014-07-01,-122.79722222,37.52055556,84.9
"7401","201403017128",2014-07-01,-122.9225,37.30944444,363
"7402","201403017129",2014-07-01,-123.16916667,37.305,1069.4
"7403","201403017130",2014-07-01,-122.81416667,37.26027778,194.5
"7404","201403017131",2014-07-02,-122.87416667,37.16055556,439
"7405","201403017132",2014-07-02,-122.69666667,37.01138889,568.7
"7406","201403017133",2014-07-02,-122.66944444,37.00166667,542
"7407","201403017134",2014-07-02,-122.45,37.02472222,120
"7408","201403017135",2014-07-02,-122.33055556,36.95583333,129.7
"7409","201403017136",2014-07-03,-121.92805556,36.71222222,99.1
"7410","201403017137",2014-07-03,-122.00361111,36.47166667,213.7
"7411","201403017138",2014-07-03,-121.95888889,36.22555556,333
"7412","201403017139",2014-07-03,-121.89555556,36.16555556,814.6
"7413","201403017140",2014-07-03,-121.85611111,36.01666667,1094.3
"7414","201403017141",2014-07-04,-121.52972222,35.89527778,295.6
"7415","201403017142",2014-07-04,-121.78444444,35.86916667,989.1
"7416","201403017143",2014-07-04,-122.095,35.78666667,1195.6
"7417","201403017145",2014-07-05,-121.12805556,35.48138889,188.5
"7418","201403017146",2014-07-05,-121.135,35.42194444,283.6
"7419","201403017147",2014-07-05,-121.42027778,35.25666667,777.5
"7420","201403017148",2014-07-06,-121.02638889,35.28111111,219.1
"7421","201403017149",2014-07-06,-121.40194444,35.09194444,502.9
"7422","201403017150",2014-07-06,-121.52666667,35.12666667,557.8
"7423","201403017151",2014-07-06,-121.43388889,35.10416667,492.7
"7424","201403017152",2014-07-06,-121.41472222,34.60555556,1014.4
"7425","201403017153",2014-07-07,-120.65111111,34.49527778,96.1
"7426","201403017154",2014-07-07,-120.88722222,34.59777778,447.1
"7427","201403017155",2014-07-07,-121.06166667,34.80861111,473.8
"7428","201403017156",2014-07-07,-120.80611111,34.90194444,120.1
"7429","201403017157",2014-07-08,-121.08944444,35.2125,448.5
"7430","201403017158",2014-07-08,-121.11583333,35.28222222,398.7
"7431","201403017159",2014-07-12,-120.61722222,34.4225,223.3
"7432","201403017160",2014-07-12,-120.69666667,34.36611111,544.4
"7433","201403017161",2014-07-12,-120.38,34.39,145.1
"7434","201403017162",2014-07-12,-120.18,34.275,506.6
"7435","201403017163",2014-07-12,-120.28944444,34.0825,84.7
"7436","201403017164",2014-07-13,-119.94472222,34.13333333,158.6
"7437","201403017165",2014-07-13,-119.88694444,34.14333333,352.7
"7438","201403017166",2014-07-13,-119.84722222,34.17416667,445
"7439","201403017167",2014-07-13,-119.78638889,34.11666667,192.1
"7440","201403017168",2014-07-13,-119.67055556,34.23722222,191.4
"7441","201403017169",2014-07-14,-119.66444444,34.27944444,128.7
"7442","201403017170",2014-07-14,-119.54916667,34.20777778,123.2
"7443","201403017171",2014-07-14,-119.90416667,33.98666667,72.9
"7444","201403017172",2014-07-14,-119.98361111,33.81305556,112.6
"7445","201403017173",2014-07-14,-119.92444444,33.76111111,167.9
"7446","201403017174",2014-07-15,-120.23666667,33.87666667,296.4
"7447","201403017176",2014-07-15,-118.81611111,33.57916667,591.1
"7448","201403017177",2014-07-16,-118.61805556,32.89888889,473.6
"7449","201403017178",2014-07-16,-118.7,32.60194444,945.6
"7450","201403017179",2014-07-16,-118.31944444,32.92972222,1261.2
"7451","201403017181",2014-07-17,-117.44166667,32.78222222,555.1
"7452","201403017182",2014-07-17,-117.43027778,33.04472222,480.5
"7453","201403017183",2014-07-17,-117.38166667,33.03861111,380.6
"7454","201403017184",2014-07-18,-118.04277778,33.27166667,833.9
"7455","201403017185",2014-07-18,-118.00111111,33.27666667,810.7
"7456","201403017186",2014-07-18,-117.98583333,33.16777778,876.8
"7457","201403017187",2014-07-19,-118.46444444,33.30805556,105
"7458","201403017188",2014-07-19,-118.50583333,33.37,82.5
"7459","201403017189",2014-07-20,-118.69972222,33.92027778,458.7
"7460","201403017190",2014-07-20,-118.69527778,33.88,547
"7461","201403017191",2014-07-21,-118.19416667,33.51583333,566.3
"7462","201403017192",2014-07-21,-118.03944444,33.50444444,465
"7463","201403020001",2014-05-24,-125.06361111,44.94444444,1135.6
"7464","201403020002",2014-05-24,-125.18611111,45.57805556,894.7
"7465","201403020003",2014-05-24,-124.75166667,45.81166667,431.5
"7466","201403020004",2014-05-25,-124.96083333,46.19083333,951.8
"7467","201403020006",2014-05-25,-124.73333333,46.47083333,872.1
"7468","201403020007",2014-05-25,-124.70611111,46.47194444,699.8
"7469","201403020008",2014-05-25,-124.98944444,46.63861111,1127.6
"7470","201403020009",2014-05-26,-125.11055556,46.85388889,689
"7471","201403020010",2014-05-26,-125.04277778,47.26916667,634
"7472","201403020011",2014-05-26,-125.10972222,47.48722222,628.8
"7473","201403020012",2014-05-26,-125.14611111,47.73666667,625.1
"7474","201403020013",2014-05-27,-124.91416667,48.20333333,88
"7475","201403020014",2014-05-27,-125.12722222,48.13666667,262.1
"7476","201403020015",2014-05-27,-125.31888889,48.20638889,133.8
"7477","201403020016",2014-05-27,-125.38194444,48.20111111,109.8
"7478","201403020017",2014-05-27,-125.34111111,48.05361111,448.1
"7479","201403020018",2014-05-27,-125.60138889,47.86666667,697.7
"7480","201403020019",2014-05-28,-124.68277778,47.41305556,97.4
"7481","201403020020",2014-05-28,-124.54527778,47.10305556,75.9
"7482","201403020021",2014-05-28,-124.61388889,46.8775,111.3
"7483","201403020022",2014-05-28,-124.85833333,46.91583333,504.6
"7484","201403020023",2014-05-28,-124.86194444,46.73638889,366.6
"7485","201403020024",2014-05-29,-124.67972222,46.63361111,177.6
"7486","201403020025",2014-05-29,-124.30472222,46.44416667,70.7
"7487","201403020026",2014-05-29,-124.50055556,46.48361111,168
"7488","201403020027",2014-05-29,-124.55638889,46.26444444,148.7
"7489","201403020028",2014-05-30,-124.64861111,46.05583333,182.3
"7490","201403020029",2014-05-30,-124.49166667,45.89666667,153.8
"7491","201403020031",2014-05-30,-124.105,45.88277778,83.2
"7492","201403020033",2014-05-30,-124.07083333,45.73194444,77.6
"7493","201403020034",2014-05-30,-124.13722222,45.53361111,101.5
"7494","201403020035",2014-05-30,-124.10555556,45.43222222,93.1
"7495","201403020036",2014-05-31,-124.20944444,45.33277778,149.1
"7496","201403020037",2014-05-31,-124.24916667,45.28861111,168.8
"7497","201403020038",2014-05-31,-124.31916667,45.43111111,177.2
"7498","201403020039",2014-05-31,-124.25527778,45.59,145.6
"7499","201403020040",2014-05-31,-124.43055556,45.56972222,198
"7500","201403020041",2014-05-31,-124.50055556,45.44055556,430.5
"7501","201403020042",2014-06-01,-124.93472222,45.34694444,1026.9
"7502","201403020043",2014-06-01,-124.87222222,45.30833333,809.3
"7503","201403020044",2014-06-01,-124.63833333,45.09888889,483
"7504","201403020045",2014-06-01,-124.09638889,45.10305556,80.8
"7505","201403020046",2014-06-01,-124.27194444,44.87555556,131
"7506","201403020047",2014-06-02,-124.28222222,44.52888889,80.7
"7507","201403020048",2014-06-06,-124.29,45.15972222,188.9
"7508","201403020049",2014-06-06,-124.53277778,45.23694444,434
"7509","201403020050",2014-06-06,-124.55111111,45.19555556,412.4
"7510","201403020051",2014-06-06,-124.45444444,45.11138889,354.7
"7511","201403020052",2014-06-07,-124.6125,44.96611111,447.5
"7512","201403020053",2014-06-07,-124.49194444,44.83166667,186.8
"7513","201403020054",2014-06-07,-124.66527778,44.83916667,381.7
"7514","201403020055",2014-06-07,-124.7925,44.80694444,426.7
"7515","201403020056",2014-06-07,-124.71305556,44.665,227.6
"7516","201403020057",2014-06-08,-124.96638889,44.50777778,700.4
"7517","201403020058",2014-06-08,-124.8175,44.41333333,375.4
"7518","201403020059",2014-06-08,-124.83694444,44.2825,157.9
"7519","201403020062",2014-06-08,-124.59083333,44.26666667,109.7
"7520","201403020063",2014-06-09,-124.47166667,44.20166667,101.3
"7521","201403020064",2014-06-09,-124.43777778,44.03722222,123.8
"7522","201403020065",2014-06-09,-124.63722222,44.10777778,124.4
"7523","201403020066",2014-06-09,-124.70666667,44.06694444,121.6
"7524","201403020067",2014-06-09,-124.65222222,44.00416667,142.2
"7525","201403020068",2014-06-09,-124.64583333,43.98083333,151.2
"7526","201403020069",2014-06-09,-124.78,43.87888889,259.7
"7527","201403020070",2014-06-10,-124.73138889,43.28861111,257.7
"7528","201403020072",2014-06-11,-124.79583333,43.24833333,397.2
"7529","201403020073",2014-06-11,-124.75861111,43.18222222,316
"7530","201403020074",2014-06-11,-124.52583333,43.08111111,75.1
"7531","201403020075",2014-06-11,-124.83944444,43.05361111,149.5
"7532","201403020076",2014-06-12,-124.84138889,42.755,486.5
"7533","201403020077",2014-06-12,-124.88611111,42.22,890.8
"7534","201403020078",2014-06-12,-124.95888889,42.19,1035.7
"7535","201403020079",2014-06-12,-124.77777778,42.09,666.3
"7536","201403020080",2014-06-12,-124.535,42.0925,132.6
"7537","201403020081",2014-06-13,-124.91111111,41.79944444,980.6
"7538","201403020082",2014-06-13,-125.03416667,41.69666667,1150.3
"7539","201403020083",2014-06-13,-124.91277778,41.63833333,964.6
"7540","201403020084",2014-06-13,-124.79805556,41.59861111,878.4
"7541","201403020085",2014-06-13,-124.52555556,41.92833333,144.3
"7542","201403020086",2014-06-14,-124.45305556,41.99444444,94.9
"7543","201403020087",2014-06-18,-124.55277778,41.83527778,461.7
"7544","201403020088",2014-06-18,-124.51333333,41.76638889,392.4
"7545","201403020089",2014-06-18,-124.32222222,41.6425,69.1
"7546","201403020090",2014-06-18,-124.45916667,41.50777778,141.5
"7547","201403020091",2014-06-18,-124.56194444,41.33666667,836.7
"7548","201403020092",2014-06-19,-124.8675,41.36027778,960.3
"7549","201403020093",2014-06-19,-124.61305556,41.00444444,679.8
"7550","201403020094",2014-06-19,-124.54805556,40.87972222,528
"7551","201403020095",2014-06-19,-124.4525,40.34916667,109.1
"7552","201403020096",2014-06-20,-124.96888889,40.34583333,1060.9
"7553","201403020097",2014-06-20,-125.03416667,40.15888889,1159.4
"7554","201403020098",2014-06-20,-124.91666667,40.21833333,901.2
"7555","201403020099",2014-06-20,-124.76,40.25361111,588.2
"7556","201403020100",2014-06-21,-124.64444444,39.95083333,1134.2
"7557","201403020101",2014-06-22,-123.97583333,39.87527778,77.2
"7558","201403020102",2014-06-22,-124.1,39.71527778,619.6
"7559","201403020103",2014-06-22,-123.91333333,39.74722222,120.7
"7560","201403020104",2014-06-22,-123.82333333,39.53333333,66
"7561","201403020105",2014-06-23,-123.95472222,38.97916667,311.6
"7562","201403020106",2014-06-23,-123.94222222,38.95027778,231.9
"7563","201403020107",2014-06-23,-123.77666667,38.90888889,83.9
"7564","201403020108",2014-06-23,-123.87111111,38.725,688
"7565","201403020109",2014-06-23,-123.70277778,38.65305556,176.7
"7566","201403020111",2014-06-24,-123.52083333,38.50805556,145
"7567","201403020112",2014-06-24,-123.36583333,38.36861111,122.8
"7568","201403020113",2014-06-24,-123.31194444,38.24805556,124.7
"7569","201403020114",2014-06-25,-123.17361111,38.33888889,85.7
"7570","201403020115",2014-06-25,-123.03583333,38.10805556,66.6
"7571","201403020116",2014-06-25,-123.19,38.13888889,101.3
"7572","201403020117",2014-06-25,-123.4025,38.17222222,260.4
"7573","201403020118",2014-06-25,-123.48944444,38.17027778,404.6
"7574","201403020119",2014-06-25,-123.4875,38.14972222,441.9
"7575","201403020120",2014-06-26,-123.19333333,38.00583333,106.3
"7576","201403020121",2014-06-26,-123.16666667,37.87444444,97
"7577","201403020122",2014-06-26,-123.22027778,37.88166667,100.4
"7578","201403020123",2014-06-26,-123.33027778,37.82027778,153.9
"7579","201403020124",2014-06-27,-123.14194444,37.73416667,108.8
"7580","201403020125",2014-07-01,-122.82777778,37.35944444,127.9
"7581","201403020126",2014-07-01,-122.81833333,37.3325,137.3
"7582","201403020127",2014-07-01,-122.94166667,37.28,416.6
"7583","201403020129",2014-07-01,-122.90388889,37.11638889,595.3
"7584","201403020130",2014-07-02,-122.6,37.16777778,104.4
"7585","201403020131",2014-07-02,-122.17833333,36.88944444,99
"7586","201403020132",2014-07-02,-121.87055556,36.71166667,71.7
"7587","201403020133",2014-07-02,-122.16527778,36.32888889,766.9
"7588","201403020134",2014-07-02,-122.14027778,36.15833333,1204.6
"7589","201403020135",2014-07-03,-121.71916667,36.14861111,346.6
"7590","201403020136",2014-07-03,-121.95472222,35.82222222,1224.7
"7591","201403020137",2014-07-03,-121.92083333,35.77666667,1145.5
"7592","201403020138",2014-07-03,-121.86111111,35.71305556,1050.3
"7593","201403020139",2014-07-03,-121.67388889,35.66916667,860.9
"7594","201403020140",2014-07-04,-121.44527778,35.83388889,94.4
"7595","201403020141",2014-07-04,-121.57944444,35.59055556,777.4
"7596","201403020142",2014-07-04,-121.43472222,35.56305556,597.8
"7597","201403020143",2014-07-04,-121.19916667,35.55861111,101.8
"7598","201403020145",2014-07-05,-120.99916667,35.34555556,133.3
"7599","201403020146",2014-07-05,-121.16444444,35.27555556,476.2
"7600","201403020147",2014-07-05,-121.66222222,35.22083333,1062.3
"7601","201403020148",2014-07-06,-121.28472222,34.89888889,471.4
"7602","201403020149",2014-07-06,-121.2425,34.81111111,468.4
"7603","201403020150",2014-07-06,-121.26944444,34.585,981.4
"7604","201403020151",2014-07-06,-120.85583333,34.60083333,306
"7605","201403020152",2014-07-07,-120.3575,34.39916667,131.9
"7606","201403020153",2014-07-07,-120.40444444,34.29444444,381
"7607","201403020154",2014-07-07,-120.62861111,34.29333333,517.1
"7608","201403020155",2014-07-07,-120.68277778,34.43388889,380.1
"7609","201403020156",2014-07-07,-120.80472222,34.51166667,396.6
"7610","201403020157",2014-07-08,-121.23861111,35.2175,580.6
"7611","201403020158",2014-07-12,-120.845,34.06916667,841.2
"7612","201403020159",2014-07-13,-120.27722222,34.20527778,481.2
"7613","201403020160",2014-07-13,-120.01138889,34.41138889,74.5
"7614","201403020163",2014-07-13,-119.85472222,34.12638889,180.6
"7615","201403020164",2014-07-13,-119.7225,34.10666667,193.6
"7616","201403020165",2014-07-14,-120.57472222,34.26611111,508.2
"7617","201403020166",2014-07-14,-120.5,33.96722222,382.1
"7618","201403020167",2014-07-14,-120.32777778,33.8725,530.7
"7619","201403020168",2014-07-14,-120.235,33.90972222,99
"7620","201403020169",2014-07-14,-119.88916667,33.65611111,163.9
"7621","201403020170",2014-07-15,-119.67888889,33.95583333,66.6
"7622","201403020171",2014-07-15,-119.64888889,34.07194444,93.3
"7623","201403020172",2014-07-15,-119.52194444,34.15083333,240
"7624","201403020174",2014-07-16,-118.90083333,34.00666667,83.9
"7625","201403020175",2014-07-16,-118.69305556,33.955,341.9
"7626","201403020176",2014-07-16,-118.61805556,33.48472222,200.8
"7627","201403020177",2014-07-16,-118.66972222,32.90666667,1004.2
"7628","201403020178",2014-07-17,-118.85416667,32.31527778,754.2
"7629","201403020179",2014-07-17,-118.545,32.46916667,1072.9
"7630","201403020180",2014-07-17,-118.49861111,32.43305556,961.7
"7631","201403020182",2014-07-18,-117.84472222,32.92027778,1041.5
"7632","201403020183",2014-07-18,-117.74333333,32.67083333,347.2
"7633","201403020184",2014-07-18,-117.78277778,32.67861111,450.7
"7634","201403020185",2014-07-18,-117.44222222,32.72638889,530.2
"7635","201403020186",2014-07-18,-117.425,32.73972222,478.9
"7636","201403020188",2014-07-19,-117.50083333,33.15472222,442.7
"7637","201403020189",2014-07-19,-117.55805556,33.2375,390.1
"7638","201403020190",2014-07-20,-118.23166667,33.21638889,1096.2
"7639","201403020191",2014-07-21,-118.44055556,33.75083333,76.9
"7640","201503008002",2015-05-23,-125.04333333,44.29972222,860.4
"7641","201503008003",2015-05-23,-125.06944444,44.59805556,1185.4
"7642","201503008005",2015-05-23,-124.88194444,44.60611111,532.2
"7643","201503008006",2015-05-23,-124.96027778,44.80916667,726.2
"7644","201503008007",2015-05-24,-125.14333333,45.61666667,850.7
"7645","201503008008",2015-05-24,-125.17527778,45.62944444,900.2
"7646","201503008009",2015-05-24,-124.75944444,45.66611111,471.7
"7647","201503008010",2015-05-24,-124.85805556,45.85361111,854.9
"7648","201503008011",2015-05-24,-124.65472222,45.98944444,194.7
"7649","201503008012",2015-05-24,-124.58861111,45.9225,170.8
"7650","201503008013",2015-05-25,-124.61361111,46.0675,167.1
"7651","201503008014",2015-05-25,-124.54222222,46.15583333,148.1
"7652","201503008015",2015-05-25,-124.68194444,46.3025,512
"7653","201503008017",2015-05-25,-124.83194444,46.51083333,1087.7
"7654","201503008018",2015-05-25,-124.47055556,46.75916667,94.5
"7655","201503008020",2015-05-26,-124.7,47.59666667,75.7
"7656","201503008021",2015-05-26,-124.89972222,47.82861111,103.5
"7657","201503008022",2015-05-26,-125.16083333,47.96583333,158.1
"7658","201503008023",2015-05-26,-125.16944444,48.20777778,118.8
"7659","201503008024",2015-05-26,-124.96166667,48.30222222,309.5
"7660","201503008025",2015-05-27,-125.49333333,48.16166667,146.4
"7661","201503008026",2015-05-27,-125.46888889,48.12472222,135.4
"7662","201503008028",2015-05-27,-125.50722222,48.13,143.7
"7663","201503008029",2015-05-27,-125.62166667,48.01166667,218.8
"7664","201503008030",2015-05-28,-125.30472222,47.87138889,466.2
"7665","201503008031",2015-05-28,-125.29166667,47.68666667,969.4
"7666","201503008032",2015-05-28,-125.04444444,47.79694444,155.3
"7667","201503008033",2015-05-28,-125.11138889,47.58611111,455.3
"7668","201503008034",2015-05-28,-124.96083333,47.53583333,183
"7669","201503008035",2015-05-28,-124.775,47.35277778,171.9
"7670","201503008036",2015-05-28,-124.88777778,47.29416667,225.4
"7671","201503008037",2015-05-29,-124.85694444,46.79472222,217.2
"7672","201503008038",2015-05-29,-124.69972222,46.85583333,135.8
"7673","201503008039",2015-05-29,-124.67805556,46.82083333,135.1
"7674","201503008040",2015-05-29,-124.56944444,46.77805556,113.4
"7675","201503008041",2015-05-30,-124.36083333,46.225,120.6
"7676","201503008042",2015-05-30,-124.39083333,46.18472222,119.8
"7677","201503008043",2015-05-30,-124.35333333,46.09305556,117.9
"7678","201503008044",2015-05-31,-124.34722222,46.01277778,127.4
"7679","201503008045",2015-05-31,-124.38916667,45.98777778,139.9
"7680","201503008046",2015-05-31,-124.41833333,45.86333333,151.6
"7681","201503008047",2015-05-31,-124.42416667,45.69111111,169.7
"7682","201503008048",2015-05-31,-124.41,45.6175,174.2
"7683","201503008049",2015-05-31,-124.52972222,45.41166667,422.5
"7684","201503008050",2015-06-01,-124.17861111,45.32833333,131.9
"7685","201503008051",2015-06-01,-124.38861111,45.13638889,347.6
"7686","201503008052",2015-06-01,-124.72,45.24611111,522.2
"7687","201503008053",2015-06-01,-124.76,45.18416667,607
"7688","201503008054",2015-06-01,-124.64611111,44.99916667,463.9
"7689","201503008055",2015-06-02,-124.26916667,45.09194444,168.1
"7690","201503008056",2015-06-06,-124.24333333,44.70083333,72.9
"7691","201503008057",2015-06-06,-124.54972222,45.00722222,428.6
"7692","201503008058",2015-06-06,-124.54611111,44.82916667,238.8
"7693","201503008059",2015-06-06,-124.46638889,44.59833333,89
"7694","201503008060",2015-06-07,-124.27944444,44.39611111,72
"7695","201503008062",2015-06-07,-124.75527778,44.34694444,138
"7696","201503008063",2015-06-07,-124.6375,44.17583333,120.4
"7697","201503008064",2015-06-07,-124.97333333,44.01138889,662.1
"7698","201503008065",2015-06-08,-124.25583333,44.11444444,75
"7699","201503008066",2015-06-08,-124.22916667,44.0075,65.6
"7700","201503008067",2015-06-08,-124.605,43.94805556,183
"7701","201503008068",2015-06-08,-124.66472222,43.75555556,387.1
"7702","201503008069",2015-06-08,-124.40861111,43.64444444,120.6
"7703","201503008070",2015-06-09,-124.4525,43.58027778,131.8
"7704","201503008071",2015-06-09,-124.65638889,43.58305556,375.6
"7705","201503008072",2015-06-09,-124.75722222,43.45111111,513.8
"7706","201503008073",2015-06-09,-124.77111111,43.45027778,519.6
"7707","201503008074",2015-06-10,-124.49222222,43.29555556,82.5
"7708","201503008075",2015-06-10,-124.86833333,43.10611111,337.1
"7709","201503008076",2015-06-10,-124.83055556,42.87666667,280.1
"7710","201503008077",2015-06-11,-124.4175,42.1325,79.9
"7711","201503008078",2015-06-18,-124.68,42.33361111,260.1
"7712","201503008079",2015-06-18,-124.88861111,42.36694444,1102.6
"7713","201503008080",2015-06-18,-124.95277778,42.15805556,1135.8
"7714","201503008081",2015-06-18,-124.64944444,42.11777778,468.6
"7715","201503008082",2015-06-18,-124.60666667,42.06277778,346.1
"7716","201503008083",2015-06-18,-124.74111111,41.94916667,695.3
"7717","201503008084",2015-06-19,-124.29194444,41.63277778,58.9
"7718","201503008085",2015-06-19,-124.47277778,41.7625,215.6
"7719","201503008086",2015-06-19,-124.44694444,41.89305556,96.5
"7720","201503008087",2015-06-19,-124.64361111,41.72861111,699.1
"7721","201503008088",2015-06-19,-124.91722222,41.73527778,960.7
"7722","201503008089",2015-06-20,-124.82583333,41.37027778,1003.6
"7723","201503008090",2015-06-20,-124.57527778,41.34666667,1062.9
"7724","201503008091",2015-06-20,-124.30666667,41.19444444,113.6
"7725","201503008092",2015-06-20,-124.24638889,41.08888889,67.5
"7726","201503008093",2015-06-20,-124.28166667,40.93944444,81.7
"7727","201503008094",2015-06-20,-124.30972222,40.93055556,91
"7728","201503008095",2015-06-21,-124.96083333,40.16638889,1038.1
"7729","201503008096",2015-06-21,-124.46638889,40.04777778,803.4
"7730","201503008097",2015-06-21,-124.16777778,39.95305556,179.4
"7731","201503008099",2015-06-21,-124.09638889,39.77527778,433.4
"7732","201503008100",2015-06-22,-123.84916667,39.63805556,94.1
"7733","201503008101",2015-06-22,-123.91222222,39.74138889,122.9
"7734","201503008102",2015-06-22,-124.00805556,39.74166667,165.5
"7735","201503008103",2015-06-22,-124.025,39.6,563.9
"7736","201503008104",2015-06-22,-124.02722222,39.46166667,552.2
"7737","201503008105",2015-06-22,-124.0075,39.44861111,472.7
"7738","201503008106",2015-06-23,-123.97666667,39.32611111,331.7
"7739","201503008107",2015-06-23,-124.01694444,39.10888889,506.3
"7740","201503008108",2015-06-23,-124.09055556,39.00944444,785.6
"7741","201503008109",2015-06-23,-123.71083333,38.48277778,817.6
"7742","201503008110",2015-06-23,-123.6525,38.42333333,592.9
"7743","201503008111",2015-06-24,-123.52722222,38.64055556,104.8
"7744","201503008112",2015-06-24,-123.42361111,38.50583333,119.1
"7745","201503008113",2015-06-24,-123.52777778,38.31638889,302.3
"7746","201503008114",2015-06-24,-123.20777778,38.42416667,72.8
"7747","201503008115",2015-06-25,-123.09416667,38.14388889,78.6
"7748","201503008116",2015-06-25,-123.30027778,38.1325,133.3
"7749","201503008117",2015-06-25,-123.20138889,37.94527778,102.7
"7750","201503008118",2015-06-25,-123.08611111,37.74583333,70.3
"7751","201503008119",2015-06-26,-123.10944444,37.41305556,770.7
"7752","201503008120",2015-06-26,-122.86361111,37.39416667,150.7
"7753","201503008121",2015-06-26,-122.82944444,37.62861111,66.8
"7754","201503008122",2015-06-27,-122.94055556,37.93,61.5
"7755","201503008123",2015-07-01,-122.65083333,37.35833333,85.8
"7756","201503008124",2015-07-01,-122.65388889,37.33361111,95.1
"7757","201503008125",2015-07-01,-122.79722222,37.17083333,335.7
"7758","201503008126",2015-07-01,-122.65833333,37.12361111,121.5
"7759","201503008127",2015-07-02,-122.13972222,36.84944444,108.9
"7760","201503008128",2015-07-02,-122.20694444,36.79638889,462.4
"7761","201503008129",2015-07-02,-122.05305556,36.49694444,700.5
"7762","201503008130",2015-07-02,-122.21361111,36.30305556,911
"7763","201503008131",2015-07-03,-121.83055556,36.16055556,538.2
"7764","201503008132",2015-07-03,-121.96694444,36.04722222,1231.2
"7765","201503008133",2015-07-03,-121.85361111,36.02277778,1111.7
"7766","201503008134",2015-07-03,-121.64555556,35.99416667,519.8
"7767","201503008135",2015-07-03,-121.62666667,35.83222222,707.9
"7768","201503008136",2015-07-04,-121.2075,35.53388889,187.9
"7769","201503008137",2015-07-04,-121.67,35.38611111,1229.2
"7770","201503008138",2015-07-04,-121.32916667,35.21111111,680.2
"7771","201503008139",2015-07-05,-121.10888889,35.25916667,434.5
"7772","201503008140",2015-07-05,-121.16888889,35.2825,474.1
"7773","201503008141",2015-07-05,-121.2425,35.17111111,589.8
"7774","201503008142",2015-07-05,-121.19666667,34.89222222,562.3
"7775","201503008143",2015-07-05,-121.04194444,35.00611111,469.7
"7776","201503008144",2015-07-05,-120.92472222,35.0025,259.6
"7777","201503008145",2015-07-06,-120.9525,34.87777778,312.1
"7778","201503008146",2015-07-06,-121.05416667,34.81138889,465.3
"7779","201503008147",2015-07-06,-121.09555556,34.6775,611.8
"7780","201503008148",2015-07-06,-121.12388889,34.58972222,827.7
"7781","201503008149",2015-07-06,-121.07138889,34.59722222,803.5
"7782","201503008150",2015-07-06,-120.91166667,34.67361111,305
"7783","201503008151",2015-07-07,-120.87138889,34.59972222,378.6
"7784","201503008152",2015-07-07,-120.795,34.56972222,162.4
"7785","201503008153",2015-07-07,-120.71833333,34.4075,525.8
"7786","201503008154",2015-07-07,-120.67,34.42527778,364.8
"7787","201503008155",2015-07-07,-120.59222222,34.43277778,155.6
"7788","201503008156",2015-07-07,-120.175,34.08222222,79.8
"7789","201503008157",2015-07-08,-119.88777778,34.11861111,96.9
"7790","201503008160",2015-07-08,-120.01055556,34.42111111,62.4
"7791","201503008161",2015-07-09,-119.61138889,34.29777778,89.4
"7792","201503008162",2015-07-09,-119.50083333,34.10722222,225
"7793","201503008163",2015-07-13,-119.11666667,34.05861111,97.6
"7794","201503008164",2015-07-13,-119.16861111,33.96138889,697
"7795","201503008165",2015-07-13,-119.78527778,33.93083333,163.2
"7796","201503008166",2015-07-13,-120.01416667,33.86722222,76.8
"7797","201503008167",2015-07-14,-120.24277778,33.87,358.7
"7798","201503008169",2015-07-14,-120.05083333,33.75527778,186.5
"7799","201503008170",2015-07-14,-119.98444444,33.63138889,178.4
"7800","201503008171",2015-07-14,-119.82916667,33.58555556,397.1
"7801","201503008172",2015-07-15,-120.05694444,33.07638889,1145
"7802","201503008173",2015-07-15,-120.15083333,32.99777778,676.2
"7803","201503008174",2015-07-15,-119.99027778,32.83416667,1134.4
"7804","201503008175",2015-07-15,-119.87416667,32.79722222,1185.9
"7805","201503008176",2015-07-15,-119.84194444,32.64861111,1144.9
"7806","201503008177",2015-07-16,-118.41138889,32.68944444,433.1
"7807","201503008178",2015-07-16,-118.35527778,32.72111111,555.2
"7808","201503008179",2015-07-16,-118.18888889,33.02277778,840.9
"7809","201503008180",2015-07-16,-118.09222222,32.76944444,742.3
"7810","201503008182",2015-07-17,-117.43,33.04111111,478.9
"7811","201503008183",2015-07-17,-117.30055556,32.57472222,96.6
"7812","201503008184",2015-07-18,-117.68305556,33.40833333,65.4
"7813","201503008185",2015-07-18,-117.96222222,33.20055556,861.2
"7814","201503008186",2015-07-19,-118.82166667,33.56222222,531.9
"7815","201503008187",2015-07-20,-118.52805556,33.81722222,172.4
"7816","201503010002",2015-08-22,-125.03777778,45.05277778,991.1
"7817","201503010003",2015-08-22,-124.79416667,45.01805556,612.8
"7818","201503010004",2015-08-22,-124.54888889,44.93361111,426.7
"7819","201503010005",2015-08-22,-124.54388889,44.86638889,286.5
"7820","201503010006",2015-08-23,-124.42527778,45.27166667,389.7
"7821","201503010007",2015-08-23,-124.38972222,45.36222222,270.9
"7822","201503010008",2015-08-23,-124.45055556,45.89722222,152.4
"7823","201503010010",2015-08-24,-124.805,46.00111111,464.2
"7824","201503010011",2015-08-24,-124.53583333,46.42972222,161.3
"7825","201503010012",2015-08-24,-124.80916667,46.63833333,447.4
"7826","201503010013",2015-08-25,-124.78527778,46.7025,200.4
"7827","201503010014",2015-08-25,-124.75,46.79222222,150.9
"7828","201503010015",2015-08-26,-125.31138889,47.66361111,1002.4
"7829","201503010016",2015-08-26,-125.50555556,47.76444444,915
"7830","201503010017",2015-08-26,-125.41888889,47.89083333,857.3
"7831","201503010018",2015-08-26,-125.14277778,47.90694444,166.5
"7832","201503010019",2015-08-27,-125.27722222,48.33416667,175.1
"7833","201503010020",2015-08-27,-125.21805556,48.30305556,193
"7834","201503010021",2015-08-27,-125.30277778,48.22111111,151.9
"7835","201503010022",2015-08-27,-125.26194444,48.18027778,190.8
"7836","201503010023",2015-08-27,-125.3125,48.21194444,138.2
"7837","201503010024",2015-08-27,-125.31527778,48.17083333,198.3
"7838","201503010025",2015-08-28,-124.605,47.32555556,80.2
"7839","201503010026",2015-08-28,-124.68583333,47.19666667,105.3
"7840","201503010027",2015-08-28,-124.93444444,47.15833333,183.4
"7841","201503010028",2015-08-28,-124.70944444,47.09194444,112.7
"7842","201503010029",2015-08-28,-124.68583333,47.11861111,104.6
"7843","201503010030",2015-08-28,-124.50638889,47.10361111,69.3
"7844","201503010031",2015-08-30,-124.42833333,46.59805556,98.3
"7845","201503010032",2015-08-30,-124.38166667,46.34388889,110.6
"7846","201503010033",2015-08-30,-124.31055556,46.19194444,107.2
"7847","201503010034",2015-08-31,-124.14,46.12944444,61.4
"7848","201503010035",2015-08-31,-124.14333333,45.73638889,96.4
"7849","201503010036",2015-08-31,-124.30333333,45.69916667,146.6
"7850","201503010037",2015-08-31,-124.21861111,45.59861111,133.2
"7851","201503010038",2015-08-31,-124.13527778,45.46611111,107.1
"7852","201503010039",2015-09-04,-125.21083333,45.00777778,1224.9
"7853","201503010040",2015-09-04,-124.90527778,44.74916667,571.2
"7854","201503010041",2015-09-04,-125.045,44.65,1128.5
"7855","201503010042",2015-09-04,-124.82527778,44.64666667,369.6
"7856","201503010043",2015-09-05,-124.51861111,45.10277778,330.8
"7857","201503010044",2015-09-05,-124.09583333,45.00166667,70.1
"7858","201503010045",2015-09-05,-124.58194444,44.70972222,199.3
"7859","201503010046",2015-09-05,-124.58,44.64555556,179.9
"7860","201503010047",2015-09-06,-124.75277778,44.6675,183.6
"7861","201503010048",2015-09-06,-124.79611111,44.60277778,334.6
"7862","201503010049",2015-09-06,-124.8525,44.44666667,378.7
"7863","201503010050",2015-09-06,-125.07166667,44.41444444,964.9
"7864","201503010051",2015-09-06,-125.11833333,44.39083333,1144.1
"7865","201503010052",2015-09-07,-125.01777778,44.28638889,753.6
"7866","201503010056",2015-09-07,-124.60833333,44.33694444,97.5
"7867","201503010057",2015-09-08,-124.58861111,44.18583333,109.1
"7868","201503010058",2015-09-08,-124.6675,44.1525,123.2
"7869","201503010059",2015-09-08,-124.82166667,43.79166667,532.8
"7870","201503010060",2015-09-08,-124.72138889,43.68805556,524.5
"7871","201503010061",2015-09-08,-124.56,43.58944444,193.2
"7872","201503010062",2015-09-09,-124.25888889,43.85138889,88.3
"7873","201503010063",2015-09-09,-124.31861111,43.74111111,105.6
"7874","201503010064",2015-09-10,-124.48583333,43.65277778,144.7
"7875","201503010065",2015-09-10,-124.63805556,43.29222222,146.4
"7876","201503010067",2015-09-11,-124.81111111,43.19527778,348.3
"7877","201503010068",2015-09-12,-124.75083333,43.10444444,231.3
"7878","201503010069",2015-09-12,-124.98805556,42.965,1046.8
"7879","201503010070",2015-09-12,-124.97722222,42.63638889,1152.7
"7880","201503010071",2015-09-13,-124.7075,42.93361111,130.6
"7881","201503010072",2015-09-13,-124.75972222,42.77027778,380.8
"7882","201503010073",2015-09-17,-124.8075,42.00611111,794
"7883","201503010074",2015-09-17,-124.93055556,41.95861111,980.1
"7884","201503010075",2015-09-17,-124.78527778,41.90944444,704.5
"7885","201503010076",2015-09-17,-124.36694444,41.60361111,94.5
"7886","201503010077",2015-09-17,-124.43472222,41.50444444,120.5
"7887","201503010078",2015-09-18,-124.975,41.50638889,1198.1
"7888","201503010079",2015-09-18,-124.84444444,41.21611111,1160.8
"7889","201503010080",2015-09-18,-124.30916667,41.00638889,109.7
"7890","201503010081",2015-09-18,-124.38861111,41.01083333,222.6
"7891","201503010082",2015-09-18,-124.35027778,40.88361111,105.3
"7892","201503010083",2015-09-19,-124.48833333,40.67944444,119.9
"7893","201503010084",2015-09-19,-124.55166667,40.58138889,144.6
"7894","201503010085",2015-09-19,-124.81666667,40.11888889,1012.6
"7895","201503010086",2015-09-19,-124.77888889,40.07027778,1120.3
"7896","201503010087",2015-09-19,-124.69416667,40.04527778,987.7
"7897","201503010088",2015-09-20,-124.66166667,40.02472222,1012.9
"7898","201503010089",2015-09-20,-124.10916667,39.97861111,65.2
"7899","201503010090",2015-09-20,-124.12166667,39.86611111,178
"7900","201503010092",2015-09-21,-124.00694444,39.3775,462.4
"7901","201503010093",2015-09-21,-123.83638889,39.31444444,84.6
"7902","201503010094",2015-09-21,-123.95277778,39.11833333,197.6
"7903","201503010095",2015-09-22,-123.06833333,38.10888889,71.8
"7904","201503010096",2015-09-22,-123.275,38.19666667,116.9
"7905","201503010097",2015-09-22,-123.40972222,38.33666667,149.5
"7906","201503010098",2015-09-22,-123.40166667,38.37388889,133.9
"7907","201503010099",2015-09-23,-123.5925,38.55222222,151.1
"7908","201503010100",2015-09-23,-123.36833333,38.47416667,111
"7909","201503010101",2015-09-23,-123.52388889,38.28583333,309.8
"7910","201503010102",2015-09-23,-123.22611111,38.15083333,110.7
"7911","201503010103",2015-09-24,-122.98277778,37.46,353
"7912","201503010104",2015-09-24,-122.90527778,37.47305556,131.6
"7913","201503010105",2015-09-28,-122.06027778,36.825,99.3
"7914","201503010106",2015-09-28,-121.98638889,36.86138889,79.8
"7915","201503010107",2015-09-28,-121.87666667,36.68055556,74.8
"7916","201503010108",2015-09-28,-121.875,36.73916667,73.2
"7917","201503010109",2015-09-29,-122.03194444,36.53555556,477.7
"7918","201503010110",2015-09-29,-122.19333333,36.29166667,824.4
"7919","201503010111",2015-09-29,-122.025,36.28722222,109.8
"7920","201503010112",2015-09-30,-121.89611111,36.24777778,73.8
"7921","201503010113",2015-09-30,-121.80472222,36.07777778,872.7
"7922","201503010114",2015-09-30,-122.0875,35.77916667,1189.4
"7923","201503010115",2015-09-30,-121.75416667,35.70833333,954.2
"7924","201503010116",2015-10-01,-121.48222222,35.7825,244.7
"7925","201503010117",2015-10-01,-121.47027778,35.76888889,224.9
"7926","201503010118",2015-10-01,-121.57805556,35.60888889,770.4
"7927","201503010119",2015-10-01,-121.43416667,35.60055556,530.6
"7928","201503010120",2015-10-01,-121.39361111,35.59555556,446.5
"7929","201503010121",2015-10-01,-121.33666667,35.61277778,231.4
"7930","201503010122",2015-10-02,-121.69472222,35.19083333,1230.8
"7931","201503010123",2015-10-02,-121.4325,35.12833333,520.2
"7932","201503010124",2015-10-02,-121.40972222,35.12916667,539.7
"7933","201503010125",2015-10-02,-121.24555556,35.11722222,598.9
"7934","201503010126",2015-10-03,-120.98,35.39638889,88.1
"7935","201503010127",2015-10-03,-121.10222222,35.48888889,84.7
"7936","201503010128",2015-10-03,-121.04055556,35.385,189.3
"7937","201503010129",2015-10-04,-120.8825,35.12083333,136.7
"7938","201503010130",2015-10-04,-120.89305556,34.94833333,218.9
"7939","201503010131",2015-10-05,-121.01666667,34.91361111,446.7
"7940","201503010132",2015-10-05,-121.12472222,34.84944444,555.4
"7941","201503010133",2015-10-05,-121.29166667,34.83333333,444.3
"7942","201503010134",2015-10-05,-121.28472222,34.69694444,614.3
"7943","201503010135",2015-10-05,-121.28111111,34.62555556,783.1
"7944","201503010136",2015-10-06,-121.3725,34.59888889,993.6
"7945","201503010137",2015-10-06,-120.83,34.51111111,465.1
"7946","201503010138",2015-10-06,-120.20944444,34.40777778,213.2
"7947","201503010139",2015-10-07,-119.55555556,34.21583333,106.5
"7948","201503010140",2015-10-07,-119.4025,34.16305556,91.2
"7949","201503010141",2015-10-11,-119.855,34.28555556,349.9
"7950","201503010142",2015-10-11,-120.0275,34.35611111,493.4
"7951","201503010143",2015-10-11,-120.17444444,34.34694444,458.6
"7952","201503010144",2015-10-11,-120.34583333,34.40638889,102.9
"7953","201503010146",2015-10-12,-120.30444444,33.9575,94.3
"7954","201503010147",2015-10-12,-120.33138889,33.91138889,269.9
"7955","201503010148",2015-10-13,-120.16388889,33.81638889,446.2
"7956","201503010149",2015-10-13,-120.49833333,33.6375,1049.5
"7957","201503010150",2015-10-13,-120.56277778,33.45805556,1114.7
"7958","201503010153",2015-10-14,-120.31972222,33.21944444,953.9
"7959","201503010154",2015-10-14,-119.98388889,33.325,967
"7960","201503010155",2015-10-15,-117.9,32.84833333,695.8
"7961","201503010158",2015-10-16,-117.39555556,32.8825,498.7
"7962","201503010159",2015-10-16,-117.42305556,33.07444444,437.2
"7963","201503010160",2015-10-16,-117.60805556,33.30055556,173.9
"7964","201503010161",2015-10-17,-118.46555556,33.31027778,91
"7965","201503010162",2015-10-17,-118.54111111,33.4175,132
"7966","201503010163",2015-10-17,-118.54611111,33.41361111,179.2
"7967","201503010164",2015-10-17,-118.73083333,33.5075,283.4
"7968","201503010165",2015-10-17,-118.67472222,33.53194444,403
"7969","201503010166",2015-10-18,-119.01777778,34.03777778,86.8
"7970","201503010167",2015-10-18,-118.70083333,33.99,76.1
"7971","201503017001",2015-08-22,-125.04555556,44.6175,1178.8
"7972","201503017004",2015-08-22,-124.85361111,44.64638889,403.6
"7973","201503017007",2015-08-23,-124.77833333,44.81805556,415.3
"7974","201503017008",2015-08-23,-124.69388889,45.00972222,455.4
"7975","201503017009",2015-08-23,-124.6175,45.14583333,421.2
"7976","201503017010",2015-08-23,-124.70361111,45.35305556,505.2
"7977","201503017011",2015-08-24,-124.95444444,46.32777778,1110.4
"7978","201503017012",2015-08-24,-124.76916667,46.66305556,227.1
"7979","201503017013",2015-08-24,-124.71972222,46.76333333,148.9
"7980","201503017014",2015-08-25,-124.96388889,47.89638889,112
"7981","201503017015",2015-08-25,-124.99694444,48.02944444,113
"7982","201503017017",2015-08-25,-125.06916667,48.04,131.9
"7983","201503017018",2015-08-25,-124.91277778,48.22777778,98.2
"7984","201503017021",2015-08-26,-125.48027778,47.73694444,955.9
"7985","201503017022",2015-08-26,-125.43555556,47.60222222,970.9
"7986","201503017023",2015-08-26,-125.08333333,47.67083333,185.1
"7987","201503017024",2015-08-26,-125.10472222,47.56916667,483.9
"7988","201503017025",2015-08-27,-124.76,47.70916667,75.7
"7989","201503017026",2015-08-27,-124.58277778,47.2375,79.8
"7990","201503017027",2015-08-27,-124.70638889,46.93277778,128.6
"7991","201503017028",2015-08-27,-124.45111111,46.9625,69.5
"7992","201503017029",2015-08-28,-124.79083333,46.80527778,160.7
"7993","201503017030",2015-08-28,-124.90666667,46.79694444,477.4
"7994","201503017031",2015-08-30,-124.47194444,46.58694444,123.8
"7995","201503017032",2015-08-30,-124.59666667,46.1425,158.8
"7996","201503017033",2015-08-30,-124.69777778,46.09305556,240
"7997","201503017034",2015-08-31,-124.05416667,45.3525,68.7
"7998","201503017035",2015-08-31,-124.18277778,45.07833333,123.8
"7999","201503017036",2015-08-31,-124.30083333,45.07055556,181.6
"8000","201503017037",2015-09-04,-124.28222222,45.45472222,170.7
"8001","201503017038",2015-09-04,-124.43416667,45.62055556,193.1
"8002","201503017039",2015-09-04,-124.49472222,45.49472222,385
"8003","201503017040",2015-09-04,-124.67694444,45.37638889,439.2
"8004","201503017041",2015-09-05,-124.58888889,44.84722222,349.5
"8005","201503017042",2015-09-05,-124.65888889,44.61444444,227.1
"8006","201503017043",2015-09-05,-124.97416667,44.47583333,690.5
"8007","201503017044",2015-09-05,-124.76166667,44.16722222,101.7
"8008","201503017045",2015-09-05,-124.57138889,44.20194444,107.3
"8009","201503017046",2015-09-05,-124.44472222,44.43222222,81.8
"8010","201503017047",2015-09-06,-124.58055556,43.6875,225.7
"8011","201503017048",2015-09-06,-124.67,43.90555556,222.2
"8012","201503017049",2015-09-06,-124.59694444,43.90277778,209.5
"8013","201503017050",2015-09-06,-124.525,43.94055556,145.3
"8014","201503017051",2015-09-06,-124.40527778,43.90583333,116.3
"8015","201503017052",2015-09-07,-124.20861111,44.47972222,64.3
"8016","201503017053",2015-09-07,-124.27166667,43.61333333,83
"8017","201503017054",2015-09-08,-124.68194444,43.25611111,175.1
"8018","201503017055",2015-09-08,-124.92972222,42.98888889,515.6
"8019","201503017056",2015-09-08,-124.6075,42.91388889,71.7
"8020","201503017057",2015-09-08,-124.60222222,42.97611111,94.9
"8021","201503017058",2015-09-08,-124.61833333,43.04222222,122.6
"8022","201503017060",2015-09-09,-124.40972222,43.385,69.3
"8023","201503017061",2015-09-09,-124.68972222,43.18944444,175.1
"8024","201503017062",2015-09-09,-124.80694444,42.85666667,285.1
"8025","201503017063",2015-09-09,-124.72416667,42.72,254.4
"8026","201503017064",2015-09-10,-124.855,42.36222222,966.5
"8027","201503017065",2015-09-10,-124.61277778,42.27361111,218
"8028","201503017066",2015-09-10,-124.68916667,42.17472222,539.3
"8029","201503017067",2015-09-11,-124.51166667,42.02527778,117.6
"8030","201503017068",2015-09-11,-124.94138889,41.93277778,939.8
"8031","201503017071",2015-09-11,-124.98361111,41.66527778,1011.7
"8032","201503017072",2015-09-11,-124.83388889,41.65472222,880.8
"8033","201503017074",2015-09-12,-124.38611111,41.74138889,102.8
"8034","201503017075",2015-09-12,-124.41083333,41.73027778,119.8
"8035","201503017076",2015-09-12,-124.39277778,41.53527778,105.8
"8036","201503017077",2015-09-12,-124.68333333,41.50527778,933.2
"8037","201503017078",2015-09-12,-124.46777778,41.46805556,164.2
"8038","201503017079",2015-09-12,-124.39055556,41.37083333,119.5
"8039","201503017080",2015-09-12,-124.38694444,41.33833333,131.2
"8040","201503017081",2015-09-13,-124.32666667,41.16583333,137.6
"8041","201503017082",2015-09-13,-124.36055556,41.03888889,177.3
"8042","201503017085",2015-09-17,-124.555,40.95388889,553.4
"8043","201503017086",2015-09-17,-124.70305556,40.89,736.8
"8044","201503017088",2015-09-18,-125.06472222,40.29361111,1186.7
"8045","201503017089",2015-09-18,-125.04888889,40.13583333,1203.6
"8046","201503017090",2015-09-18,-124.85388889,40.07361111,1119
"8047","201503017091",2015-09-19,-124.44055556,40.14666667,521.4
"8048","201503017092",2015-09-19,-124.30583333,39.94222222,985.6
"8049","201503017093",2015-09-19,-123.98361111,39.84527778,121.4
"8050","201503017094",2015-09-19,-123.99555556,39.78527778,154.3
"8051","201503017095",2015-09-19,-123.915,39.64472222,134.9
"8052","201503017096",2015-09-20,-124.16916667,39.53833333,1127.3
"8053","201503017097",2015-09-20,-124.25027778,39.40805556,1252.3
"8054","201503017098",2015-09-20,-124.08138889,39.21722222,661.6
"8055","201503017099",2015-09-20,-123.81222222,38.92055556,106.6
"8056","201503017100",2015-09-20,-123.82527778,38.88555556,114.7
"8057","201503017101",2015-09-21,-123.89333333,38.82805556,293.8
"8058","201503017102",2015-09-21,-123.95416667,38.81444444,1181.4
"8059","201503017103",2015-09-21,-123.64277778,38.77833333,87.8
"8060","201503017104",2015-09-23,-123.2225,38.33944444,96.2
"8061","201503017105",2015-09-23,-123.38888889,38.52638889,102
"8062","201503017106",2015-09-23,-123.48861111,38.69722222,72.9
"8063","201503017107",2015-09-23,-123.68361111,38.58944444,209.8
"8064","201503017108",2015-09-23,-123.64333333,38.55027778,193.1
"8065","201503017109",2015-09-24,-123.43055556,38.58222222,95.4
"8066","201503017110",2015-09-24,-123.52333333,38.48583333,152.4
"8067","201503017111",2015-09-28,-123.12277778,37.85638889,94.5
"8068","201503017112",2015-09-28,-122.92555556,37.76972222,61.9
"8069","201503017113",2015-09-28,-122.82361111,37.54833333,86.4
"8070","201503017114",2015-09-29,-122.72972222,37.50527778,74.3
"8071","201503017117",2015-09-29,-122.97805556,37.37555556,762.2
"8072","201503017118",2015-09-29,-122.88166667,37.24305556,323.8
"8073","201503017119",2015-09-29,-122.72583333,37.26472222,110.3
"8074","201503017120",2015-09-30,-122.06388889,36.84222222,97.1
"8075","201503017121",2015-09-30,-122.05055556,36.86194444,83.8
"8076","201503017122",2015-09-30,-122.34472222,36.38527778,1192.1
"8077","201503017123",2015-09-30,-122.07388889,36.28083333,418
"8078","201503017124",2015-09-30,-121.96416667,36.31027778,78.8
"8079","201503017125",2015-10-01,-121.77583333,36.06638889,825.4
"8080","201503017126",2015-10-01,-121.85527778,35.71583333,1051.8
"8081","201503017127",2015-10-01,-121.8025,35.62194444,972.3
"8082","201503017128",2015-10-02,-121.67555556,35.56861111,901
"8083","201503017129",2015-10-02,-121.56805556,35.47527778,929
"8084","201503017130",2015-10-02,-121.34888889,35.46805556,553
"8085","201503017131",2015-10-02,-121.34583333,35.59777778,308.1
"8086","201503017132",2015-10-02,-121.50277778,35.76305556,385.8
"8087","201503017133",2015-10-03,-121.48638889,35.10916667,505.3
"8088","201503017134",2015-10-03,-121.47083333,35.03861111,452.1
"8089","201503017135",2015-10-03,-121.27361111,35.03111111,612.1
"8090","201503017136",2015-10-03,-121.22055556,35.03861111,588.3
"8091","201503017137",2015-10-03,-121.07416667,35.09555556,502.5
"8092","201503017138",2015-10-04,-120.9425,35.18638889,150.1
"8093","201503017139",2015-10-04,-121.07027778,35.20944444,422.1
"8094","201503017140",2015-10-05,-120.95972222,34.98111111,342.3
"8095","201503017141",2015-10-05,-121.06027778,34.925,437.7
"8096","201503017142",2015-10-05,-121.21583333,34.83916667,549.4
"8097","201503017143",2015-10-05,-121.28472222,34.59777778,949.6
"8098","201503017144",2015-10-06,-120.885,34.71388889,220.1
"8099","201503017145",2015-10-06,-120.87305556,34.58305556,368
"8100","201503017146",2015-10-06,-120.74305556,34.55888889,103.2
"8101","201503017147",2015-10-06,-120.48,34.38722222,189.4
"8102","201503017148",2015-10-06,-120.31388889,34.25111111,447.5
"8103","201503017149",2015-10-06,-120.15361111,34.11083333,110
"8104","201503017150",2015-10-07,-119.97388889,34.15027778,429.8
"8105","201503017151",2015-10-07,-119.82666667,34.25,360.2
"8106","201503017154",2015-10-11,-119.56972222,34.26027778,92.4
"8107","201503017155",2015-10-11,-119.53555556,34.10666667,232.5
"8108","201503017156",2015-10-11,-119.64888889,34.07916667,104.9
"8109","201503017157",2015-10-11,-119.70333333,34.21527778,172.5
"8110","201503017158",2015-10-11,-119.75583333,34.23944444,196.7
"8111","201503017160",2015-10-12,-119.99388889,34.29194444,560.3
"8112","201503017161",2015-10-12,-120.50722222,33.98555556,449.5
"8113","201503017162",2015-10-12,-120.10388889,33.80361111,392.9
"8114","201503017163",2015-10-13,-119.81972222,33.79,566.3
"8115","201503017164",2015-10-13,-120.02888889,33.05527778,1148.6
"8116","201503017166",2015-10-14,-119.89666667,32.76944444,1135.6
"8117","201503017167",2015-10-14,-119.95805556,32.70916667,1094.3
"8118","201503017168",2015-10-14,-119.83055556,32.38333333,1007.4
"8119","201503017171",2015-10-15,-118.19583333,32.84666667,854.5
"8120","201503017172",2015-10-15,-117.85222222,32.80111111,402.3
"8121","201503017173",2015-10-15,-117.77472222,32.68,439.8
"8122","201503017174",2015-10-15,-117.36472222,32.64972222,221.6
"8123","201503017175",2015-10-16,-117.325,32.6,115.2
"8124","201503017176",2015-10-16,-117.34777778,32.66527778,176.4
"8125","201503017177",2015-10-16,-117.82388889,33.2725,734.7
"8126","201503017178",2015-10-17,-118.71305556,33.97,339.5
"8127","201503017179",2015-10-17,-118.645,33.90666667,328
"8128","201503017180",2015-10-17,-118.58138889,33.91722222,243.2
"8129","201503017181",2015-10-17,-118.54305556,33.8475,86.3
"8130","201503017183",2015-10-17,-118.47583333,33.77027778,249.6
"8131","201503017185",2015-10-18,-118.63611111,33.64583333,746.7
"8132","201503017186",2015-10-18,-118.46611111,33.60611111,880.5
"8133","201503020001",2015-05-23,-125.01638889,45.12055556,1083
"8134","201503020002",2015-05-23,-124.86333333,45.08666667,678.1
"8135","201503020003",2015-05-23,-124.86472222,45.24944444,869.5
"8136","201503020004",2015-05-24,-124.79972222,45.43277778,804.9
"8137","201503020005",2015-05-24,-124.73888889,45.57472222,546.5
"8138","201503020006",2015-05-24,-124.87027778,45.78972222,1128.5
"8139","201503020007",2015-05-24,-124.62777778,45.77972222,219.5
"8140","201503020008",2015-05-24,-124.83166667,46.03666667,531.1
"8141","201503020009",2015-05-25,-124.87888889,46.04416667,941.5
"8142","201503020010",2015-05-25,-124.69694444,46.005,222.4
"8143","201503020012",2015-05-25,-124.52388889,46.12722222,141.7
"8144","201503020013",2015-05-25,-124.69388889,46.76305556,143.2
"8145","201503020014",2015-05-26,-125.17361111,47.78833333,537.2
"8146","201503020015",2015-05-26,-125.09777778,47.87166667,157.6
"8147","201503020016",2015-05-26,-125.12194444,47.905,157.5
"8148","201503020017",2015-05-26,-125.2825,47.95861111,396.7
"8149","201503020018",2015-05-26,-125.31666667,48.07305556,218.7
"8150","201503020019",2015-05-27,-125.69777778,48.13222222,238.3
"8151","201503020022",2015-05-27,-125.46527778,47.95416667,212.5
"8152","201503020025",2015-05-28,-125.34861111,48.05277778,454.6
"8153","201503020026",2015-05-28,-125.39666667,48.14277778,114.3
"8154","201503020028",2015-05-28,-125.11166667,48.1075,212.5
"8155","201503020029",2015-05-28,-125.02555556,48.13888889,278.7
"8156","201503020030",2015-05-28,-125.16638889,48.42361111,164.8
"8157","201503020031",2015-05-28,-125.12833333,48.24111111,121.7
"8158","201503020032",2015-05-29,-124.97138889,48.03472222,105.5
"8159","201503020033",2015-05-29,-124.99805556,47.73472222,140.5
"8160","201503020034",2015-05-29,-124.93222222,47.66555556,129.9
"8161","201503020035",2015-05-29,-124.86083333,47.52555556,138.3
"8162","201503020036",2015-05-29,-124.78222222,47.49027778,116.5
"8163","201503020037",2015-05-29,-124.95,47.46861111,298.3
"8164","201503020038",2015-05-30,-124.74916667,46.89194444,141.8
"8165","201503020039",2015-05-30,-124.88861111,46.84111111,203.6
"8166","201503020040",2015-05-30,-124.76361111,46.77055556,162.6
"8167","201503020041",2015-05-30,-124.57138889,46.6175,144.4
"8168","201503020042",2015-05-30,-124.37138889,46.67027778,79.7
"8169","201503020043",2015-05-31,-124.50777778,46.33555556,132.9
"8170","201503020044",2015-05-31,-124.34361111,46.22444444,117.9
"8171","201503020045",2015-05-31,-124.17166667,46.095,85.7
"8172","201503020046",2015-05-31,-124.15722222,46.05194444,86
"8173","201503020047",2015-05-31,-124.10611111,45.89527778,82.9
"8174","201503020048",2015-06-01,-124.28472222,45.26805556,181.7
"8175","201503020049",2015-06-01,-124.39305556,45.16777778,368
"8176","201503020050",2015-06-01,-124.60694444,45.0975,413.3
"8177","201503020051",2015-06-01,-124.67361111,45.19888889,522.7
"8178","201503020052",2015-06-01,-124.69166667,45.03861111,375.5
"8179","201503020053",2015-06-02,-124.25833333,44.43555556,70.7
"8180","201503020054",2015-06-02,-124.20666667,44.63555556,65.3
"8181","201503020055",2015-06-06,-124.86722222,44.79694444,456.1
"8182","201503020056",2015-06-06,-124.88027778,44.7725,548.5
"8183","201503020057",2015-06-06,-124.80472222,44.70694444,414.6
"8184","201503020058",2015-06-06,-125.04611111,44.49666667,1107.5
"8185","201503020059",2015-06-07,-124.39111111,44.25166667,92.8
"8186","201503020060",2015-06-07,-124.70111111,44.07722222,117.7
"8187","201503020061",2015-06-07,-124.63777778,44.05,131
"8188","201503020062",2015-06-07,-124.84083333,43.92666667,169
"8189","201503020063",2015-06-07,-124.76222222,43.88111111,266.1
"8190","201503020064",2015-06-07,-124.61277778,43.84361111,263.4
"8191","201503020065",2015-06-08,-124.46416667,43.95222222,128.3
"8192","201503020066",2015-06-08,-124.54222222,43.65083333,181.2
"8193","201503020067",2015-06-08,-124.51972222,43.55388889,155.9
"8194","201503020068",2015-06-08,-124.37388889,43.62111111,116.7
"8195","201503020069",2015-06-08,-124.57944444,43.65472222,217.4
"8196","201503020070",2015-06-09,-124.78527778,43.6775,625
"8197","201503020071",2015-06-09,-124.91916667,43.68583333,1020.1
"8198","201503020072",2015-06-09,-124.71555556,43.60972222,520.4
"8199","201503020073",2015-06-09,-124.74833333,43.48,523.6
"8200","201503020074",2015-06-09,-124.78305556,43.39083333,582.9
"8201","201503020075",2015-06-10,-124.54694444,43.07805556,90.3
"8202","201503020076",2015-06-10,-124.55861111,42.99333333,83.7
"8203","201503020077",2015-06-10,-124.6725,42.71666667,147.8
"8204","201503020078",2015-06-11,-124.63111111,42.71916667,107.9
"8205","201503020079",2015-06-11,-124.83277778,42.69055556,687.4
"8206","201503020080",2015-06-11,-124.63944444,42.58305556,124.5
"8207","201503020081",2015-06-18,-124.89666667,42.46944444,1143.6
"8208","201503020082",2015-06-18,-124.74694444,42.42222222,213.2
"8209","201503020083",2015-06-18,-124.46,42.26472222,71.5
"8210","201503020084",2015-06-18,-124.56722222,42.195,167.2
"8211","201503020085",2015-06-18,-124.50194444,42.06361111,117.6
"8212","201503020086",2015-06-18,-124.66638889,42.01805556,539.1
"8213","201503020087",2015-06-19,-124.94916667,42.05305556,1100.7
"8214","201503020088",2015-06-19,-124.52055556,41.81555556,407.1
"8215","201503020089",2015-06-19,-124.3775,41.59027778,100.5
"8216","201503020090",2015-06-19,-124.76277778,41.60722222,886.1
"8217","201503020091",2015-06-19,-124.70027778,41.42555556,1049.7
"8218","201503020092",2015-06-20,-124.83333333,41.33888889,1101
"8219","201503020094",2015-06-20,-124.70472222,41.18138889,1250.2
"8220","201503020096",2015-06-20,-124.62694444,41.04027778,727.3
"8221","201503020097",2015-06-20,-124.59027778,41.19111111,1132.7
"8222","201503020098",2015-06-20,-124.43416667,41.26694444,374.2
"8223","201503020099",2015-06-21,-124.20583333,41.26472222,69.1
"8224","201503020100",2015-06-21,-124.43222222,40.93888889,273.7
"8225","201503020101",2015-06-21,-124.52333333,40.84166667,513.6
"8226","201503020102",2015-06-21,-124.56083333,40.915,547.5
"8227","201503020103",2015-06-21,-124.72805556,40.82777778,1075.8
"8228","201503020104",2015-06-22,-124.52972222,40.68361111,254.6
"8229","201503020105",2015-06-22,-124.74694444,40.17222222,820.1
"8230","201503020106",2015-06-22,-124.84388889,40.25333333,782.5
"8231","201503020107",2015-06-22,-125.07,40.13527778,1233.4
"8232","201503020108",2015-06-23,-124.51638889,40.14861111,665
"8233","201503020109",2015-06-23,-124.57805556,40.04555556,944.1
"8234","201503020110",2015-06-23,-124.49361111,39.98583333,1113.2
"8235","201503020112",2015-06-24,-124.20416667,39.12777778,1160
"8236","201503020113",2015-06-24,-124.19111111,39.03555556,1200.5
"8237","201503020114",2015-06-24,-124.03388889,38.93888889,510.8
"8238","201503020115",2015-06-24,-123.83916667,39.04166667,104.3
"8239","201503020116",2015-06-25,-123.62138889,38.67666667,125.3
"8240","201503020117",2015-06-25,-123.49277778,38.59861111,108.5
"8241","201503020118",2015-06-25,-123.42527778,38.53611111,107
"8242","201503020119",2015-06-25,-123.33333333,38.50861111,91.1
"8243","201503020120",2015-06-25,-123.58666667,38.37611111,380.3
"8244","201503020121",2015-06-25,-123.685,38.39555556,916.6
"8245","201503020123",2015-06-26,-123.52638889,38.01472222,793.7
"8246","201503020124",2015-06-26,-123.46111111,38.21055556,331.2
"8247","201503020125",2015-06-26,-123.32166667,38.17555556,137.5
"8248","201503020126",2015-06-26,-123.22361111,38.17888889,107.5
"8249","201503020127",2015-06-26,-123.09361111,38.07777778,72.7
"8250","201503020128",2015-06-26,-123.22111111,37.94611111,105.5
"8251","201503020129",2015-06-27,-123.37972222,37.94027778,120.5
"8252","201503020130",2015-06-27,-123.0175,37.80805556,78.5
"8253","201503020131",2015-07-01,-122.76944444,37.60527778,60.7
"8254","201503020132",2015-07-01,-122.90333333,37.20916667,400.1
"8255","201503020133",2015-07-01,-122.65277778,37.30305556,98.7
"8256","201503020134",2015-07-01,-122.63083333,37.19722222,102.9
"8257","201503020135",2015-07-01,-122.69472222,37.10222222,222.3
"8258","201503020136",2015-07-01,-122.6825,37.03055556,445.8
"8259","201503020137",2015-07-02,-122.29638889,36.74055556,1086
"8260","201503020138",2015-07-02,-122.25111111,36.37444444,1240.5
"8261","201503020139",2015-07-02,-121.80472222,36.17611111,453.2
"8262","201503020140",2015-07-03,-121.8975,35.93027778,1190.9
"8263","201503020141",2015-07-03,-121.7075,35.92472222,871.3
"8264","201503020142",2015-07-03,-121.61527778,35.90166667,662
"8265","201503020143",2015-07-03,-121.64361111,35.80416667,724.1
"8266","201503020144",2015-07-03,-121.485,35.52111111,751.4
"8267","201503020145",2015-07-04,-121.47583333,34.9775,516.7
"8268","201503020146",2015-07-04,-121.17111111,35.31111111,451
"8269","201503020147",2015-07-04,-121.07916667,35.27055556,368.6
"8270","201503020149",2015-07-05,-120.9575,35.35027778,86.9
"8271","201503020150",2015-07-05,-121.08416667,35.21333333,448.6
"8272","201503020151",2015-07-05,-121.15,35.18833333,546.9
"8273","201503020152",2015-07-05,-121.29027778,34.76333333,552.4
"8274","201503020153",2015-07-05,-121.255,34.78194444,443.2
"8275","201503020154",2015-07-06,-121.05305556,34.84361111,456.3
"8276","201503020155",2015-07-06,-120.99444444,34.81583333,372.7
"8277","201503020156",2015-07-06,-120.81027778,34.80527778,120.5
"8278","201503020157",2015-07-06,-121.03972222,34.61555556,642.5
"8279","201503020158",2015-07-06,-120.6725,34.45888889,255
"8280","201503020159",2015-07-06,-120.68055556,34.33277778,563.7
"8281","201503020160",2015-07-07,-120.62472222,34.03833333,1033.6
"8282","201503020161",2015-07-07,-120.26444444,34.20555556,481.8
"8283","201503020162",2015-07-07,-120.51777778,34.24666667,500.2
"8284","201503020163",2015-07-07,-120.47472222,34.28361111,443.6
"8285","201503020164",2015-07-08,-120.26083333,34.42833333,86.8
"8286","201503020165",2015-07-08,-120.25222222,34.31277778,417.3
"8287","201503020167",2015-07-08,-120.05,34.42277778,73.7
"8288","201503020168",2015-07-09,-119.92638889,34.39611111,67.3
"8289","201503020169",2015-07-09,-119.78166667,34.26472222,212.6
"8290","201503020170",2015-07-13,-119.76166667,34.22166667,288.7
"8291","201503020171",2015-07-13,-119.77083333,34.12444444,235.5
"8292","201503020173",2015-07-13,-119.93555556,33.89194444,90.6
"8293","201503020174",2015-07-13,-119.98333333,33.81611111,113
"8294","201503020175",2015-07-13,-119.89305556,33.78694444,169.3
"8295","201503020176",2015-07-13,-119.93083333,33.63444444,216.4
"8296","201503020177",2015-07-14,-120.1875,33.04027778,646.9
"8297","201503020178",2015-07-14,-120.19861111,33.06277778,633.7
"8298","201503020179",2015-07-14,-120.01527778,32.66027778,714.2
"8299","201503020183",2015-07-16,-118.41805556,32.68916667,459.5
"8300","201503020184",2015-07-16,-118.06416667,32.75027778,737.5
"8301","201503020185",2015-07-17,-117.41416667,32.68444444,405.1
"8302","201503020186",2015-07-17,-117.30416667,32.87222222,86.8
"8303","201503020187",2015-07-17,-117.73611111,32.96833333,809.1
"8304","201503020188",2015-07-18,-118.66305556,33.0825,417.8
"8305","201503020189",2015-07-18,-118.55305556,33.33972222,130.4
"8306","201503020190",2015-07-19,-118.16111111,33.44527778,641.4
"8307","201503020193",2015-07-20,-118.41277778,33.44277778,251.6
"8308","201603008001",2016-05-21,-124.97388889,45.26722222,1136.9
"8309","201603008002",2016-05-21,-124.93194444,45.33833333,956.8
"8310","201603008003",2016-05-21,-124.73805556,45.43666667,579.2
"8311","201603008004",2016-05-21,-124.63138889,45.50916667,454.4
"8312","201603008005",2016-05-21,-124.66888889,45.54055556,441.1
"8313","201603008007",2016-05-22,-124.5075,45.27583333,412.3
"8314","201603008008",2016-05-22,-124.50138889,45.39805556,414.9
"8315","201603008009",2016-05-22,-124.48305556,45.48527778,348.2
"8316","201603008010",2016-05-22,-124.46805556,45.67111111,194.9
"8317","201603008012",2016-05-22,-124.62861111,45.67805556,288.1
"8318","201603008013",2016-05-23,-125.19888889,47.26611111,1099.7
"8319","201603008014",2016-05-23,-125.25194444,47.42305556,986.8
"8320","201603008015",2016-05-23,-125.62305556,47.80666667,912.4
"8321","201603008016",2016-05-24,-125.75361111,47.98888889,978.9
"8322","201603008017",2016-05-24,-125.435,47.88,829.1
"8323","201603008018",2016-05-24,-125.26916667,48.0325,158.2
"8324","201603008019",2016-05-24,-125.08527778,48.08361111,129
"8325","201603008020",2016-05-24,-125.07166667,48.23833333,119.4
"8326","201603008021",2016-05-25,-124.95166667,48.24861111,202.5
"8327","201603008022",2016-05-25,-125.13388889,47.845,197
"8328","201603008023",2016-05-25,-124.82527778,47.83055556,83.4
"8329","201603008025",2016-05-25,-124.9175,47.50944444,181.3
"8330","201603008026",2016-05-25,-124.76805556,47.34,159.6
"8331","201603008027",2016-05-26,-124.57194444,47.03083333,82.5
"8332","201603008028",2016-05-26,-124.5375,47.31222222,64.1
"8333","201603008029",2016-05-26,-124.55666667,47.385,63.2
"8334","201603008031",2016-05-27,-124.6875,46.69861111,157.5
"8335","201603008032",2016-05-27,-124.65416667,46.64777778,157.2
"8336","201603008033",2016-05-27,-124.59833333,46.6425,141
"8337","201603008034",2016-05-27,-124.495,46.52805556,155.9
"8338","201603008035",2016-05-27,-124.51138889,46.42611111,147.3
"8339","201603008036",2016-05-28,-124.77916667,46.31166667,798.2
"8340","201603008037",2016-05-28,-124.76194444,46.01222222,362.1
"8341","201603008038",2016-05-28,-124.36527778,46.09361111,119.7
"8342","201603008039",2016-05-28,-124.23,46.10166667,93.2
"8343","201603008040",2016-05-28,-124.1975,45.77083333,115.1
"8344","201603008041",2016-05-29,-124.15444444,45.55277778,108.4
"8345","201603008042",2016-05-29,-124.335,45.48555556,179.3
"8346","201603008043",2016-05-29,-124.26472222,45.35444444,170.7
"8347","201603008044",2016-05-29,-124.26638889,45.11888889,170.9
"8348","201603008045",2016-05-29,-124.54277778,45.14111111,325.3
"8349","201603008046",2016-05-29,-124.74972222,45.20527778,596.5
"8350","201603008048",2016-05-30,-124.55555556,44.72333333,151.5
"8351","201603008049",2016-06-03,-124.45805556,44.74388889,133.6
"8352","201603008050",2016-06-03,-124.5475,44.80027778,211.3
"8353","201603008051",2016-06-03,-124.77611111,44.83333333,375.6
"8354","201603008052",2016-06-03,-124.85277778,44.89416667,345.8
"8355","201603008053",2016-06-03,-124.74305556,44.88944444,320
"8356","201603008054",2016-06-04,-124.81777778,45.20222222,724.1
"8357","201603008055",2016-06-04,-124.72,45.07694444,315.5
"8358","201603008056",2016-06-04,-124.99722222,44.975,923.2
"8359","201603008057",2016-06-04,-125.14472222,44.66305556,838.1
"8360","201603008058",2016-06-04,-125.10944444,44.50194444,1251.6
"8361","201603008059",2016-06-05,-125.11055556,44.495,1242
"8362","201603008060",2016-06-05,-125.07527778,44.38416667,936.2
"8363","201603008062",2016-06-05,-124.85611111,44.50194444,317.7
"8364","201603008064",2016-06-06,-124.46388889,44.16333333,108.3
"8365","201603008065",2016-06-06,-124.49444444,44.10027778,122.9
"8366","201603008066",2016-06-06,-124.47361111,44.05416667,127.5
"8367","201603008067",2016-06-07,-124.635,44.40138889,119.2
"8368","201603008069",2016-06-07,-124.58527778,44.26027778,110.3
"8369","201603008070",2016-06-07,-124.82833333,44.26083333,138
"8370","201603008071",2016-06-07,-124.5775,44.04527778,139.9
"8371","201603008072",2016-06-07,-124.6525,43.98111111,148.8
"8372","201603008073",2016-06-08,-124.43,43.9725,125.7
"8373","201603008074",2016-06-08,-124.66805556,43.68444444,406.2
"8374","201603008075",2016-06-08,-124.53027778,43.67777778,174.5
"8375","201603008076",2016-06-08,-124.40277778,43.42111111,88.3
"8376","201603008077",2016-06-08,-124.64527778,43.34666667,169.8
"8377","201603008078",2016-06-09,-125.00194444,43.02611111,1036.9
"8378","201603008079",2016-06-09,-125.02027778,43.26694444,1039.1
"8379","201603008080",2016-06-09,-124.83777778,43.24694444,355
"8380","201603008081",2016-06-09,-124.67805556,43.19694444,168.1
"8381","201603008082",2016-06-09,-124.585,43.08361111,110.4
"8382","201603008083",2016-06-10,-124.61166667,43.06194444,124.1
"8383","201603008084",2016-06-10,-124.68555556,42.71527778,158.9
"8384","201603008085",2016-06-10,-124.63611111,42.61777778,127.5
"8385","201603008086",2016-06-10,-124.50333333,42.59166667,71.1
"8386","201603008087",2016-06-11,-124.58555556,42.41055556,88.9
"8387","201603008088",2016-06-11,-124.6125,42.35805556,137.5
"8388","201603008089",2016-06-11,-124.83333333,42.27,615.7
"8389","201603008090",2016-06-11,-124.66694444,42.2,462.2
"8390","201603008091",2016-06-12,-124.37805556,42.01944444,65.2
"8391","201603008092",2016-06-16,-124.53388889,42.10833333,136
"8392","201603008093",2016-06-16,-124.60222222,42.025,292.6
"8393","201603008094",2016-06-16,-124.54611111,41.99833333,141.5
"8394","201603008095",2016-06-16,-124.98361111,42.05638889,1135.5
"8395","201603008096",2016-06-17,-124.68333333,41.82555556,704.2
"8396","201603008097",2016-06-17,-124.38666667,41.87083333,57.1
"8397","201603008098",2016-06-17,-124.35666667,41.76194444,87.3
"8398","201603008099",2016-06-17,-124.32861111,41.73555556,78
"8399","201603008100",2016-06-17,-124.32277778,41.47055556,84.6
"8400","201603008101",2016-06-17,-124.61805556,41.24222222,1111.2
"8401","201603008102",2016-06-17,-124.625,41.33138889,1082.2
"8402","201603008103",2016-06-18,-124.78583333,41.56805556,857.8
"8403","201603008104",2016-06-18,-124.69166667,41.27111111,1111.9
"8404","201603008105",2016-06-18,-124.56972222,40.91555556,555.6
"8405","201603008106",2016-06-18,-124.53888889,40.87083333,523.4
"8406","201603008107",2016-06-18,-124.69916667,40.56972222,463.2
"8407","201603008108",2016-06-19,-124.40527778,40.81,110
"8408","201603008109",2016-06-19,-124.46944444,40.77,174.8
"8409","201603008111",2016-06-19,-124.55388889,40.44138889,100.3
"8410","201603008112",2016-06-19,-124.54305556,40.315,1224.9
"8411","201603008114",2016-06-20,-125.06555556,40.285,1143.4
"8412","201603008115",2016-06-20,-124.9175,40.15638889,1036.2
"8413","201603008116",2016-06-20,-124.89666667,40.1,1205.2
"8414","201603008117",2016-06-20,-124.68638889,40.05444444,969.1
"8415","201603008118",2016-06-20,-124.62166667,39.90694444,1225.9
"8416","201603008119",2016-06-21,-124.15583333,39.995,117
"8417","201603008120",2016-06-21,-124.04472222,39.31277778,559
"8418","201603008121",2016-06-21,-123.98666667,39.03944444,470.9
"8419","201603008122",2016-06-21,-123.81388889,38.95055556,99.3
"8420","201603008123",2016-06-22,-123.86444444,38.82166667,171.1
"8421","201603008124",2016-06-22,-123.58666667,38.70805556,98.7
"8422","201603008125",2016-06-22,-123.21305556,38.40805556,83.5
"8423","201603008126",2016-06-23,-123.03027778,38.17222222,69.5
"8424","201603008127",2016-06-23,-123.22861111,37.86638889,102.5
"8425","201603008128",2016-06-23,-123.18972222,37.7525,160.5
"8426","201603008129",2016-06-23,-123.00277778,37.78055556,74.7
"8427","201603008130",2016-06-29,-123.03111111,37.47138889,512.1
"8428","201603008131",2016-06-29,-122.9675,37.3025,491.9
"8429","201603008132",2016-06-29,-122.89583333,37.25861111,332.2
"8430","201603008133",2016-06-29,-122.71861111,37.19611111,129.7
"8431","201603008134",2016-06-29,-122.6575,37.35138889,89.5
"8432","201603008135",2016-06-29,-122.61194444,37.28222222,95.2
"8433","201603008136",2016-06-29,-122.5675,37.21972222,95.7
"8434","201603008138",2016-06-30,-121.90444444,36.70472222,88.9
"8435","201603008139",2016-06-30,-122.00166667,36.47527778,191.8
"8436","201603008140",2016-06-30,-122.15611111,36.32416667,723.4
"8437","201603008141",2016-06-30,-122.10138889,36.35416667,445.1
"8438","201603008142",2016-06-30,-122.09555556,36.32111111,333.5
"8439","201603008143",2016-06-30,-122.06361111,36.31027778,162.5
"8440","201603008144",2016-07-01,-122.0225,36.26,220.5
"8441","201603008145",2016-07-01,-122.06055556,36.22861111,584
"8442","201603008146",2016-07-01,-122.07305556,36.22972222,623.8
"8443","201603008147",2016-07-01,-122.06333333,35.77333333,1137
"8444","201603008148",2016-07-02,-121.54611111,35.86916667,405.3
"8445","201603008149",2016-07-02,-121.69916667,35.84638889,836.7
"8446","201603008150",2016-07-02,-121.76805556,35.70472222,966.1
"8447","201603008151",2016-07-02,-121.79444444,35.50611111,1062.1
"8448","201603008152",2016-07-03,-121.28722222,35.01833333,603.3
"8449","201603008153",2016-07-03,-121.26777778,35.1975,609.5
"8450","201603008154",2016-07-03,-121.01055556,35.40138889,106.6
"8451","201603008155",2016-07-04,-120.96444444,35.18027778,211.6
"8452","201603008156",2016-07-04,-121.14472222,34.68972222,593.4
"8453","201603008157",2016-07-04,-120.95888889,34.81,330.2
"8454","201603008158",2016-07-04,-120.83055556,34.92833333,144.3
"8455","201603008159",2016-07-05,-120.73611111,34.665,72.1
"8456","201603008160",2016-07-05,-120.75944444,34.63527778,86.7
"8457","201603008161",2016-07-05,-120.74388889,34.50861111,203.1
"8458","201603008162",2016-07-05,-120.54277778,34.19472222,185.6
"8459","201603008163",2016-07-05,-120.41027778,33.98555556,106.5
"8460","201603008164",2016-07-06,-120.27972222,34.105,97.4
"8461","201603008165",2016-07-06,-120.21666667,34.19555556,496.4
"8462","201603008166",2016-07-06,-120.32666667,34.26777778,424.4
"8463","201603008167",2016-07-06,-120.05166667,34.375,359.8
"8464","201603008168",2016-07-06,-119.82333333,34.19111111,424.5
"8465","201603008169",2016-07-07,-119.76972222,34.3275,158.7
"8466","201603008170",2016-07-11,-119.63916667,34.14166667,291
"8467","201603008173",2016-07-11,-120.18305556,33.87638889,300.7
"8468","201603008174",2016-07-11,-120.0525,33.86888889,69.9
"8469","201603008176",2016-07-12,-119.93944444,33.8375,110.7
"8470","201603008177",2016-07-12,-119.87888889,33.76055556,129.1
"8471","201603008178",2016-07-12,-120.01777778,33.46666667,925.9
"8472","201603008179",2016-07-12,-119.95527778,33.29388889,968.6
"8473","201603008180",2016-07-12,-120.28805556,33.13444444,685.5
"8474","201603008181",2016-07-13,-118.63611111,32.1125,1033.9
"8475","201603008182",2016-07-14,-117.66,32.93694444,949.3
"8476","201603008183",2016-07-14,-117.61527778,32.93416667,920.4
"8477","201603008184",2016-07-14,-117.29361111,32.92194444,72.8
"8478","201603008185",2016-07-14,-117.29694444,32.86555556,69.4
"8479","201603008186",2016-07-15,-117.29944444,32.73611111,64.6
"8480","201603008187",2016-07-15,-117.3525,33.01472222,334.5
"8481","201603008188",2016-07-15,-117.42055556,33.13,302.5
"8482","201603008189",2016-07-15,-117.5525,33.28833333,61.2
"8483","201603008190",2016-07-15,-117.95638889,33.45583333,531.4
"8484","201603008191",2016-07-15,-117.95833333,33.405,372.7
"8485","201603008192",2016-07-16,-118.08138889,33.14,1002.7
"8486","201603008193",2016-07-16,-118.35777778,33.12972222,1157.3
"8487","201603008194",2016-07-16,-118.46277778,33.17583333,1211.8
"8488","201603008195",2016-07-17,-118.68583333,33.91611111,427.2
"8489","201603008196",2016-07-17,-118.64722222,33.955,235.7
"8490","201603008197",2016-07-18,-118.60916667,33.81666667,592.1
"8491","201603010001",2016-08-20,-124.98388889,44.93916667,882.7
"8492","201603010002",2016-08-20,-124.60694444,45.07111111,431.2
"8493","201603010003",2016-08-20,-124.40638889,45.17027778,373.1
"8494","201603010004",2016-08-20,-124.30777778,45.095,192.3
"8495","201603010005",2016-08-20,-124.20138889,44.87222222,102.6
"8496","201603010006",2016-08-21,-124.73277778,45.60916667,426.2
"8497","201603010007",2016-08-21,-124.51888889,45.95611111,157.8
"8498","201603010008",2016-08-21,-124.54972222,46.00444444,159.7
"8499","201603010009",2016-08-21,-124.38,46.22055556,125.8
"8500","201603010010",2016-08-21,-124.27833333,46.22888889,88.8
"8501","201603010011",2016-08-22,-124.645,46.68638889,137
"8502","201603010012",2016-08-22,-124.71444444,46.75527778,147.7
"8503","201603010013",2016-08-22,-124.82055556,46.85638889,158.8
"8504","201603010014",2016-08-22,-124.83027778,46.93972222,303.1
"8505","201603010015",2016-08-22,-124.77916667,46.95416667,151.9
"8506","201603010016",2016-08-23,-125.74305556,47.70166667,1133.8
"8507","201603010017",2016-08-23,-125.66861111,47.76888889,986.2
"8508","201603010018",2016-08-23,-125.07333333,47.85583333,148.1
"8509","201603010019",2016-08-24,-124.86277778,48.33666667,149
"8510","201603010020",2016-08-24,-125.01972222,48.23666667,324.1
"8511","201603010021",2016-08-24,-125.10305556,48.23222222,121.6
"8512","201603010024",2016-08-25,-124.845,47.63333333,109.3
"8513","201603010025",2016-08-25,-124.74361111,47.39861111,126.1
"8514","201603010026",2016-08-25,-124.72166667,47.26333333,121.6
"8515","201603010027",2016-08-25,-124.53638889,47.2275,69.1
"8516","201603010028",2016-08-25,-124.5025,47.23055556,62.8
"8517","201603010029",2016-08-25,-124.59916667,47.10055556,84.3
"8518","201603010030",2016-08-26,-124.43777778,46.59277778,105.7
"8519","201603010031",2016-08-26,-124.3325,46.64972222,72.6
"8520","201603010032",2016-08-26,-124.28833333,46.63027778,65.1
"8521","201603010033",2016-08-27,-124.21916667,46.215,67.3
"8522","201603010034",2016-08-27,-124.20027778,46.19555556,63.9
"8523","201603010035",2016-08-27,-124.20111111,45.70111111,117
"8524","201603010036",2016-08-27,-124.21472222,45.43527778,147
"8525","201603010037",2016-08-28,-124.64055556,45.18888889,360.5
"8526","201603010038",2016-08-28,-124.61944444,45.25972222,477
"8527","201603010039",2016-08-28,-124.41833333,45.30916667,377.6
"8528","201603010040",2016-08-28,-124.12277778,45.19666667,96.9
"8529","201603010041",2016-08-28,-124.09111111,45.13888889,81.3
"8530","201603010042",2016-08-29,-124.25972222,45.00472222,153.7
"8531","201603010043",2016-09-02,-124.5175,44.90638889,306.5
"8532","201603010044",2016-09-02,-124.86777778,44.60722222,466.8
"8533","201603010045",2016-09-02,-124.74111111,44.5825,334.8
"8534","201603010046",2016-09-02,-124.55777778,44.51027778,125.9
"8535","201603010047",2016-09-02,-124.52888889,44.44777778,97
"8536","201603010048",2016-09-03,-124.26555556,44.00388889,81.4
"8537","201603010049",2016-09-03,-124.625,44.09916667,124.7
"8538","201603010051",2016-09-03,-124.97305556,43.94777778,542
"8539","201603010052",2016-09-03,-124.87333333,43.82305556,393.4
"8540","201603010053",2016-09-03,-124.72472222,43.71444444,513.2
"8541","201603010054",2016-09-04,-124.69222222,43.72,453.4
"8542","201603010055",2016-09-04,-124.63888889,43.53888889,319.6
"8543","201603010056",2016-09-04,-124.75083333,43.44916667,510.6
"8544","201603010057",2016-09-04,-125.03916667,43.41305556,945.9
"8545","201603010058",2016-09-05,-124.52138889,43.56888889,161.7
"8546","201603010059",2016-09-05,-124.55444444,43.42194444,131.8
"8547","201603010060",2016-09-06,-124.53,43.02472222,76.5
"8548","201603010061",2016-09-06,-124.6925,42.99277778,142.3
"8549","201603010062",2016-09-06,-124.72361111,42.95027778,143.9
"8550","201603010063",2016-09-07,-125.02722222,43.17638889,1042.4
"8551","201603010064",2016-09-07,-124.77527778,43.12222222,260.3
"8552","201603010065",2016-09-07,-124.88861111,43.05361111,375
"8553","201603010066",2016-09-07,-124.90638889,42.9575,368.2
"8554","201603010067",2016-09-07,-124.94611111,42.62888889,1038.3
"8555","201603010068",2016-09-08,-124.87277778,42.59777778,909.6
"8556","201603010069",2016-09-08,-124.77527778,42.53833333,352.9
"8557","201603010070",2016-09-15,-125.05388889,41.9875,1158.5
"8558","201603010071",2016-09-15,-124.92111111,41.87333333,930.8
"8559","201603010072",2016-09-15,-124.925,41.77222222,1072.1
"8560","201603010073",2016-09-15,-124.9475,41.73388889,1014.2
"8561","201603010074",2016-09-15,-124.77555556,41.63055556,871.7
"8562","201603010075",2016-09-16,-124.54472222,41.77,477
"8563","201603010076",2016-09-16,-124.67222222,41.64111111,828.2
"8564","201603010077",2016-09-16,-124.57,41.59916667,705
"8565","201603010078",2016-09-16,-124.51722222,41.56666667,344.1
"8566","201603010079",2016-09-16,-124.48361111,41.46833333,196.4
"8567","201603010080",2016-09-17,-124.61305556,41.26777778,1109
"8568","201603010081",2016-09-17,-124.39361111,41.10611111,358.8
"8569","201603010082",2016-09-17,-124.36694444,40.94027778,142.7
"8570","201603010083",2016-09-17,-124.46722222,40.9625,425.5
"8571","201603010084",2016-09-17,-124.59555556,40.91722222,585.7
"8572","201603010086",2016-09-18,-124.99777778,40.30638889,1126.3
"8573","201603010087",2016-09-18,-124.88555556,40.28833333,784.1
"8574","201603010088",2016-09-18,-124.98083333,40.25027778,991.2
"8575","201603010089",2016-09-18,-124.98472222,40.11472222,1164.3
"8576","201603010090",2016-09-19,-124.47138889,40.30416667,333.7
"8577","201603010091",2016-09-19,-124.49,40.14972222,590
"8578","201603010092",2016-09-19,-124.32888889,40.11222222,329.8
"8579","201603010093",2016-09-20,-124.00694444,39.48111111,451.5
"8580","201603010094",2016-09-21,-123.95555556,39.08638889,230.2
"8581","201603010095",2016-09-22,-123.74972222,38.81583333,112.5
"8582","201603010096",2016-09-22,-123.77361111,38.68138889,266.5
"8583","201603010097",2016-09-22,-123.66194444,38.67777778,135.2
"8584","201603010098",2016-09-22,-123.68916667,38.6175,198.7
"8585","201603010099",2016-09-23,-123.31,38.47972222,91.1
"8586","201603010100",2016-09-23,-123.39305556,38.37555556,129.9
"8587","201603010101",2016-09-23,-123.52944444,38.40444444,196.8
"8588","201603010102",2016-09-23,-123.68416667,38.41416667,731
"8589","201603010103",2016-09-23,-123.65611111,38.35277778,726.2
"8590","201603010104",2016-09-24,-123.04111111,38.13888889,72
"8591","201603010105",2016-09-24,-123.04305556,37.9675,66.8
"8592","201603010106",2016-09-28,-122.96916667,37.51305556,154
"8593","201603010107",2016-09-28,-122.8325,37.43583333,105.4
"8594","201603010108",2016-09-28,-122.53277778,37.29944444,76.6
"8595","201603010109",2016-09-28,-122.78861111,37.13277778,459.6
"8596","201603010110",2016-09-29,-122.64277778,37.06666667,148
"8597","201603010111",2016-09-29,-122.63694444,37.00805556,433.7
"8598","201603010112",2016-09-29,-122.60805556,37.03083333,200.8
"8599","201603010113",2016-09-29,-122.45555556,37.00166667,130.2
"8600","201603010114",2016-09-29,-122.25638889,36.91277778,122.9
"8601","201603010115",2016-09-30,-122.14472222,36.89333333,90.1
"8602","201603010116",2016-09-30,-122.10805556,36.88972222,82.7
"8603","201603010117",2016-09-30,-122.01611111,36.61722222,140.2
"8604","201603010118",2016-10-01,-121.25138889,35.5625,160
"8605","201603010119",2016-10-01,-121.34138889,35.36666667,623.5
"8606","201603010120",2016-10-01,-121.23861111,35.41833333,397.7
"8607","201603010121",2016-10-02,-121.02222222,35.18111111,347.7
"8608","201603010122",2016-10-02,-120.85472222,35.13083333,97.7
"8609","201603010123",2016-10-03,-121.18,35.015,567.1
"8610","201603010124",2016-10-03,-121.47194444,35.07472222,456.3
"8611","201603010125",2016-10-03,-121.55111111,35.2275,728.7
"8612","201603010126",2016-10-03,-121.57416667,35.26722222,812.5
"8613","201603010127",2016-10-04,-121.3225,34.83138889,459.3
"8614","201603010128",2016-10-04,-120.77777778,34.54555556,194.5
"8615","201603010129",2016-10-04,-120.46166667,34.24722222,466.1
"8616","201603010130",2016-10-05,-120.26416667,34.42722222,87.1
"8617","201603010131",2016-10-05,-120.23666667,34.31166667,426.3
"8618","201603010132",2016-10-05,-120.17777778,34.3275,471.4
"8619","201603010133",2016-10-05,-120.18527778,34.30666667,481.9
"8620","201603010134",2016-10-06,-119.49472222,34.11027778,233.6
"8621","201603010135",2016-10-06,-119.37388889,34.11777778,224.4
"8622","201603010136",2016-10-10,-119.86777778,34.28166667,420.2
"8623","201603010137",2016-10-10,-119.81833333,34.25972222,331.8
"8624","201603010138",2016-10-10,-119.90722222,34.11888889,102.2
"8625","201603010139",2016-10-10,-119.90888889,33.99305556,67.4
"8626","201603010140",2016-10-10,-119.93305556,33.93111111,77.9
"8627","201603010141",2016-10-10,-119.91083333,33.89722222,102.2
"8628","201603010142",2016-10-11,-120.22888889,33.91361111,87.3
"8629","201603010143",2016-10-11,-119.90027778,33.79277778,173.5
"8630","201603010144",2016-10-11,-119.83527778,33.78194444,357.8
"8631","201603010147",2016-10-12,-119.90888889,33.4875,436.8
"8632","201603010148",2016-10-12,-119.93666667,33.46861111,856.2
"8633","201603010149",2016-10-12,-120.16777778,33.38138889,1159
"8634","201603010151",2016-10-13,-118.795,33.54638889,429.7
"8635","201603010152",2016-10-13,-118.70305556,33.47611111,232.3
"8636","201603010153",2016-10-13,-118.59861111,33.44194444,121.6
"8637","201603010154",2016-10-14,-118.34111111,32.69805556,904.7
"8638","201603010155",2016-10-14,-118.0925,33.08444444,1004.3
"8639","201603010156",2016-10-15,-117.29861111,32.65222222,82.3
"8640","201603010157",2016-10-15,-117.34083333,32.9375,331.3
"8641","201603010158",2016-10-15,-117.45527778,32.955,718.8
"8642","201603010159",2016-10-15,-117.50138889,33.07722222,571.2
"8643","201603010160",2016-10-16,-117.93277778,33.09972222,905.5
"8644","201603010161",2016-10-17,-117.86,33.53222222,446.3
"8645","201603010162",2016-10-17,-118.19138889,33.55777778,189.8
"8646","201603017001",2016-08-20,-124.98138889,45.13527778,990.4
"8647","201603017002",2016-08-20,-125.14527778,45.57194444,806
"8648","201603017003",2016-08-20,-125.02333333,45.80083333,1083.4
"8649","201603017004",2016-08-21,-125.44083333,47.49111111,1169.5
"8650","201603017005",2016-08-21,-125.34111111,47.63833333,970
"8651","201603017006",2016-08-21,-125.17111111,47.85611111,253
"8652","201603017007",2016-08-21,-124.92777778,47.98194444,88.2
"8653","201603017008",2016-08-22,-124.90916667,48.21888889,82.9
"8654","201603017009",2016-08-22,-125.25555556,48.32861111,182.9
"8655","201603017011",2016-08-22,-125.25333333,48.30194444,177.2
"8656","201603017012",2016-08-22,-125.31777778,48.21222222,139.7
"8657","201603017013",2016-08-23,-124.96777778,47.7,136.7
"8658","201603017014",2016-08-23,-124.79055556,47.57166667,103.7
"8659","201603017015",2016-08-23,-124.98083333,47.1725,466
"8660","201603017016",2016-08-23,-124.80027778,47.03638889,142.1
"8661","201603017017",2016-08-23,-124.65138889,46.83305556,127.8
"8662","201603017018",2016-08-23,-124.645,46.62444444,198.2
"8663","201603017019",2016-08-24,-125.07694444,46.65777778,895.7
"8664","201603017021",2016-08-24,-125.03166667,46.60055556,1016.8
"8665","201603017023",2016-08-24,-124.75222222,46.46722222,796.1
"8666","201603017024",2016-08-24,-124.96333333,46.23722222,988.9
"8667","201603017025",2016-08-25,-124.8425,46.32916667,1041.4
"8668","201603017026",2016-08-25,-124.48833333,46.36444444,134.9
"8669","201603017027",2016-08-25,-124.48861111,46.30583333,127
"8670","201603017028",2016-08-26,-124.43583333,46.20138889,138.6
"8671","201603017029",2016-08-26,-124.35277778,46.06,121.9
"8672","201603017030",2016-08-26,-124.48888889,45.94555556,155.1
"8673","201603017031",2016-08-26,-124.58916667,45.85444444,172.9
"8674","201603017032",2016-08-26,-124.77083333,45.87222222,559.3
"8675","201603017033",2016-08-27,-124.73277778,45.73722222,280
"8676","201603017034",2016-08-27,-124.645,45.78083333,228.1
"8677","201603017035",2016-08-27,-124.24666667,45.78,128
"8678","201603017036",2016-08-27,-124.10055556,45.73555556,84.2
"8679","201603017037",2016-08-27,-124.17166667,45.57694444,114.4
"8680","201603017038",2016-08-28,-124.57472222,45.32861111,409.6
"8681","201603017039",2016-08-28,-124.22861111,45.24472222,163.5
"8682","201603017040",2016-08-28,-124.21833333,45.19916667,157.6
"8683","201603017041",2016-08-28,-124.15416667,45.03805556,104.7
"8684","201603017042",2016-08-28,-124.09222222,45.04444444,73.8
"8685","201603017043",2016-08-29,-124.26472222,44.94222222,143.9
"8686","201603017044",2016-08-29,-124.29527778,44.95694444,156.4
"8687","201603017045",2016-09-02,-124.81888889,44.94,581
"8688","201603017046",2016-09-02,-124.69638889,44.96833333,406.7
"8689","201603017047",2016-09-02,-124.67861111,45.0125,417.7
"8690","201603017048",2016-09-02,-124.64083333,45.02111111,465.1
"8691","201603017049",2016-09-02,-124.69638889,45.07416667,291.3
"8692","201603017050",2016-09-03,-124.50944444,44.9375,376.1
"8693","201603017051",2016-09-03,-124.43972222,44.87166667,170.7
"8694","201603017052",2016-09-03,-124.48861111,44.70888889,136.8
"8695","201603017053",2016-09-03,-124.69111111,44.71055556,345.9
"8696","201603017054",2016-09-03,-124.70694444,44.46055556,149.7
"8697","201603017055",2016-09-04,-124.21916667,44.44944444,64
"8698","201603017056",2016-09-04,-124.28833333,44.315,73.6
"8699","201603017057",2016-09-04,-124.71527778,44.30916667,100.5
"8700","201603017058",2016-09-04,-124.87,44.39972222,496.5
"8701","201603017059",2016-09-04,-124.88083333,44.33416667,546.9
"8702","201603017060",2016-09-05,-124.85083333,44.3425,448.4
"8703","201603017061",2016-09-05,-124.95166667,44.27055556,466.6
"8704","201603017062",2016-09-05,-124.83166667,43.92722222,169.8
"8705","201603017063",2016-09-05,-124.72277778,43.77722222,484.3
"8706","201603017064",2016-09-05,-124.60555556,43.70416667,265.3
"8707","201603017065",2016-09-06,-124.37333333,43.845,115.2
"8708","201603017066",2016-09-06,-124.46888889,43.58888889,137.2
"8709","201603017067",2016-09-06,-124.48194444,43.2925,76.9
"8710","201603017068",2016-09-06,-124.64305556,43.25472222,135
"8711","201603017070",2016-09-07,-124.75527778,43.39444444,532.3
"8712","201603017071",2016-09-07,-124.76083333,43.05861111,213.9
"8713","201603017072",2016-09-07,-124.67027778,42.94444444,109.8
"8714","201603017073",2016-09-07,-124.92055556,42.92555556,530.1
"8715","201603017074",2016-09-07,-124.84333333,42.8325,314.2
"8716","201603017075",2016-09-08,-124.67694444,42.48833333,113
"8717","201603017077",2016-09-08,-124.80611111,42.325,651.4
"8718","201603017078",2016-09-15,-124.79111111,42.28972222,532.4
"8719","201603017079",2016-09-15,-124.79833333,42.20194444,646.6
"8720","201603017080",2016-09-15,-124.75416667,42.16777778,607
"8721","201603017081",2016-09-15,-124.53861111,42.21055556,143.7
"8722","201603017082",2016-09-15,-124.50416667,42.22555556,125.5
"8723","201603017083",2016-09-16,-125.06916667,41.91,1195.6
"8724","201603017084",2016-09-16,-124.99694444,41.9,832.7
"8725","201603017085",2016-09-16,-124.81083333,41.64277778,877.4
"8726","201603017086",2016-09-16,-124.72388889,41.65361111,842.7
"8727","201603017088",2016-09-17,-124.76722222,41.085,951.1
"8728","201603017089",2016-09-17,-124.43194444,41.00861111,394.5
"8729","201603017090",2016-09-17,-124.55916667,40.88222222,550.3
"8730","201603017091",2016-09-17,-124.53388889,40.84138889,514.3
"8731","201603017092",2016-09-17,-124.40416667,40.7725,79.4
"8732","201603017093",2016-09-18,-124.97972222,40.27111111,994.4
"8733","201603017094",2016-09-18,-125.13833333,40.25611111,1240.9
"8734","201603017095",2016-09-18,-124.88138889,40.22833333,840.7
"8735","201603017096",2016-09-18,-124.61666667,40.31666667,1169.7
"8736","201603017097",2016-09-18,-124.48888889,40.395,95.7
"8737","201603017098",2016-09-19,-124.52333333,40.20027778,477.7
"8738","201603017099",2016-09-19,-124.46055556,40.15111111,537.1
"8739","201603017100",2016-09-19,-124.28055556,40.0875,229.9
"8740","201603017101",2016-09-19,-124.00111111,39.51805556,459.1
"8741","201603017102",2016-09-20,-124.14166667,39.51722222,935.4
"8742","201603017103",2016-09-20,-123.89944444,39.3575,128
"8743","201603017104",2016-09-20,-123.97666667,39.3225,336.9
"8744","201603017105",2016-09-20,-124.00888889,39.28222222,460.6
"8745","201603017106",2016-09-21,-123.89472222,39.02111111,124.4
"8746","201603017107",2016-09-21,-123.77638889,38.91805556,83.9
"8747","201603017108",2016-09-21,-123.76861111,38.72444444,166.6
"8748","201603017109",2016-09-21,-123.79083333,38.62277778,949.5
"8749","201603017110",2016-09-22,-123.70166667,38.65444444,173
"8750","201603017111",2016-09-22,-123.61305556,38.54805556,161.4
"8751","201603017112",2016-09-22,-123.2475,38.24638889,106.7
"8752","201603017113",2016-09-23,-123.21361111,38.18388889,105.8
"8753","201603017114",2016-09-23,-123.3525,38.15055556,166.8
"8754","201603017115",2016-09-23,-123.34,38.11888889,158
"8755","201603017116",2016-09-23,-123.46861111,38.10916667,201.9
"8756","201603017117",2016-09-24,-123.17694444,37.88222222,98.3
"8757","201603017118",2016-09-24,-122.94638889,37.93861111,62.1
"8758","201603017119",2016-09-24,-122.92055556,37.9225,61
"8759","201603017120",2016-09-28,-122.9875,37.42861111,434
"8760","201603017121",2016-09-28,-122.89111111,37.45722222,152.2
"8761","201603017122",2016-09-28,-122.74111111,37.40138889,92.2
"8762","201603017123",2016-09-28,-122.63138889,37.09944444,119.1
"8763","201603017124",2016-09-28,-122.54472222,36.97055556,415.2
"8764","201603017125",2016-09-29,-122.19666667,36.95472222,66.9
"8765","201603017126",2016-09-29,-122.32722222,36.925,264.8
"8766","201603017127",2016-09-29,-122.00277778,36.64861111,111.9
"8767","201603017128",2016-09-30,-122.24888889,36.39027778,1236.4
"8768","201603017129",2016-09-30,-121.97611111,35.81388889,1162.1
"8769","201603017130",2016-09-30,-121.67,35.70166667,840.3
"8770","201603017131",2016-10-01,-121.55222222,35.66333333,671.2
"8771","201603017132",2016-10-01,-121.25611111,35.4875,402.2
"8772","201603017133",2016-10-01,-121.19888889,35.49805556,294.9
"8773","201603017134",2016-10-01,-121.10416667,35.38833333,265.4
"8774","201603017135",2016-10-02,-121.02777778,35.33527778,193.2
"8775","201603017136",2016-10-02,-121.17638889,35.32194444,428.5
"8776","201603017137",2016-10-02,-121.11638889,35.28972222,389.9
"8777","201603017138",2016-10-02,-121.07,34.98222222,505
"8778","201603017139",2016-10-02,-120.89472222,34.94777778,218.7
"8779","201603017140",2016-10-03,-120.72666667,34.82888889,66
"8780","201603017141",2016-10-03,-120.96444444,34.6775,422
"8781","201603017142",2016-10-03,-121.12916667,34.55472222,908.5
"8782","201603017143",2016-10-03,-121.21916667,34.66166667,682
"8783","201603017144",2016-10-03,-121.385,34.7475,561.3
"8784","201603017145",2016-10-04,-120.78555556,34.57638889,137.6
"8785","201603017146",2016-10-04,-120.54444444,34.41333333,153.9
"8786","201603017147",2016-10-04,-120.65833333,34.32388889,527.7
"8787","201603017148",2016-10-04,-120.15638889,34.07611111,80.4
"8788","201603017149",2016-10-05,-120.05527778,34.40111111,119
"8789","201603017150",2016-10-05,-119.84444444,34.32388889,307.2
"8790","201603017151",2016-10-05,-119.81111111,34.35111111,103.3
"8791","201603017152",2016-10-05,-119.81972222,34.29194444,288.9
"8792","201603017153",2016-10-05,-119.72638889,34.31388889,143.1
"8793","201603017154",2016-10-05,-119.585,34.21222222,149.7
"8794","201603017156",2016-10-10,-119.75194444,34.20861111,307
"8795","201603017157",2016-10-10,-119.94583333,33.75638889,174.4
"8796","201603017158",2016-10-10,-119.88638889,33.71694444,138.5
"8797","201603017159",2016-10-10,-119.90305556,33.63055556,223.2
"8798","201603017160",2016-10-10,-120.13777778,33.65777778,877
"8799","201603017161",2016-10-11,-120.22694444,33.71805556,930.8
"8800","201603017162",2016-10-11,-120.21083333,33.53222222,1174.6
"8801","201603017163",2016-10-11,-120.42722222,33.45166667,1090.7
"8802","201603017164",2016-10-11,-120.15944444,33.41138889,1181.1
"8803","201603017166",2016-10-12,-118.61444444,31.99861111,1025.4
"8804","201603017167",2016-10-13,-118.71,33.08333333,500.4
"8805","201603017168",2016-10-13,-118.54472222,32.80666667,406.7
"8806","201603017169",2016-10-13,-118.42277778,32.73527778,209.4
"8807","201603017170",2016-10-13,-117.83166667,32.72194444,538.3
"8808","201603017171",2016-10-13,-117.80722222,32.71194444,426.5
"8809","201603017172",2016-10-14,-117.87611111,32.86361111,508.6
"8810","201603017173",2016-10-14,-117.38666667,33.00388889,471.9
"8811","201603017175",2016-10-15,-118.71361111,33.98916667,81.8
"8812","201603017176",2016-10-15,-118.52333333,33.89583333,60.3
"8813","201603017180",2016-10-16,-118.64222222,33.55333333,531.4
"8814","201603017181",2016-10-16,-118.25555556,33.53583333,737.4
"8815","201603017182",2016-10-16,-118.19472222,33.44888889,700
"8816","201603017183",2016-10-17,-118.05583333,33.57361111,171.4
"8817","201603020002",2016-05-21,-124.86555556,45.07444444,685.3
"8818","201603020003",2016-05-21,-124.68666667,45.16833333,545.9
"8819","201603020004",2016-05-21,-124.56805556,45.09916667,352.3
"8820","201603020005",2016-05-22,-124.825,45.51111111,887
"8821","201603020006",2016-05-22,-124.70722222,45.56222222,453.9
"8822","201603020007",2016-05-22,-124.59555556,45.60277778,374.7
"8823","201603020008",2016-05-22,-124.5325,45.65916667,218.9
"8824","201603020009",2016-05-22,-124.63666667,45.80861111,213
"8825","201603020010",2016-05-23,-124.57888889,45.82361111,165.6
"8826","201603020011",2016-05-23,-124.52194444,46.00638889,153.8
"8827","201603020012",2016-05-23,-124.68555556,46.15333333,347.1
"8828","201603020013",2016-05-23,-124.55138889,46.29722222,140.8
"8829","201603020014",2016-05-23,-124.61722222,46.43527778,950.4
"8830","201603020015",2016-05-24,-125.19416667,46.77111111,1042
"8831","201603020016",2016-05-24,-125.00027778,46.92805556,407
"8832","201603020017",2016-05-24,-124.96277778,47.20444444,414.2
"8833","201603020018",2016-05-24,-125.22138889,47.59777778,665.6
"8834","201603020019",2016-05-25,-125.59138889,47.89027778,574.8
"8835","201603020020",2016-05-25,-125.43777778,48.24111111,125
"8836","201603020022",2016-05-25,-125.41666667,48.30222222,133.3
"8837","201603020024",2016-05-26,-125.25833333,48.13027778,288.6
"8838","201603020025",2016-05-26,-125.33111111,47.83722222,574.5
"8839","201603020026",2016-05-26,-125.33444444,47.81055556,636.3
"8840","201603020027",2016-05-26,-125.05111111,47.82277778,153.6
"8841","201603020028",2016-05-26,-124.97083333,47.57472222,181.1
"8842","201603020029",2016-05-27,-124.83194444,47.19694444,149.7
"8843","201603020030",2016-05-27,-124.58444444,47.23222222,78.1
"8844","201603020031",2016-05-27,-124.59944444,47.16916667,81.9
"8845","201603020032",2016-05-28,-124.49777778,46.89722222,85.3
"8846","201603020033",2016-05-28,-124.63722222,46.91888889,111.7
"8847","201603020034",2016-05-28,-124.71805556,46.85583333,139
"8848","201603020035",2016-05-28,-124.76388889,46.85388889,154
"8849","201603020036",2016-05-29,-124.31805556,46.02722222,122
"8850","201603020037",2016-05-29,-124.31555556,45.99361111,128.5
"8851","201603020038",2016-05-29,-124.25805556,45.89027778,123.1
"8852","201603020039",2016-05-29,-124.16833333,45.58361111,111.9
"8853","201603020040",2016-05-29,-124.11388889,45.5175,95.2
"8854","201603020041",2016-05-29,-124.05777778,45.33083333,71.7
"8855","201603020042",2016-05-30,-124.08138889,45.15944444,75.8
"8856","201603020044",2016-05-30,-124.43527778,44.96888889,278.8
"8857","201603020046",2016-06-03,-125.12361111,44.60972222,875.1
"8858","201603020047",2016-06-03,-124.9325,44.67416667,665.3
"8859","201603020048",2016-06-03,-124.89416667,44.74472222,585.2
"8860","201603020049",2016-06-03,-124.82444444,44.85305556,366
"8861","201603020050",2016-06-03,-124.73972222,44.7925,342.2
"8862","201603020051",2016-06-04,-124.52861111,44.70694444,143.6
"8863","201603020052",2016-06-04,-124.63083333,44.63888889,258
"8864","201603020053",2016-06-04,-124.76694444,44.54833333,357.2
"8865","201603020054",2016-06-04,-124.88194444,44.44305556,377.7
"8866","201603020055",2016-06-05,-124.94777778,44.30166667,590
"8867","201603020056",2016-06-05,-124.76833333,44.33444444,145.3
"8868","201603020057",2016-06-05,-124.56555556,44.31444444,95.1
"8869","201603020058",2016-06-05,-124.46555556,44.2,103.7
"8870","201603020059",2016-06-05,-124.40222222,43.98138889,120.7
"8871","201603020060",2016-06-05,-124.26472222,43.94777778,87.9
"8872","201603020061",2016-06-05,-124.37166667,43.91305556,117
"8873","201603020062",2016-06-06,-124.26444444,43.70333333,85.4
"8874","201603020063",2016-06-06,-124.32972222,43.81,107.7
"8875","201603020064",2016-06-06,-124.57888889,43.51944444,191.7
"8876","201603020065",2016-06-07,-124.70694444,43.82194444,399.9
"8877","201603020066",2016-06-07,-124.8775,43.90055556,294.9
"8878","201603020067",2016-06-07,-125.01916667,43.89861111,922.7
"8879","201603020068",2016-06-07,-124.67694444,43.58472222,432.1
"8880","201603020069",2016-06-08,-124.98944444,43.49,1132.9
"8881","201603020070",2016-06-08,-124.86027778,43.36416667,663.1
"8882","201603020071",2016-06-08,-124.73111111,43.22583333,244.6
"8883","201603020072",2016-06-08,-124.74888889,43.15972222,296.5
"8884","201603020073",2016-06-08,-124.85527778,43.17305556,300.3
"8885","201603020074",2016-06-08,-124.92166667,43.18805556,648.5
"8886","201603020075",2016-06-09,-124.95805556,42.87888889,788.5
"8887","201603020076",2016-06-09,-124.77583333,42.96,157
"8888","201603020077",2016-06-09,-124.635,42.93333333,89.8
"8889","201603020078",2016-06-09,-124.67833333,42.77722222,122.2
"8890","201603020079",2016-06-09,-124.60277778,42.53194444,97.4
"8891","201603020080",2016-06-10,-124.54583333,42.22305556,148.7
"8892","201603020081",2016-06-10,-124.63166667,42.25833333,298
"8893","201603020082",2016-06-10,-124.60305556,42.19916667,251.2
"8894","201603020083",2016-06-10,-124.71222222,42.19611111,546.8
"8895","201603020084",2016-06-11,-124.91055556,42.1075,1065.6
"8896","201603020085",2016-06-11,-124.84277778,41.83944444,827.3
"8897","201603020086",2016-06-11,-124.54944444,41.95166667,156.9
"8898","201603020087",2016-06-16,-124.4875,42.06527778,112.6
"8899","201603020088",2016-06-16,-124.38777778,41.76805556,103
"8900","201603020089",2016-06-16,-124.39388889,41.565,106.3
"8901","201603020090",2016-06-16,-124.43277778,41.37222222,162.8
"8902","201603020091",2016-06-16,-124.30138889,41.3575,90.6
"8903","201603020092",2016-06-16,-124.28722222,41.26805556,97.5
"8904","201603020093",2016-06-17,-124.84027778,41.43305556,943.5
"8905","201603020094",2016-06-17,-124.83694444,41.21361111,1167
"8906","201603020095",2016-06-17,-124.60583333,41.06388889,817.5
"8907","201603020096",2016-06-17,-124.5075,41.09305556,763.4
"8908","201603020097",2016-06-17,-124.4575,41.105,633.5
"8909","201603020098",2016-06-18,-124.2625,41.0375,78.5
"8910","201603020099",2016-06-18,-124.5325,41.01111111,600.7
"8911","201603020100",2016-06-18,-124.39666667,40.87638889,169.4
"8912","201603020101",2016-06-18,-124.4925,40.87527778,447.4
"8913","201603020102",2016-06-18,-124.73194444,40.71055556,1075.5
"8914","201603020104",2016-06-19,-124.55972222,40.47305556,84.8
"8915","201603020105",2016-06-19,-125.0425,40.11888889,1219.9
"8916","201603020106",2016-06-19,-124.595,39.94472222,1115.1
"8917","201603020107",2016-06-19,-124.3975,40.04083333,770.4
"8918","201603020108",2016-06-20,-124.19527778,39.86694444,766
"8919","201603020109",2016-06-20,-123.94333333,39.77611111,134.1
"8920","201603020110",2016-06-20,-123.91472222,39.57694444,136.5
"8921","201603020111",2016-06-20,-124.00666667,39.3375,463.9
"8922","201603020112",2016-06-20,-123.86638889,39.27944444,118.5
"8923","201603020113",2016-06-21,-123.90388889,39.20416667,130.9
"8924","201603020114",2016-06-21,-123.89833333,38.84888889,228.8
"8925","201603020115",2016-06-21,-123.72722222,38.48611111,928.1
"8926","201603020117",2016-06-22,-123.26166667,38.46388889,77.6
"8927","201603020118",2016-06-22,-123.24777778,38.43555556,85.8
"8928","201603020119",2016-06-23,-123.27555556,38.34694444,104.9
"8929","201603020120",2016-06-23,-123.17416667,38.3025,90.4
"8930","201603020121",2016-06-23,-123.07055556,38.14166667,75.7
"8931","201603020122",2016-06-29,-122.89722222,37.33361111,276.6
"8932","201603020123",2016-06-29,-122.96277778,37.27694444,469.9
"8933","201603020124",2016-06-29,-122.98805556,37.275,534.1
"8934","201603020125",2016-06-29,-122.80611111,37.23722222,212.8
"8935","201603020126",2016-06-29,-122.68888889,37.06666667,367.4
"8936","201603020127",2016-06-30,-122.50638889,37.025,123.9
"8937","201603020128",2016-06-30,-122.23972222,36.91166667,105.9
"8938","201603020129",2016-06-30,-122.14555556,36.68138889,1040.3
"8939","201603020130",2016-06-30,-122.2075,36.25055556,917.9
"8940","201603020131",2016-07-01,-121.69361111,36.07666667,573.9
"8941","201603020132",2016-07-01,-121.94166667,35.70527778,1108.6
"8942","201603020133",2016-07-01,-122.05138889,35.68416667,1140.2
"8943","201603020134",2016-07-01,-121.89166667,35.53722222,1016.8
"8944","201603020135",2016-07-02,-121.52333333,35.64444444,641.6
"8945","201603020136",2016-07-02,-121.41194444,35.59694444,473.8
"8946","201603020137",2016-07-02,-121.13138889,35.41666667,284.3
"8947","201603020138",2016-07-02,-121.21,35.37916667,390.3
"8948","201603020139",2016-07-02,-120.94944444,35.36305556,84.3
"8949","201603020140",2016-07-03,-121.05,35.33694444,211.2
"8950","201603020141",2016-07-03,-121.15388889,35.26277778,479.2
"8951","201603020142",2016-07-03,-121.24416667,35.16694444,593.3
"8952","201603020143",2016-07-03,-121.30472222,35.11166667,628.3
"8953","201603020144",2016-07-03,-121.42916667,35.12944444,521.5
"8954","201603020145",2016-07-03,-121.31583333,35.05722222,626.2
"8955","201603020146",2016-07-04,-121.36,35.00138889,453.4
"8956","201603020147",2016-07-04,-121.18305556,34.59138889,851
"8957","201603020148",2016-07-04,-120.90694444,34.78166667,243.1
"8958","201603020149",2016-07-04,-120.87361111,34.81333333,199.1
"8959","201603020150",2016-07-04,-120.74166667,34.96305556,60.2
"8960","201603020151",2016-07-05,-120.7575,34.70722222,82
"8961","201603020152",2016-07-05,-120.73972222,34.63694444,75.7
"8962","201603020153",2016-07-05,-120.62555556,34.40666667,319.7
"8963","201603020154",2016-07-05,-120.53944444,34.23638889,505.5
"8964","201603020155",2016-07-05,-120.24277778,34.165,475.8
"8965","201603020156",2016-07-05,-120.35333333,34.3075,354.9
"8966","201603020157",2016-07-06,-120.41444444,34.36361111,241.2
"8967","201603020158",2016-07-06,-120.23333333,34.35388889,390.3
"8968","201603020159",2016-07-06,-120.11555556,34.37222222,405.2
"8969","201603020160",2016-07-06,-119.64805556,34.20138889,183.5
"8970","201603020161",2016-07-07,-119.63805556,34.25361111,138
"8971","201603020162",2016-07-11,-119.61666667,34.07916667,92.3
"8972","201603020163",2016-07-11,-119.97888889,34.11361111,104.4
"8973","201603020164",2016-07-11,-120.06611111,34.125,392.9
"8974","201603020166",2016-07-11,-120.19666667,34.08416667,80.8
"8975","201603020167",2016-07-11,-120.27472222,33.97944444,65.4
"8976","201603020168",2016-07-12,-120.55833333,34.02222222,453.8
"8977","201603020169",2016-07-12,-120.31055556,33.87027778,518.1
"8978","201603020170",2016-07-12,-120.25666667,33.84972222,519.2
"8979","201603020172",2016-07-12,-119.96472222,33.76166667,194.3
"8980","201603020173",2016-07-12,-119.98666667,33.63666667,196.7
"8981","201603020174",2016-07-13,-120.62888889,33.6225,1204.2
"8982","201603020175",2016-07-13,-120.665,33.5425,1058.6
"8983","201603020176",2016-07-13,-120.57944444,33.42083333,1137.4
"8984","201603020177",2016-07-13,-120.53888889,33.25111111,1229.3
"8985","201603020178",2016-07-13,-120.44527778,33.24666667,1008.9
"8986","201603020180",2016-07-14,-120.23472222,33.34611111,1045.8
"8987","201603020181",2016-07-14,-120.34861111,33.14694444,530.4
"8988","201603020182",2016-07-14,-120.06722222,32.73277778,513.8
"8989","201603020183",2016-07-15,-119.01472222,32.25861111,1055.6
"8990","201603020185",2016-07-16,-117.59222222,32.92833333,882.4
"8991","201603020186",2016-07-16,-117.62,33.16222222,776.1
"8992","201603020187",2016-07-16,-118.36916667,33.26888889,1010.8
"8993","201603020188",2016-07-16,-118.255,33.22694444,925.3
"8994","201603020190",2016-07-17,-118.55694444,33.765,652.7
"8995","201603020191",2016-07-17,-118.625,33.97916667,143.6
"8996","201603020193",2016-07-17,-118.45944444,33.76583333,88
"8997","201603020194",2016-07-18,-117.76472222,33.48333333,68.2
"8998","201703008001",2017-05-20,-124.29611111,45.12444444,186.5
"8999","201703008002",2017-05-20,-124.44416667,45.07111111,333.6
"9000","201703008003",2017-05-20,-124.32611111,45.15861111,228.4
"9001","201703008005",2017-05-20,-124.19916667,45.15611111,144.8
"9002","201703008006",2017-05-20,-124.28722222,45.15694444,186.5
"9003","201703008007",2017-05-21,-124.74138889,45.86722222,388.7
"9004","201703008008",2017-05-21,-124.91138889,46.02611111,964.4
"9005","201703008009",2017-05-21,-124.85666667,46.14166667,1223.9
"9006","201703008010",2017-05-22,-124.71555556,47.29555556,121.2
"9007","201703008011",2017-05-22,-124.70666667,47.35638889,115
"9008","201703008012",2017-05-22,-124.84861111,47.47638889,167.3
"9009","201703008013",2017-05-22,-124.95472222,47.72583333,127
"9010","201703008014",2017-05-22,-124.85777778,47.72666667,103.1
"9011","201703008015",2017-05-23,-124.85222222,48.42861111,327.4
"9012","201703008016",2017-05-23,-124.98611111,48.44444444,124.8
"9013","201703008017",2017-05-23,-125.20805556,48.39611111,180.7
"9014","201703008018",2017-05-23,-125.29555556,48.12416667,251.3
"9015","201703008020",2017-05-23,-125.56277778,47.99555556,179.5
"9016","201703008021",2017-05-23,-125.87833333,48.02638889,1057.6
"9017","201703008022",2017-05-24,-125.62555556,47.30416667,990.3
"9018","201703008023",2017-05-24,-125.26388889,47.4625,987.6
"9019","201703008024",2017-05-24,-124.86361111,46.85111111,172.7
"9020","201703008025",2017-05-24,-124.96916667,46.69472222,910.6
"9021","201703008026",2017-05-25,-124.40583333,46.94388889,59
"9022","201703008027",2017-05-25,-124.36472222,46.72083333,72.8
"9023","201703008028",2017-05-25,-124.43583333,46.58888889,103.7
"9024","201703008029",2017-05-25,-124.50444444,46.53277778,163.9
"9025","201703008030",2017-05-26,-124.37027778,46.56138889,81.2
"9026","201703008031",2017-05-26,-124.36,46.68916667,74.4
"9027","201703008032",2017-05-26,-124.78583333,46.70583333,201.5
"9028","201703008033",2017-05-26,-124.58361111,46.57638889,217.1
"9029","201703008034",2017-05-26,-124.39638889,46.25,183.3
"9030","201703008035",2017-05-27,-124.13611111,45.8875,88.1
"9031","201703008036",2017-05-27,-124.27861111,45.86111111,131.6
"9032","201703008037",2017-05-27,-124.31833333,45.92472222,135.4
"9033","201703008038",2017-05-27,-124.62138889,45.92972222,156.4
"9034","201703008039",2017-05-27,-124.64083333,45.7025,246
"9035","201703008040",2017-05-28,-124.21111111,45.49611111,136.4
"9036","201703008041",2017-05-28,-124.40083333,45.5625,187.6
"9037","201703008042",2017-05-28,-124.61055556,45.50805556,455.4
"9038","201703008043",2017-05-28,-124.85805556,45.42583333,935.9
"9039","201703008044",2017-05-28,-124.95888889,45.33805556,1151
"9040","201703008045",2017-05-28,-124.50972222,45.23361111,424.3
"9041","201703008046",2017-05-29,-124.53638889,45.12972222,337.3
"9042","201703008047",2017-06-02,-124.30833333,44.80861111,124.8
"9043","201703008048",2017-06-02,-124.5425,44.84027778,246
"9044","201703008049",2017-06-02,-124.91583333,44.89277778,372.5
"9045","201703008050",2017-06-02,-125.15666667,44.68555556,972.6
"9046","201703008051",2017-06-03,-124.38194444,44.65083333,85.3
"9047","201703008052",2017-06-03,-124.58166667,44.67305556,187.9
"9048","201703008053",2017-06-03,-124.615,44.77388889,302.8
"9049","201703008054",2017-06-03,-124.76222222,44.73583333,392.7
"9050","201703008055",2017-06-03,-124.70888889,44.64861111,197.6
"9051","201703008056",2017-06-03,-124.68916667,44.54111111,321.7
"9052","201703008057",2017-06-04,-124.50333333,44.43611111,89.1
"9053","201703008058",2017-06-04,-124.36861111,44.45583333,71.9
"9054","201703008059",2017-06-04,-124.73277778,44.46777778,154.1
"9055","201703008060",2017-06-05,-125.0125,44.41972222,715.7
"9056","201703008061",2017-06-05,-124.94138889,44.35,603.8
"9057","201703008062",2017-06-05,-124.73972222,44.11166667,117.5
"9058","201703008063",2017-06-05,-124.43083333,44.13944444,107.2
"9059","201703008064",2017-06-05,-124.35472222,44.30277778,82.8
"9060","201703008065",2017-06-06,-124.22194444,44.17027778,64.3
"9061","201703008066",2017-06-06,-124.38222222,44.11361111,103.2
"9062","201703008067",2017-06-06,-124.38416667,44.01388889,118.1
"9063","201703008068",2017-06-06,-124.53027778,43.81083333,162.4
"9064","201703008069",2017-06-06,-124.41805556,43.6475,120.4
"9065","201703008070",2017-06-06,-124.82194444,43.51638889,647.9
"9066","201703008071",2017-06-07,-124.86,43.28944444,415.3
"9067","201703008072",2017-06-07,-124.72805556,43.18972222,243
"9068","201703008073",2017-06-08,-124.53194444,43.05583333,80.4
"9069","201703008074",2017-06-08,-124.52833333,42.97388889,60
"9070","201703008075",2017-06-09,-124.68111111,42.62138889,156.9
"9071","201703008076",2017-06-09,-124.52055556,42.55694444,66.8
"9072","201703008077",2017-06-09,-124.59805556,42.39361111,102.7
"9073","201703008078",2017-06-09,-124.815,42.26861111,593
"9074","201703008079",2017-06-09,-124.5425,42.12777778,139.6
"9075","201703008080",2017-06-10,-124.83666667,42.01638889,905
"9076","201703008081",2017-06-10,-124.94305556,42.00027778,1006.8
"9077","201703008082",2017-06-10,-124.88055556,41.86666667,829.1
"9078","201703008083",2017-06-10,-125.03027778,41.72472222,1242.4
"9079","201703008084",2017-06-10,-124.74444444,41.86638889,701.8
"9080","201703008085",2017-06-11,-124.39277778,41.8725,62.6
"9081","201703008086",2017-06-15,-124.29361111,41.51777778,72.8
"9082","201703008087",2017-06-15,-124.35444444,41.39527778,97.5
"9083","201703008088",2017-06-15,-124.89222222,41.44027778,825.1
"9084","201703008089",2017-06-15,-124.89166667,41.34388889,1123.2
"9085","201703008090",2017-06-16,-124.27888889,40.93388889,79
"9086","201703008091",2017-06-16,-124.38805556,41.03583333,241.1
"9087","201703008092",2017-06-16,-124.4625,40.97111111,424.6
"9088","201703008093",2017-06-16,-124.64666667,40.93694444,642
"9089","201703008094",2017-06-16,-124.72527778,40.81722222,1161.6
"9090","201703008095",2017-06-17,-124.57361111,40.50583333,99.9
"9091","201703008096",2017-06-17,-124.53555556,40.39277778,207.4
"9092","201703008097",2017-06-17,-124.63638889,40.29,603.6
"9093","201703008098",2017-06-17,-124.815,40.18194444,889.3
"9094","201703008099",2017-06-17,-124.65583333,40.08472222,886.9
"9095","201703008100",2017-06-17,-124.6125,40.04277778,926.7
"9096","201703008103",2017-06-18,-124.48416667,40.21055556,242.7
"9097","201703008104",2017-06-18,-123.93888889,39.76833333,133.7
"9098","201703008105",2017-06-19,-123.89111111,39.10388889,121.9
"9099","201703008106",2017-06-19,-123.96111111,39.0775,310.7
"9100","201703008107",2017-06-19,-123.79694444,39.08194444,91.6
"9101","201703008108",2017-06-19,-123.82388889,38.9425,107.4
"9102","201703008109",2017-06-19,-123.82861111,38.80083333,139.6
"9103","201703008110",2017-06-19,-123.82638889,38.66611111,824.6
"9104","201703008111",2017-06-19,-123.63694444,38.64333333,141.3
"9105","201703008112",2017-06-19,-123.64,38.5325,209
"9106","201703008113",2017-06-22,-123.16055556,38.22333333,93.3
"9107","201703008114",2017-06-22,-123.14333333,38.20361111,90.2
"9108","201703008115",2017-06-22,-123.20194444,37.965,104.4
"9109","201703008116",2017-06-22,-123.10555556,37.90083333,93.9
"9110","201703008117",2017-06-23,-123.03916667,37.38833333,677.8
"9111","201703008118",2017-06-27,-122.44861111,37.15277778,69.5
"9112","201703008119",2017-06-27,-122.5075,37.06111111,115.2
"9113","201703008120",2017-06-27,-122.65555556,37.03805556,348.6
"9114","201703008121",2017-06-27,-122.52555556,37.05611111,119.2
"9115","201703008122",2017-06-27,-122.24888889,36.88888889,324.7
"9116","201703008123",2017-06-28,-121.90166667,36.73972222,91.2
"9117","201703008124",2017-06-28,-121.995,36.65861111,109.2
"9118","201703008125",2017-06-28,-122.3425,36.38861111,1150.8
"9119","201703008126",2017-06-28,-121.92833333,36.23944444,145.5
"9120","201703008127",2017-06-29,-121.93027778,35.93611111,1231
"9121","201703008128",2017-06-29,-121.87444444,35.75972222,1121.9
"9122","201703008129",2017-06-29,-121.62805556,35.36444444,1055.7
"9123","201703008130",2017-06-29,-121.51222222,35.295,818.8
"9124","201703008131",2017-06-29,-121.39166667,35.29888889,753.4
"9125","201703008132",2017-06-30,-121.36722222,35.66694444,103.3
"9126","201703008133",2017-06-30,-121.155,35.26555556,478.6
"9127","201703008135",2017-06-30,-121.17444444,35.29333333,464.4
"9128","201703008136",2017-06-30,-121.19472222,35.3275,443.2
"9129","201703008137",2017-07-01,-121.05944444,35.41083333,199.7
"9130","201703008138",2017-07-01,-121.15138889,35.18916667,546.3
"9131","201703008139",2017-07-01,-120.76305556,35.075,66.6
"9132","201703008140",2017-07-02,-120.78333333,34.77666667,98.1
"9133","201703008141",2017-07-02,-120.81638889,34.80722222,124
"9134","201703008142",2017-07-02,-120.87361111,34.84333333,197.7
"9135","201703008143",2017-07-02,-120.89027778,34.84944444,216.4
"9136","201703008144",2017-07-02,-121.30166667,35.08111111,623.2
"9137","201703008145",2017-07-02,-121.28694444,34.89277778,463
"9138","201703008146",2017-07-03,-121.39722222,34.72305556,613.8
"9139","201703008147",2017-07-03,-121.22,34.68833333,587.7
"9140","201703008148",2017-07-03,-121.24861111,34.62861111,826.9
"9141","201703008149",2017-07-03,-120.81444444,34.27444444,778.2
"9142","201703008150",2017-07-04,-120.52416667,34.24444444,502.4
"9143","201703008151",2017-07-04,-120.40388889,34.21444444,468.9
"9144","201703008152",2017-07-04,-120.13111111,34.21527778,563.4
"9145","201703008153",2017-07-04,-120.15,34.33583333,491.4
"9146","201703008154",2017-07-04,-120.03416667,34.39888889,96.9
"9147","201703008155",2017-07-05,-120.15277778,34.07972222,85.3
"9148","201703008156",2017-07-05,-120.33027778,33.95305556,105.9
"9149","201703008157",2017-07-05,-120.21055556,33.84361111,413.9
"9150","201703008158",2017-07-05,-120.19833333,33.88083333,301.3
"9151","201703008159",2017-07-05,-120.01194444,33.86694444,75.7
"9152","201703008160",2017-07-06,-119.51111111,34.26972222,75.7
"9153","201703008161",2017-07-10,-119.5175,34.14527778,237.1
"9154","201703008162",2017-07-10,-119.64388889,34.05277778,88.2
"9155","201703008163",2017-07-10,-119.50027778,34.08833333,187.6
"9156","201703008165",2017-07-10,-119.39583333,33.87444444,684.7
"9157","201703008166",2017-07-10,-119.87888889,33.76222222,129.9
"9158","201703008167",2017-07-11,-120.08388889,32.81138889,497.2
"9159","201703008168",2017-07-11,-119.94138889,32.78916667,1166.2
"9160","201703008169",2017-07-11,-119.63666667,32.78972222,1164.1
"9161","201703008170",2017-07-11,-119.65888889,32.58583333,895.7
"9162","201703008171",2017-07-11,-119.67388889,32.58805556,842
"9163","201703008172",2017-07-12,-118.70833333,32.93888889,1211.6
"9164","201703008174",2017-07-12,-118.68361111,33.04722222,349
"9165","201703008175",2017-07-12,-118.35444444,33.04472222,836.8
"9166","201703008176",2017-07-12,-118.33638889,32.99472222,1053.9
"9167","201703008177",2017-07-12,-118.32,32.70527778,977.3
"9168","201703008178",2017-07-13,-117.835,32.86583333,1033.1
"9169","201703008179",2017-07-13,-117.4075,32.655,330.2
"9170","201703008180",2017-07-14,-117.42194444,33.07861111,436.3
"9171","201703008181",2017-07-14,-117.57055556,33.07388889,717
"9172","201703008182",2017-07-14,-117.64805556,33.20527778,797.6
"9173","201703008183",2017-07-14,-117.52111111,33.24222222,83.9
"9174","201703008184",2017-07-14,-117.76222222,33.47055556,82.3
"9175","201703008185",2017-07-15,-118.19222222,33.15194444,1064.8
"9176","201703008186",2017-07-16,-118.73,33.53694444,384.8
"9177","201703008187",2017-07-16,-118.69138889,33.67916667,807.3
"9178","201703008188",2017-07-16,-118.55722222,33.83166667,166.1
"9179","201703008189",2017-07-17,-118.04388889,33.57527778,135.8
"9180","201703010002",2017-08-20,-124.9975,45.08111111,1133.2
"9181","201703010003",2017-08-20,-124.79361111,45.0475,587.3
"9182","201703010004",2017-08-20,-124.69555556,45.09166667,292.7
"9183","201703010005",2017-08-21,-124.36833333,45.15222222,334.8
"9184","201703010006",2017-08-21,-124.19194444,45.12055556,133.2
"9185","201703010007",2017-08-21,-124.63638889,45.31916667,457.7
"9186","201703010009",2017-08-22,-124.40138889,46.58222222,88.4
"9187","201703010010",2017-08-22,-124.62555556,46.65944444,134.3
"9188","201703010011",2017-08-22,-124.90194444,46.77166667,500.5
"9189","201703010012",2017-08-22,-124.99944444,46.81555556,616.4
"9190","201703010013",2017-08-22,-124.78694444,47.02055556,140
"9191","201703010014",2017-08-23,-125.34944444,47.77916667,801.3
"9192","201703010015",2017-08-23,-125.32027778,47.81916667,583.1
"9193","201703010017",2017-08-23,-125.42138889,47.83,967.9
"9194","201703010018",2017-08-23,-125.50722222,47.77555556,905.3
"9195","201703010019",2017-08-24,-125.75638889,47.98638889,979.8
"9196","201703010021",2017-08-24,-125.32972222,48.11777778,141.4
"9197","201703010022",2017-08-24,-125.1525,48.31777778,124.5
"9198","201703010023",2017-08-24,-125.03222222,48.355,242.1
"9199","201703010024",2017-08-25,-124.82555556,48.37805556,180.4
"9200","201703010025",2017-08-25,-124.755,48.37027778,64.9
"9201","201703010026",2017-08-25,-124.98583333,47.93805556,113.8
"9202","201703010027",2017-08-25,-125.02666667,47.90694444,124
"9203","201703010028",2017-08-25,-124.73694444,47.72611111,69.8
"9204","201703010029",2017-08-26,-124.72055556,47.44083333,106.3
"9205","201703010030",2017-08-26,-124.79861111,47.29305556,170.2
"9206","201703010031",2017-08-26,-124.63,47.23055556,89.8
"9207","201703010032",2017-08-26,-124.92444444,47.09694444,162.8
"9208","201703010033",2017-08-27,-124.89027778,47.0675,157
"9209","201703010034",2017-08-27,-124.72138889,47.02222222,118.9
"9210","201703010035",2017-08-27,-124.45833333,46.96777778,70.3
"9211","201703010036",2017-08-27,-124.54666667,46.86305556,99.3
"9212","201703010038",2017-08-28,-124.26361111,46.16,96.7
"9213","201703010039",2017-08-28,-124.27055556,46.13361111,97
"9214","201703010040",2017-09-01,-124.35138889,46.19166667,116.5
"9215","201703010041",2017-09-01,-124.20833333,46.19111111,66.1
"9216","201703010042",2017-09-01,-124.30166667,46.12666667,106.3
"9217","201703010043",2017-09-01,-124.23666667,46.06472222,96.2
"9218","201703010044",2017-09-01,-124.35444444,45.92305556,143.2
"9219","201703010045",2017-09-01,-124.37305556,45.80444444,150.4
"9220","201703010046",2017-09-01,-124.30527778,45.73638889,146.4
"9221","201703010048",2017-09-02,-124.68611111,46.13416667,480.9
"9222","201703010049",2017-09-02,-124.68527778,46.15083333,301.7
"9223","201703010050",2017-09-02,-124.64111111,45.96833333,191
"9224","201703010051",2017-09-02,-124.70666667,45.73638889,237.1
"9225","201703010052",2017-09-03,-125.15416667,45.60805556,715.2
"9226","201703010053",2017-09-03,-124.78361111,45.71944444,600.9
"9227","201703010054",2017-09-03,-124.50888889,45.68694444,199.9
"9228","201703010055",2017-09-03,-124.59055556,45.64444444,296.9
"9229","201703010056",2017-09-03,-124.74527778,45.4725,547.6
"9230","201703010057",2017-09-04,-124.8325,45.47166667,962.6
"9231","201703010058",2017-09-04,-124.92694444,45.24277778,1000.1
"9232","201703010059",2017-09-04,-124.61416667,45.0775,439.1
"9233","201703010060",2017-09-04,-124.40777778,45.01138889,264.3
"9234","201703010061",2017-09-04,-124.47777778,44.84611111,182.6
"9235","201703010062",2017-09-05,-124.20055556,44.83333333,90.8
"9236","201703010063",2017-09-05,-124.34,44.44805556,74.2
"9237","201703010064",2017-09-05,-124.255,44.21777778,72.6
"9238","201703010065",2017-09-06,-124.87055556,44.415,476.2
"9239","201703010066",2017-09-06,-124.82555556,44.25416667,132.6
"9240","201703010067",2017-09-06,-124.50388889,44.21666667,104.6
"9241","201703010068",2017-09-06,-124.46583333,44.02194444,128.2
"9242","201703010069",2017-09-06,-124.26611111,44.06694444,77.1
"9243","201703010070",2017-09-07,-124.22666667,43.95305556,67.2
"9244","201703010071",2017-09-07,-124.28611111,43.85388889,101.8
"9245","201703010072",2017-09-07,-124.35583333,43.75277778,111.3
"9246","201703010073",2017-09-07,-124.53888889,43.73861111,179.5
"9247","201703010074",2017-09-07,-124.58888889,43.80888889,224.9
"9248","201703010075",2017-09-07,-124.82083333,43.78888889,513.7
"9249","201703010076",2017-09-08,-124.81722222,43.93722222,146.5
"9250","201703010077",2017-09-08,-125.04916667,43.87805556,1076.3
"9251","201703010078",2017-09-08,-125.09888889,43.56972222,1110.8
"9252","201703010079",2017-09-09,-124.48694444,43.37805556,104.9
"9253","201703010080",2017-09-13,-124.83916667,43.12222222,275.9
"9254","201703010081",2017-09-13,-124.88972222,43.06055556,379.5
"9255","201703010082",2017-09-13,-124.87472222,42.85055556,334.3
"9256","201703010083",2017-09-13,-124.75555556,42.72555556,483.3
"9257","201703010084",2017-09-13,-124.60916667,42.88638889,59.7
"9258","201703010085",2017-09-14,-124.685,42.31611111,375.9
"9259","201703010086",2017-09-14,-124.9125,42.30944444,1032.9
"9260","201703010087",2017-09-14,-124.81055556,42.13138889,690.8
"9261","201703010088",2017-09-14,-124.48166667,42.0975,113.5
"9262","201703010089",2017-09-15,-124.58055556,42.00916667,168.8
"9263","201703010090",2017-09-15,-124.42194444,41.9375,81.6
"9264","201703010091",2017-09-15,-124.92555556,41.94472222,931.7
"9265","201703010092",2017-09-15,-125.04305556,41.86027778,1035.6
"9266","201703010093",2017-09-16,-124.93972222,41.73916667,1001.5
"9267","201703010094",2017-09-16,-124.90194444,41.70916667,808.8
"9268","201703010095",2017-09-16,-124.82833333,41.67333333,876.6
"9269","201703010096",2017-09-16,-124.58277778,41.76527778,571.1
"9270","201703010097",2017-09-17,-124.37861111,41.53444444,100
"9271","201703010098",2017-09-17,-124.86194444,41.51972222,937.1
"9272","201703010099",2017-09-17,-124.845,41.35444444,1022
"9273","201703010100",2017-09-17,-124.73055556,41.20944444,1206
"9274","201703010101",2017-09-18,-124.24888889,40.09888889,136.5
"9275","201703010102",2017-09-18,-124.43944444,39.98916667,1057.1
"9276","201703010103",2017-09-18,-124.09027778,39.78194444,386.5
"9277","201703010104",2017-09-19,-123.98055556,39.24972222,342.3
"9278","201703010105",2017-09-19,-124.16833333,39.26111111,982.2
"9279","201703010106",2017-09-19,-124.17666667,39.12638889,1200
"9280","201703010107",2017-09-19,-123.86388889,38.85027778,136.1
"9281","201703010108",2017-09-20,-123.61722222,38.77722222,71.4
"9282","201703010109",2017-09-20,-123.72972222,38.57611111,533.7
"9283","201703010110",2017-09-20,-123.42805556,38.34972222,154.3
"9284","201703010111",2017-09-20,-123.53527778,38.28527778,326.4
"9285","201703010112",2017-09-20,-123.54638889,38.25416667,486.9
"9286","201703010113",2017-09-21,-123.28361111,38.24444444,114
"9287","201703010114",2017-09-21,-123.22138889,38.2125,103.6
"9288","201703010115",2017-09-21,-123.19361111,38.21527778,99.6
"9289","201703010116",2017-09-22,-123.07111111,37.89916667,89
"9290","201703010117",2017-09-26,-122.73583333,37.46666667,82.3
"9291","201703010118",2017-09-26,-122.91833333,37.41361111,257.4
"9292","201703010119",2017-09-26,-122.77861111,37.30722222,122
"9293","201703010120",2017-09-26,-122.68972222,37.07638889,353.5
"9294","201703010121",2017-09-26,-122.44583333,37.06027778,105.7
"9295","201703010123",2017-09-27,-122.48444444,36.93972222,508.8
"9296","201703010124",2017-09-27,-122.29194444,36.94833333,107.8
"9297","201703010125",2017-09-27,-122.2325,36.80666667,681
"9298","201703010126",2017-09-27,-122.18972222,36.84333333,370.9
"9299","201703010127",2017-09-28,-122.01555556,36.62166667,133.3
"9300","201703010128",2017-09-28,-122.28444444,36.26722222,1089.9
"9301","201703010129",2017-09-28,-122.06305556,36.21416667,720.7
"9302","201703010130",2017-09-29,-121.95111111,35.51138889,1229.8
"9303","201703010131",2017-09-29,-121.68833333,35.54555556,937.8
"9304","201703010132",2017-09-29,-121.48944444,35.70166667,517
"9305","201703010133",2017-09-29,-121.47611111,35.66416667,541.3
"9306","201703010134",2017-09-30,-121.43861111,35.5925,550.1
"9307","201703010135",2017-09-30,-121.26861111,35.29111111,564.2
"9308","201703010136",2017-09-30,-121.16833333,35.355,370.2
"9309","201703010137",2017-09-30,-121.11861111,35.35694444,301.6
"9310","201703010138",2017-10-02,-121.01972222,35.18388889,343.3
"9311","201703010139",2017-10-02,-121.05972222,35.15527778,451.8
"9312","201703010140",2017-10-02,-121.02805556,35.11305556,410.4
"9313","201703010141",2017-10-02,-120.87194444,35.12194444,120.1
"9314","201703010142",2017-10-02,-120.82361111,34.93861111,134.6
"9315","201703010143",2017-10-03,-120.75138889,34.89388889,76.2
"9316","201703010144",2017-10-03,-121.08083333,34.80555556,499.7
"9317","201703010145",2017-10-03,-120.97305556,34.68138889,428.3
"9318","201703010146",2017-10-03,-120.81888889,34.50972222,461.3
"9319","201703010147",2017-10-03,-120.68638889,34.50527778,102.2
"9320","201703010148",2017-10-04,-120.61194444,34.49194444,87
"9321","201703010149",2017-10-04,-120.65333333,34.43722222,270.7
"9322","201703010150",2017-10-04,-120.51722222,34.36777778,290.2
"9323","201703010151",2017-10-04,-120.45638889,34.33111111,347.3
"9324","201703010152",2017-10-04,-120.30833333,34.405,190.8
"9325","201703010153",2017-10-05,-119.83666667,34.35805556,95.4
"9326","201703010154",2017-10-05,-119.94583333,34.33444444,459
"9327","201703010156",2017-10-09,-119.77472222,34.34972222,84.5
"9328","201703010157",2017-10-09,-119.78555556,34.21944444,330.7
"9329","201703010158",2017-10-09,-120.00916667,34.29361111,559
"9330","201703010159",2017-10-09,-120.25444444,34.38972222,304.3
"9331","201703010160",2017-10-10,-120.41722222,34.25333333,439.1
"9332","201703010161",2017-10-10,-120.55194444,34.21583333,363.9
"9333","201703010162",2017-10-10,-120.64055556,34.23722222,600.3
"9334","201703010163",2017-10-11,-120.40527778,33.91027778,481.5
"9335","201703010164",2017-10-11,-120.38472222,33.83138889,684.7
"9336","201703010165",2017-10-11,-119.89666667,33.54916667,443
"9337","201703010167",2017-10-12,-119.65472222,33.95138889,88.2
"9338","201703010168",2017-10-12,-119.19694444,33.98555556,624.4
"9339","201703010169",2017-10-13,-117.83916667,33.3875,666.5
"9340","201703010170",2017-10-13,-117.42638889,33.16638889,102
"9341","201703010171",2017-10-13,-117.64638889,33.00277778,827.4
"9342","201703010172",2017-10-13,-117.90472222,33.1325,659.3
"9343","201703010173",2017-10-14,-118.45277778,32.44916667,1107.1
"9344","201703010174",2017-10-14,-118.44194444,32.48138889,1122.2
"9345","201703010175",2017-10-14,-118.38138889,32.57805556,1148.9
"9346","201703010176",2017-10-15,-118.70388889,33.47722222,232.3
"9347","201703010177",2017-10-15,-118.2875,33.27666667,143.9
"9348","201703017001",2017-08-19,-125.03805556,44.70972222,1123.2
"9349","201703017002",2017-08-19,-124.76416667,44.67416667,205.5
"9350","201703017003",2017-08-19,-124.20611111,44.78722222,78.6
"9351","201703017004",2017-08-20,-124.50138889,45.44083333,439.6
"9352","201703017005",2017-08-20,-124.63805556,45.47083333,486.1
"9353","201703017006",2017-08-20,-124.56694444,45.37555556,367.4
"9354","201703017007",2017-08-20,-124.44083333,45.27916667,392.5
"9355","201703017008",2017-08-20,-124.53777778,45.27027778,430
"9356","201703017009",2017-08-20,-124.71611111,45.23861111,521.2
"9357","201703017010",2017-08-21,-124.32388889,45.05555556,189.2
"9358","201703017011",2017-08-21,-124.25916667,45.22444444,173.7
"9359","201703017012",2017-08-21,-124.38444444,45.41972222,210.5
"9360","201703017013",2017-08-21,-124.42027778,45.52361111,208.2
"9361","201703017014",2017-08-21,-124.52111111,45.65583333,216.5
"9362","201703017015",2017-08-22,-124.74388889,46.20583333,976.7
"9363","201703017016",2017-08-22,-124.65972222,46.245,878.7
"9364","201703017017",2017-08-22,-124.55777778,46.23472222,733.8
"9365","201703017018",2017-08-22,-125.12527778,46.64611111,1011.7
"9366","201703017019",2017-08-23,-124.87805556,46.77555556,392.3
"9367","201703017020",2017-08-23,-124.835,46.93527778,305.3
"9368","201703017021",2017-08-23,-124.95388889,46.94333333,205.1
"9369","201703017022",2017-08-24,-124.92638889,47.35694444,1220.2
"9370","201703017023",2017-08-24,-124.99944444,47.65694444,162.5
"9371","201703017024",2017-08-24,-125.36194444,47.64222222,1038.7
"9372","201703017025",2017-08-24,-125.73305556,47.88277778,1238.1
"9373","201703017027",2017-08-25,-125.85527778,48.10833333,992.7
"9374","201703017028",2017-08-25,-125.22388889,48.33916667,185
"9375","201703017029",2017-08-25,-124.82944444,48.39861111,244.6
"9376","201703017030",2017-08-25,-124.81972222,48.35111111,67
"9377","201703017031",2017-08-26,-125.02888889,48.00027778,118.6
"9378","201703017032",2017-08-26,-125.14388889,47.93694444,159.5
"9379","201703017033",2017-08-26,-124.96805556,47.90833333,110.8
"9380","201703017035",2017-08-26,-124.9625,47.81972222,116.1
"9381","201703017036",2017-08-26,-124.78861111,47.73555556,82.8
"9382","201703017037",2017-08-27,-124.50583333,47.22888889,63.3
"9383","201703017038",2017-08-27,-124.50166667,47.17166667,65.3
"9384","201703017039",2017-08-27,-124.46722222,47.02916667,66.2
"9385","201703017040",2017-08-27,-124.61888889,46.60805556,173
"9386","201703017041",2017-08-27,-124.77555556,45.96888889,490.6
"9387","201703017042",2017-08-28,-124.34138889,46.04916667,121.4
"9388","201703017043",2017-08-28,-124.31055556,46.14888889,107.9
"9389","201703017044",2017-09-01,-124.67333333,45.81416667,237.2
"9390","201703017045",2017-09-01,-124.42,45.81555556,155
"9391","201703017046",2017-09-01,-124.34166667,45.96638889,135.5
"9392","201703017047",2017-09-01,-124.2125,46.0025,96.5
"9393","201703017048",2017-09-01,-124.10138889,45.93444444,81
"9394","201703017049",2017-09-01,-124.05722222,45.83222222,71
"9395","201703017050",2017-09-02,-124.07305556,45.5625,77.9
"9396","201703017051",2017-09-02,-124.46861111,45.10472222,355
"9397","201703017052",2017-09-02,-124.68416667,44.96833333,417.8
"9398","201703017053",2017-09-02,-124.87138889,44.865,423.3
"9399","201703017054",2017-09-02,-124.52694444,44.81277778,199.9
"9400","201703017055",2017-09-03,-124.44666667,44.83222222,162.8
"9401","201703017056",2017-09-03,-124.56472222,44.66027778,167.3
"9402","201703017057",2017-09-03,-124.45333333,44.7075,122.1
"9403","201703017058",2017-09-04,-124.24888889,44.34222222,68.4
"9404","201703017059",2017-09-04,-124.37944444,44.39638889,79.8
"9405","201703017060",2017-09-04,-124.58861111,44.25138889,110.7
"9406","201703017061",2017-09-04,-124.90972222,44.26916667,214.5
"9407","201703017062",2017-09-04,-125.11416667,44.27388889,1092.9
"9408","201703017063",2017-09-05,-124.665,44.13166667,121.3
"9409","201703017064",2017-09-05,-124.80527778,44.08861111,107.8
"9410","201703017065",2017-09-05,-124.56555556,44.18666667,110.3
"9411","201703017066",2017-09-05,-124.26305556,44.05194444,80.8
"9412","201703017067",2017-09-05,-124.54472222,43.94972222,147.4
"9413","201703017068",2017-09-05,-124.70444444,43.82444444,388.8
"9414","201703017069",2017-09-06,-124.99916667,43.29027778,951.4
"9415","201703017070",2017-09-06,-124.6025,43.45361111,181.6
"9416","201703017072",2017-09-06,-124.45305556,43.48277778,116.1
"9417","201703017073",2017-09-07,-124.27055556,43.67527778,89.2
"9418","201703017075",2017-09-07,-124.74666667,43.64666667,578.8
"9419","201703017076",2017-09-07,-124.44916667,43.67055556,126.4
"9420","201703017078",2017-09-08,-124.81333333,42.76861111,406.2
"9421","201703017080",2017-09-08,-124.87361111,42.58972222,973.5
"9422","201703017081",2017-09-08,-124.77111111,42.67194444,627.9
"9423","201703017082",2017-09-08,-124.57888889,42.61583333,102.9
"9424","201703017083",2017-09-09,-124.75388889,43.19333333,320.7
"9425","201703017084",2017-09-09,-124.66416667,43.27888889,158.1
"9426","201703017085",2017-09-13,-124.71166667,42.75972222,208.9
"9427","201703017086",2017-09-13,-124.64972222,42.33722222,181.6
"9428","201703017087",2017-09-13,-124.5425,42.07666667,135
"9429","201703017088",2017-09-13,-124.58416667,41.96888889,259.7
"9430","201703017089",2017-09-13,-124.45444444,41.89916667,101.6
"9431","201703017090",2017-09-14,-124.67527778,41.93361111,639.8
"9432","201703017091",2017-09-14,-124.68,41.76583333,739.9
"9433","201703017092",2017-09-14,-124.99027778,41.84166667,1104.5
"9434","201703017093",2017-09-14,-124.88027778,41.53777778,970.5
"9435","201703017094",2017-09-15,-124.58055556,41.60083333,717.7
"9436","201703017095",2017-09-15,-124.68638889,41.47,985.4
"9437","201703017096",2017-09-15,-124.55055556,41.46916667,626.9
"9438","201703017097",2017-09-15,-124.48055556,41.40972222,203.9
"9439","201703017098",2017-09-15,-124.37138889,41.23555556,176.3
"9440","201703017099",2017-09-15,-124.36222222,41.17361111,201.3
"9441","201703017100",2017-09-16,-124.69916667,41.04138889,828.5
"9442","201703017101",2017-09-16,-124.30805556,41.12666667,119.3
"9443","201703017102",2017-09-16,-124.26277778,41.10777778,84.2
"9444","201703017103",2017-09-16,-124.29555556,40.94638889,91
"9445","201703017104",2017-09-17,-124.77361111,40.74027778,1213.4
"9446","201703017105",2017-09-17,-124.44916667,40.60638889,65.6
"9447","201703017106",2017-09-17,-124.39305556,40.25305556,69.2
"9448","201703017109",2017-09-17,-124.39527778,40.20638889,105.8
"9449","201703017110",2017-09-18,-124.56055556,40.10527778,792.2
"9450","201703017111",2017-09-18,-124.81,40.06888889,1121.1
"9451","201703017112",2017-09-18,-124.69611111,40.0825,939.7
"9452","201703017113",2017-09-18,-124.29638889,39.91722222,948.7
"9453","201703017114",2017-09-18,-124.23194444,39.84611111,932
"9454","201703017115",2017-09-19,-124.03611111,39.72277778,289.6
"9455","201703017116",2017-09-19,-124.09277778,39.71916667,608
"9456","201703017117",2017-09-19,-124.17194444,39.38,952.4
"9457","201703017118",2017-09-19,-123.9825,39.34638889,367.1
"9458","201703017119",2017-09-19,-124.00861111,39.33611111,478.3
"9459","201703017120",2017-09-20,-124.18055556,39.22388889,1035.5
"9460","201703017121",2017-09-20,-123.94861111,39.21138889,179
"9461","201703017122",2017-09-20,-123.86805556,38.68972222,1054.4
"9462","201703017123",2017-09-20,-123.56638889,38.71583333,91.4
"9463","201703017124",2017-09-20,-123.51194444,38.70388889,78.1
"9464","201703017125",2017-09-21,-123.30944444,38.31361111,113.9
"9465","201703017126",2017-09-21,-123.24166667,38.27333333,103.4
"9466","201703017127",2017-09-21,-123.33972222,38.24472222,139.2
"9467","201703017128",2017-09-21,-123.3175,38.21138889,133.4
"9468","201703017129",2017-09-21,-123.34472222,38.18138889,152.5
"9469","201703017130",2017-09-22,-123.21833333,37.91472222,100.7
"9470","201703017133",2017-09-26,-123.44055556,37.94027778,151
"9471","201703017134",2017-09-26,-122.82833333,37.63666667,66.8
"9472","201703017135",2017-09-27,-122.81555556,37.04555556,882.3
"9473","201703017136",2017-09-27,-122.82611111,37.07277778,666.6
"9474","201703017137",2017-09-27,-122.63944444,37.03555556,305.8
"9475","201703017138",2017-09-27,-122.55972222,37.23194444,92.7
"9476","201703017139",2017-09-27,-122.43583333,37.09388889,86.5
"9477","201703017140",2017-09-28,-122.01416667,36.76166667,748.5
"9478","201703017141",2017-09-28,-122.06833333,36.32361111,198.8
"9479","201703017142",2017-09-28,-121.96444444,36.22666667,381.5
"9480","201703017143",2017-09-28,-121.5275,35.74027778,551
"9481","201703017144",2017-09-29,-121.97722222,35.65611111,1141.4
"9482","201703017145",2017-09-29,-121.80944444,35.48277778,1130.1
"9483","201703017146",2017-09-29,-121.49805556,35.63722222,610.8
"9484","201703017147",2017-09-29,-121.16611111,35.46083333,288.5
"9485","201703017148",2017-09-30,-121.25861111,35.38805556,449.4
"9486","201703017149",2017-09-30,-121.11388889,35.32222222,331.5
"9487","201703017150",2017-10-02,-120.85166667,35.11472222,110.6
"9488","201703017151",2017-10-02,-120.79777778,35.00694444,99.3
"9489","201703017152",2017-10-02,-120.77333333,34.97722222,85.5
"9490","201703017153",2017-10-02,-121.03777778,34.91833333,473.8
"9491","201703017154",2017-10-02,-121.15611111,34.95416667,566.5
"9492","201703017155",2017-10-03,-120.94472222,34.61555556,482.1
"9493","201703017156",2017-10-03,-120.74777778,34.505,249.7
"9494","201703017157",2017-10-03,-120.53555556,34.45694444,75.2
"9495","201703017158",2017-10-03,-120.60472222,34.31944444,460.2
"9496","201703017159",2017-10-03,-120.45833333,34.28166667,433.6
"9497","201703017160",2017-10-03,-120.54138889,34.26638889,491.7
"9498","201703017161",2017-10-04,-120.70944444,34.04027778,904.4
"9499","201703017163",2017-10-04,-120.25055556,34.23166667,504.6
"9500","201703017164",2017-10-05,-120.18388889,34.40833333,189
"9501","201703017165",2017-10-05,-120.03861111,34.41638889,74.9
"9502","201703017166",2017-10-09,-120.06611111,32.96083333,1119.1
"9503","201703017167",2017-10-09,-120.29666667,32.81527778,971
"9504","201703017168",2017-10-09,-120.11555556,32.67777778,793.8
"9505","201703017169",2017-10-10,-119.90472222,33.20555556,548.3
"9506","201703017171",2017-10-10,-119.76583333,34.20944444,313.8
"9507","201703017172",2017-10-11,-119.47388889,34.05722222,85.7
"9508","201703017173",2017-10-11,-119.50222222,34.14305556,240.8
"9509","201703017174",2017-10-11,-119.32444444,34.06194444,207.7
"9510","201703017175",2017-10-11,-119.34888889,34.03416667,86.5
"9511","201703017176",2017-10-11,-119.27027778,34.02805556,440.8
"9512","201703017177",2017-10-11,-119.01944444,34.01555556,150
"9513","201703017178",2017-10-12,-118.63305556,33.955,210.6
"9514","201703017179",2017-10-13,-118.67583333,33.40861111,1118.3
"9515","201703017180",2017-10-13,-118.35027778,33.2925,79.5
"9516","201703017181",2017-10-13,-118.29055556,33.20694444,1130
"9517","201703017182",2017-10-13,-118.39194444,33.07805556,906.7
"9518","201703017183",2017-10-14,-117.35,32.5875,232.5
"9519","201703017184",2017-10-14,-117.39194444,32.85027778,422.1
"9520","201703017185",2017-10-14,-117.58527778,33.02722222,753.7
"9521","201703017186",2017-10-14,-117.55805556,33.24944444,319.4
"9522","201703017187",2017-10-14,-117.60361111,33.29027778,196.1
"9523","201703017188",2017-10-15,-117.63194444,33.35638889,68.2
"9524","201703017189",2017-10-15,-117.73916667,33.45166667,69.2
"9525","201703017190",2017-10-16,-118.49777778,33.48694444,262.2
"9526","201703020001",2017-05-20,-124.83027778,45.44944444,896.4
"9527","201703020002",2017-05-20,-124.63388889,45.59305556,411.4
"9528","201703020003",2017-05-20,-124.67194444,45.82666667,224.5
"9529","201703020004",2017-05-20,-124.69777778,45.99111111,219.3
"9530","201703020005",2017-05-21,-124.92916667,46.1625,837.2
"9531","201703020006",2017-05-21,-124.85138889,46.23972222,740.2
"9532","201703020007",2017-05-21,-124.88222222,46.33083333,923.6
"9533","201703020008",2017-05-21,-124.62694444,46.42583333,892.6
"9534","201703020009",2017-05-21,-124.67027778,46.52916667,392.2
"9535","201703020010",2017-05-22,-125.00055556,47.6275,172.3
"9536","201703020011",2017-05-22,-125.09944444,47.635,228.3
"9537","201703020012",2017-05-22,-125.15666667,47.6925,651
"9538","201703020013",2017-05-22,-125.25027778,47.62527778,769.5
"9539","201703020014",2017-05-22,-125.70166667,47.735,1027.6
"9540","201703020015",2017-05-23,-125.23944444,48.35388889,180.6
"9541","201703020016",2017-05-23,-125.26222222,48.28888889,174.1
"9542","201703020017",2017-05-23,-125.09694444,48.15861111,239.9
"9543","201703020018",2017-05-23,-125.1325,48.13472222,256.2
"9544","201703020019",2017-05-23,-125.02944444,48.06388889,146.7
"9545","201703020020",2017-05-24,-125.08,47.88972222,139.2
"9546","201703020021",2017-05-24,-125.06222222,47.7275,173.3
"9547","201703020023",2017-05-24,-124.85805556,47.12861111,147.3
"9548","201703020024",2017-05-24,-124.80277778,47.10611111,132.4
"9549","201703020025",2017-05-24,-124.77083333,46.90305556,146.4
"9550","201703020026",2017-05-25,-124.93638889,46.86055556,451.4
"9551","201703020028",2017-05-26,-124.45138889,46.38861111,212.5
"9552","201703020029",2017-05-26,-124.35916667,46.31861111,110.7
"9553","201703020030",2017-05-26,-124.31416667,46.09055556,110.5
"9554","201703020031",2017-05-26,-124.17888889,45.89555556,100.2
"9555","201703020032",2017-05-26,-124.14333333,45.78527778,94.7
"9556","201703020033",2017-05-27,-124.39166667,45.76083333,151.2
"9557","201703020034",2017-05-27,-124.42194444,45.43805556,237.7
"9558","201703020035",2017-05-27,-124.49111111,45.39833333,413.8
"9559","201703020036",2017-05-27,-124.40277778,45.36,301.6
"9560","201703020037",2017-05-27,-124.34,45.29277778,221.7
"9561","201703020038",2017-05-28,-124.50833333,45.06611111,357.6
"9562","201703020039",2017-05-28,-124.54194444,45.22888889,432.5
"9563","201703020040",2017-05-28,-124.59361111,45,443.8
"9564","201703020041",2017-05-28,-124.55944444,44.93583333,439
"9565","201703020042",2017-05-28,-124.48166667,44.9375,324.1
"9566","201703020043",2017-05-29,-124.48111111,44.86916667,205.1
"9567","201703020044",2017-06-02,-124.27305556,44.59611111,78
"9568","201703020045",2017-06-02,-124.14444444,44.79194444,64.2
"9569","201703020046",2017-06-02,-124.09083333,45.05972222,72.5
"9570","201703020047",2017-06-02,-124.165,45.07111111,113
"9571","201703020048",2017-06-02,-124.21027778,44.96833333,124
"9572","201703020049",2017-06-03,-124.755,44.77,385.4
"9573","201703020050",2017-06-03,-124.5675,44.50583333,129.7
"9574","201703020051",2017-06-03,-124.7175,44.48555556,174.5
"9575","201703020052",2017-06-03,-124.97416667,44.31638889,639.8
"9576","201703020053",2017-06-04,-125.01333333,44.37027778,719.3
"9577","201703020054",2017-06-04,-125.04111111,44.25972222,852.1
"9578","201703020056",2017-06-04,-124.93083333,44.05444444,232.1
"9579","201703020057",2017-06-05,-124.20222222,44.3775,58.3
"9580","201703020058",2017-06-05,-124.32805556,44.34,78.3
"9581","201703020059",2017-06-05,-124.32305556,44.24694444,82.2
"9582","201703020060",2017-06-05,-124.56194444,44.01861111,143.2
"9583","201703020061",2017-06-05,-124.46333333,43.94833333,126.9
"9584","201703020062",2017-06-05,-124.71583333,43.74,493.4
"9585","201703020063",2017-06-06,-125.06111111,43.52805556,1124.2
"9586","201703020064",2017-06-06,-125.05166667,43.4325,1157.5
"9587","201703020065",2017-06-06,-124.76694444,43.38083333,608.3
"9588","201703020066",2017-06-06,-124.78611111,43.30472222,527.6
"9589","201703020067",2017-06-07,-124.51833333,43.32138889,100.3
"9590","201703020068",2017-06-07,-124.53055556,43.29027778,99.1
"9591","201703020069",2017-06-08,-124.50694444,43.53333333,143.9
"9592","201703020070",2017-06-08,-124.50861111,43.48694444,131.1
"9593","201703020071",2017-06-08,-124.795,43.25638889,417.8
"9594","201703020072",2017-06-08,-124.73861111,42.83055556,162.9
"9595","201703020073",2017-06-09,-124.57166667,42.65833333,97.9
"9596","201703020074",2017-06-09,-124.76694444,42.61777778,576.6
"9597","201703020075",2017-06-09,-124.8625,42.66722222,639.5
"9598","201703020076",2017-06-09,-124.83361111,42.48361111,533.7
"9599","201703020077",2017-06-09,-124.73361111,42.49944444,200.1
"9600","201703020078",2017-06-10,-124.73666667,42.17888889,576.6
"9601","201703020079",2017-06-10,-124.67,42.20277778,468.4
"9602","201703020080",2017-06-10,-124.44027778,42.20083333,87.2
"9603","201703020081",2017-06-10,-124.44444444,42.13583333,94.7
"9604","201703020082",2017-06-10,-124.48027778,41.62666667,229.5
"9605","201703020083",2017-06-11,-124.28777778,41.62222222,57.4
"9606","201703020084",2017-06-15,-124.43111111,41.59555556,131.7
"9607","201703020085",2017-06-15,-124.50055556,41.36888889,379.4
"9608","201703020086",2017-06-15,-124.47083333,41.33722222,269
"9609","201703020087",2017-06-15,-124.69777778,41.10861111,1124.6
"9610","201703020088",2017-06-15,-124.66916667,40.94222222,664.6
"9611","201703020089",2017-06-16,-124.26388889,41.26694444,88.1
"9612","201703020090",2017-06-16,-124.25388889,41.16888889,82.5
"9613","201703020091",2017-06-16,-124.27444444,41.12972222,93
"9614","201703020092",2017-06-16,-124.40333333,41.135,434.6
"9615","201703020093",2017-06-16,-124.28277778,40.90222222,74.9
"9616","201703020094",2017-06-17,-124.485,40.77055556,206.2
"9617","201703020095",2017-06-17,-124.60805556,40.73916667,726.5
"9618","201703020096",2017-06-17,-124.485,40.74166667,159.5
"9619","201703020097",2017-06-17,-124.42888889,40.34277778,80.1
"9620","201703020098",2017-06-17,-124.67861111,40.14083333,816.4
"9621","201703020099",2017-06-18,-124.13444444,39.97972222,93.1
"9622","201703020100",2017-06-18,-124.12833333,39.84111111,353.1
"9623","201703020101",2017-06-18,-123.88805556,39.67638889,117.8
"9624","201703020102",2017-06-18,-123.96555556,39.14805556,275.3
"9625","201703020103",2017-06-19,-123.95972222,38.97583333,393.8
"9626","201703020104",2017-06-19,-123.96472222,38.91555556,339.5
"9627","201703020105",2017-06-19,-123.78138889,38.81083333,130
"9628","201703020106",2017-06-19,-123.68777778,38.7525,115.2
"9629","201703020107",2017-06-19,-123.52472222,38.60388889,117.9
"9630","201703020108",2017-06-20,-123.21277778,38.14194444,107.7
"9631","201703020109",2017-06-20,-123.44111111,38.20166667,432.7
"9632","201703020110",2017-06-22,-123.44305556,38.17527778,303.2
"9633","201703020111",2017-06-22,-123.4175,38.14583333,263.8
"9634","201703020112",2017-06-22,-123.38444444,38.0825,164
"9635","201703020113",2017-06-22,-123.35833333,38.01333333,114.1
"9636","201703020114",2017-06-22,-123.2,37.84472222,96.8
"9637","201703020115",2017-06-22,-123.13277778,37.81777778,85.4
"9638","201703020116",2017-06-23,-123.00722222,37.89916667,75.1
"9639","201703020117",2017-06-27,-122.7675,37.38694444,96.3
"9640","201703020118",2017-06-27,-122.87416667,37.19805556,382.5
"9641","201703020119",2017-06-27,-122.72222222,37.14638889,222.3
"9642","201703020120",2017-06-27,-122.60277778,36.94111111,887.5
"9643","201703020121",2017-06-27,-122.19111111,36.75722222,699.7
"9644","201703020122",2017-06-28,-121.91444444,36.18166667,633.6
"9645","201703020123",2017-06-28,-121.82861111,36.04416667,993.2
"9646","201703020124",2017-06-28,-121.685,36.04583333,651.2
"9647","201703020125",2017-06-28,-121.97055556,35.71222222,1125.9
"9648","201703020126",2017-06-28,-121.74166667,35.57361111,942.2
"9649","201703020127",2017-06-29,-121.45055556,35.69055556,422.5
"9650","201703020128",2017-06-29,-121.43083333,35.50055556,684.3
"9651","201703020129",2017-06-29,-121.37722222,35.42138889,641.8
"9652","201703020130",2017-06-29,-121.38916667,35.26111111,751.6
"9653","201703020131",2017-06-29,-121.31666667,35.42166667,517.9
"9654","201703020132",2017-06-30,-121.22111111,35.58527778,93.7
"9655","201703020133",2017-06-30,-121.1325,35.34,338.4
"9656","201703020134",2017-06-30,-121.04472222,35.41305556,129.8
"9657","201703020135",2017-07-01,-121.11944444,35.23166667,471.3
"9658","201703020136",2017-07-01,-120.78166667,35.08805556,72.4
"9659","201703020137",2017-07-02,-121.03333333,35.01,455.5
"9660","201703020138",2017-07-02,-121.28055556,35.05416667,611.8
"9661","201703020139",2017-07-02,-121.49055556,35.09583333,498.2
"9662","201703020141",2017-07-02,-121.60666667,35.13083333,985.4
"9663","201703020142",2017-07-02,-121.54333333,35.10861111,588.4
"9664","201703020143",2017-07-03,-121.37666667,34.77611111,500.9
"9665","201703020144",2017-07-03,-121.33222222,34.65777778,668.4
"9666","201703020145",2017-07-03,-121.425,34.63083333,954.4
"9667","201703020146",2017-07-03,-121.31833333,34.66194444,657
"9668","201703020147",2017-07-03,-121.25333333,34.69722222,632
"9669","201703020148",2017-07-03,-121.03388889,34.52111111,923.2
"9670","201703020149",2017-07-04,-120.8275,34.67972222,129
"9671","201703020150",2017-07-04,-120.96194444,34.59166667,573.1
"9672","201703020151",2017-07-04,-120.965,34.51,806
"9673","201703020152",2017-07-04,-120.42944444,34.11722222,69.2
"9674","201703020153",2017-07-05,-120.12361111,34.37138889,406.7
"9675","201703020154",2017-07-05,-119.84777778,34.22166667,454.5
"9676","201703020155",2017-07-05,-119.78416667,34.18805556,370.5
"9677","201703020156",2017-07-05,-119.6875,34.24111111,177.4
"9678","201703020157",2017-07-05,-119.87833333,34.35527778,190.2
"9679","201703020158",2017-07-06,-119.73361111,34.30138889,189
"9680","201703020159",2017-07-10,-119.68527778,34.19055556,291.4
"9681","201703020160",2017-07-10,-119.60916667,34.10222222,223.9
"9682","201703020161",2017-07-10,-119.62916667,34.04111111,83.8
"9683","201703020165",2017-07-11,-120.46,33.96055556,250.1
"9684","201703020167",2017-07-11,-120.10583333,33.79527778,408
"9685","201703020168",2017-07-12,-119.97166667,33.765,196.4
"9686","201703020169",2017-07-12,-120.01638889,33.39333333,934.4
"9687","201703020170",2017-07-12,-120.14111111,33.13388889,1074.5
"9688","201703020171",2017-07-12,-120.13944444,32.99666667,611.1
"9689","201703020172",2017-07-13,-118.77138889,32.02222222,1207.1
"9690","201703020173",2017-07-13,-118.72638889,32.08416667,1092.7
"9691","201703020174",2017-07-13,-118.60277778,32.13805556,821.5
"9692","201703020176",2017-07-14,-118.03972222,32.71166667,563.4
"9693","201703020177",2017-07-14,-117.44111111,32.69222222,491.5
"9694","201703020178",2017-07-14,-117.35111111,32.76888889,89.1
"9695","201703020179",2017-07-14,-117.34444444,32.9725,430.1
"9696","201703020180",2017-07-14,-117.74833333,33.16555556,802.2
"9697","201703020181",2017-07-15,-117.98777778,33.54611111,303.1
"9698","201703020182",2017-07-15,-118.03722222,33.55333333,313.9
"9699","201703020183",2017-07-15,-118.27972222,33.4825,847.7
"9700","201703020184",2017-07-16,-118.59611111,33.44222222,120.4
"9701","201703020185",2017-07-16,-118.81,33.56583333,523.5
"9702","201703020187",2017-07-16,-118.52944444,33.8175,179.9
"9703","201703020188",2017-07-16,-118.44305556,33.80472222,80.5
"9704","201703020189",2017-07-17,-118.2475,33.58666667,100.3
"9705","201803008001",2018-05-19,-125.06611111,44.95805556,1172.8
"9706","201803008002",2018-05-19,-124.96666667,45.13555556,911.7
"9707","201803008003",2018-05-19,-124.79722222,45.44361111,748.3
"9708","201803008004",2018-05-19,-124.71222222,45.48027778,490.2
"9709","201803008005",2018-05-19,-124.60333333,45.59555556,388.2
"9710","201803008006",2018-05-19,-124.73722222,45.71027778,342.8
"9711","201803008007",2018-05-20,-125.15777778,46.72527778,927
"9712","201803008008",2018-05-20,-125.12277778,46.83833333,692.7
"9713","201803008009",2018-05-20,-125.01444444,47.09222222,477.9
"9714","201803008010",2018-05-20,-124.9625,47.20694444,403.7
"9715","201803008011",2018-05-20,-124.72638889,47.22638889,119.4
"9716","201803008012",2018-05-21,-125.56333333,47.78833333,1183.6
"9717","201803008014",2018-05-21,-125.54583333,48.21916667,153.3
"9718","201803008015",2018-05-21,-125.12277778,48.25,120.2
"9719","201803008016",2018-05-21,-124.89138889,48.225,72
"9720","201803008017",2018-05-21,-125.20388889,48.10416667,212.4
"9721","201803008018",2018-05-22,-125.22444444,47.77277778,659.8
"9722","201803008019",2018-05-22,-125.07416667,47.82861111,163.2
"9723","201803008020",2018-05-22,-124.99333333,47.72083333,141.5
"9724","201803008021",2018-05-22,-124.82055556,47.61861111,103.5
"9725","201803008022",2018-05-22,-125.07111111,47.54027778,584.1
"9726","201803008023",2018-05-22,-125.0425,47.53972222,374
"9727","201803008024",2018-05-22,-125.03472222,47.56111111,223.9
"9728","201803008025",2018-05-23,-124.83972222,47.29583333,188.5
"9729","201803008026",2018-05-23,-124.8925,47.13555556,150.5
"9730","201803008027",2018-05-23,-124.82555556,47.10277778,140.4
"9731","201803008028",2018-05-23,-124.50805556,46.96666667,78.2
"9732","201803008030",2018-05-24,-124.83833333,46.49555556,1227.6
"9733","201803008031",2018-05-24,-124.49972222,46.52916667,159.6
"9734","201803008032",2018-05-24,-124.55083333,46.40333333,157.9
"9735","201803008033",2018-05-24,-124.46722222,46.25638889,472.4
"9736","201803008034",2018-05-24,-124.34027778,46.34888889,91.4
"9737","201803008035",2018-05-25,-124.56,46.07361111,147
"9738","201803008036",2018-05-25,-125.02555556,45.91583333,954
"9739","201803008037",2018-05-26,-124.62277778,45.955,179.2
"9740","201803008038",2018-05-26,-124.525,45.85611111,156
"9741","201803008039",2018-05-26,-124.17638889,45.85888889,103.2
"9742","201803008040",2018-05-26,-124.19527778,45.80027778,113.4
"9743","201803008041",2018-05-26,-124.23805556,45.66888889,133.1
"9744","201803008042",2018-05-26,-124.31777778,45.53916667,167
"9745","201803008043",2018-05-27,-124.32138889,45.43472222,176.2
"9746","201803008044",2018-05-27,-124.14666667,45.50527778,109.1
"9747","201803008045",2018-05-27,-124.15222222,45.565,108.2
"9748","201803008046",2018-05-27,-124.27361111,45.56361111,152.5
"9749","201803008047",2018-05-27,-124.22416667,45.36805556,155.3
"9750","201803008048",2018-05-27,-124.22694444,45.17111111,160.9
"9751","201803008049",2018-05-28,-124.46694444,44.74888889,138
"9752","201803008050",2018-05-28,-124.42555556,44.66805556,104.4
"9753","201803008052",2018-06-01,-124.32888889,44.64722222,70.9
"9754","201803008054",2018-06-01,-124.44166667,44.64305556,93
"9755","201803008055",2018-06-01,-124.69444444,44.79583333,323.9
"9756","201803008056",2018-06-01,-124.8475,44.81444444,466
"9757","201803008057",2018-06-02,-124.70277778,45.09777778,281.4
"9758","201803008058",2018-06-02,-124.44166667,45.12333333,354.9
"9759","201803008059",2018-06-02,-124.48666667,45.03194444,355.5
"9760","201803008060",2018-06-02,-124.48111111,44.93388889,319.1
"9761","201803008061",2018-06-02,-124.5575,44.9325,437.6
"9762","201803008062",2018-06-03,-125.1775,44.51083333,1152.4
"9763","201803008063",2018-06-03,-124.97055556,44.48111111,666.1
"9764","201803008064",2018-06-03,-124.89583333,44.47555556,463.7
"9765","201803008065",2018-06-03,-125.12027778,44.27472222,1137.4
"9766","201803008066",2018-06-03,-125.02111111,44.3175,747
"9767","201803008067",2018-06-04,-125.05222222,43.47888889,1203.7
"9768","201803008068",2018-06-04,-124.85916667,43.58277778,672.1
"9769","201803008069",2018-06-04,-124.84527778,43.82,427.1
"9770","201803008070",2018-06-04,-124.95083333,43.92138889,442.6
"9771","201803008071",2018-06-04,-124.71833333,44.13972222,109.6
"9772","201803008072",2018-06-05,-124.56472222,43.94277778,164.9
"9773","201803008073",2018-06-05,-124.39222222,43.80527778,108.3
"9774","201803008074",2018-06-05,-124.27361111,43.72916667,90.7
"9775","201803008075",2018-06-05,-124.51833333,43.71305556,164.6
"9776","201803008076",2018-06-05,-124.38694444,43.45027778,93.4
"9777","201803008077",2018-06-06,-124.69166667,43.21055556,180.7
"9778","201803008078",2018-06-06,-124.58888889,43.0725,113
"9779","201803008079",2018-06-06,-124.75583333,42.84611111,178
"9780","201803008080",2018-06-07,-124.8325,42.77194444,387.1
"9781","201803008081",2018-06-07,-124.83388889,42.54694444,597.2
"9782","201803008082",2018-06-07,-124.54388889,42.42222222,70
"9783","201803008083",2018-06-07,-124.57222222,42.35472222,116.9
"9784","201803008084",2018-06-07,-124.48444444,42.25527778,106.9
"9785","201803008085",2018-06-07,-124.60388889,42.15694444,265.4
"9786","201803008086",2018-06-08,-124.78777778,41.60527778,879.9
"9787","201803008087",2018-06-08,-124.82722222,41.29805556,1148.5
"9788","201803008088",2018-06-08,-124.43222222,41.57166667,130.5
"9789","201803008089",2018-06-08,-124.50888889,41.63444444,373.9
"9790","201803008090",2018-06-09,-124.3825,41.73083333,102.8
"9791","201803008091",2018-06-13,-124.255,41.46916667,67.6
"9792","201803008092",2018-06-13,-124.42805556,41.35083333,158.3
"9793","201803008093",2018-06-13,-124.56027778,41.03,679.5
"9794","201803008094",2018-06-13,-124.33138889,40.89777778,96.3
"9795","201803008096",2018-06-17,-124.46583333,40.21222222,212.1
"9796","201803008097",2018-06-17,-124.80833333,40.28138889,517.7
"9797","201803008098",2018-06-17,-125.03444444,40.28222222,1088.3
"9798","201803008099",2018-06-17,-125.11333333,40.2475,1211.5
"9799","201803008100",2018-06-17,-124.85527778,40.21305556,839
"9800","201803008102",2018-06-18,-124.67583333,40.13722222,819.7
"9801","201803008103",2018-06-18,-124.56111111,40.12194444,754.4
"9802","201803008104",2018-06-18,-124.43083333,40.04861111,781.2
"9803","201803008105",2018-06-18,-124.2525,40.0525,235.1
"9804","201803008106",2018-06-18,-124.29638889,39.81861111,1229.9
"9805","201803008107",2018-06-18,-124.10388889,39.82222222,310.1
"9806","201803008108",2018-06-19,-123.97222222,39.52888889,275.5
"9807","201803008109",2018-06-19,-124.10388889,39.28722222,750.3
"9808","201803008110",2018-06-19,-124.01027778,39.28027778,463.3
"9809","201803008111",2018-06-19,-123.79388889,39.20222222,62.7
"9810","201803008112",2018-06-19,-123.92194444,39.11527778,137.2
"9811","201803008113",2018-06-19,-123.94666667,39.10944444,178.9
"9812","201803008114",2018-06-19,-124.02333333,38.9175,669.8
"9813","201803008115",2018-06-20,-123.61333333,38.77944444,71.2
"9814","201803008116",2018-06-20,-123.67611111,38.44055556,696.7
"9815","201803008117",2018-06-20,-123.61944444,38.45138889,311.8
"9816","201803008118",2018-06-20,-123.5875,38.25,672
"9817","201803008119",2018-06-20,-123.40055556,38.27527778,170.2
"9818","201803008120",2018-06-20,-123.39111111,38.43583333,126
"9819","201803008121",2018-06-21,-123.21888889,38.135,109.8
"9820","201803008122",2018-06-21,-123.23583333,38.36444444,91.6
"9821","201803008123",2018-06-21,-123.18944444,38.13916667,101.5
"9822","201803008124",2018-06-22,-123.04777778,37.96916667,66.1
"9823","201803008125",2018-06-26,-123.08361111,37.46527778,641.8
"9824","201803008126",2018-06-26,-122.77861111,37.27027778,137.8
"9825","201803008127",2018-06-26,-122.90361111,37.20833333,412.2
"9826","201803008128",2018-06-26,-122.87805556,37.17805556,421
"9827","201803008129",2018-06-26,-122.90194444,37.14222222,527.6
"9828","201803008130",2018-06-26,-122.71527778,37.12611111,267.3
"9829","201803008131",2018-06-27,-122.5375,37.28527778,79.6
"9830","201803008132",2018-06-27,-122.59388889,37.16722222,104.6
"9831","201803008133",2018-06-27,-122.60055556,37.00305556,350.5
"9832","201803008134",2018-06-27,-122.35083333,36.93277778,234.3
"9833","201803008135",2018-06-27,-122.01916667,36.57694444,409.5
"9834","201803008136",2018-06-27,-122.05444444,36.55416667,714.4
"9835","201803008137",2018-06-28,-122.00472222,36.33888889,126.8
"9836","201803008138",2018-06-28,-122.18888889,36.29277778,825.2
"9837","201803008139",2018-06-28,-122.02555556,36.2425,453.6
"9838","201803008140",2018-06-28,-122.00861111,35.63833333,1209.7
"9839","201803008141",2018-06-29,-121.64333333,35.80083333,747.5
"9840","201803008142",2018-06-29,-121.70972222,35.70583333,893.2
"9841","201803008143",2018-06-29,-121.67583333,35.67555556,851.8
"9842","201803008144",2018-06-29,-121.48861111,35.69944444,527.7
"9843","201803008145",2018-06-29,-121.45916667,35.63722222,532.9
"9844","201803008146",2018-06-30,-121.44916667,35.25888889,702.2
"9845","201803008147",2018-06-30,-121.37722222,35.16611111,666.8
"9846","201803008150",2018-07-01,-120.87694444,35.035,168.2
"9847","201803008151",2018-07-01,-120.92861111,34.87861111,274.7
"9848","201803008152",2018-07-01,-121.29083333,34.88333333,454.9
"9849","201803008153",2018-07-01,-121.23305556,34.85472222,553.7
"9850","201803008154",2018-07-02,-120.87277778,34.66777778,230.6
"9851","201803008155",2018-07-02,-121.00944444,34.55333333,772.7
"9852","201803008156",2018-07-02,-120.42444444,34.25666667,441.5
"9853","201803008157",2018-07-02,-120.27361111,34.26972222,451.4
"9854","201803008158",2018-07-02,-120.29833333,33.97611111,84.8
"9855","201803008159",2018-07-03,-120.4475,33.92111111,451.7
"9856","201803008160",2018-07-03,-120.06138889,33.65694444,747.5
"9857","201803008161",2018-07-03,-119.97694444,33.66611111,135.3
"9858","201803008162",2018-07-03,-119.87055556,33.61916667,239.1
"9859","201803008163",2018-07-03,-119.78388889,33.67388889,521.7
"9860","201803008164",2018-07-03,-119.75194444,33.6825,895.6
"9861","201803008165",2018-07-04,-119.83972222,33.79138889,367.4
"9862","201803008166",2018-07-04,-119.89694444,33.81666667,176.2
"9863","201803008167",2018-07-04,-119.95444444,33.90166667,71.4
"9864","201803008168",2018-07-05,-119.74666667,34.27861111,227.3
"9865","201803008169",2018-07-09,-119.46777778,34.04527778,85.6
"9866","201803008170",2018-07-09,-119.06138889,34.06055556,90.5
"9867","201803008171",2018-07-09,-119.01944444,34.04777778,64.2
"9868","201803008172",2018-07-09,-118.89583333,34.00777778,80.2
"9869","201803008173",2018-07-09,-118.62944444,33.90722222,203.4
"9870","201803008174",2018-07-10,-118.575,33.89666667,80.3
"9871","201803008176",2018-07-10,-118.44,33.75277778,71.9
"9872","201803008178",2018-07-10,-118.70361111,33.48944444,243.8
"9873","201803008180",2018-07-11,-120.48083333,33.37972222,1078.1
"9874","201803008181",2018-07-11,-120.19361111,33.11472222,477.5
"9875","201803008182",2018-07-11,-120.20638889,33.04388889,448.6
"9876","201803008183",2018-07-11,-120.35777778,33.01694444,569.2
"9877","201803008184",2018-07-12,-118.34861111,32.09722222,1160.4
"9878","201803008185",2018-07-12,-118.23555556,32.09805556,160.1
"9879","201803008186",2018-07-13,-117.93638889,32.88666667,737.7
"9880","201803008187",2018-07-13,-117.84388889,32.80666667,346.6
"9881","201803008188",2018-07-13,-117.29472222,32.68111111,73.4
"9882","201803008189",2018-07-13,-117.4925,33.04305556,641.1
"9883","201803008191",2018-07-14,-118.08777778,33.35194444,736.1
"9884","201803008192",2018-07-14,-118.22833333,33.28388889,215.4
"9885","201803008193",2018-07-15,-118.285,33.30583333,101.4
"9886","201803008194",2018-07-15,-118.33583333,33.23972222,1145.7
"9887","201803008195",2018-07-15,-118.675,33.48611111,242.7
"9888","201803008196",2018-07-16,-118.07583333,33.55166667,354.1
"9889","201803010001",2018-08-18,-124.77555556,45.16527778,581.2
"9890","201803010002",2018-08-18,-124.72333333,45.27055556,508.4
"9891","201803010004",2018-08-19,-124.68083333,46.63666667,182.1
"9892","201803010005",2018-08-19,-125.12194444,46.81805556,640.8
"9893","201803010006",2018-08-20,-125.24555556,47.90833333,274.2
"9894","201803010007",2018-08-20,-125.11361111,48.01916667,139
"9895","201803010008",2018-08-20,-125.10138889,48.23333333,121.7
"9896","201803010009",2018-08-20,-125.00611111,48.31833333,225.4
"9897","201803010010",2018-08-21,-124.74861111,47.66888889,77.4
"9898","201803010011",2018-08-21,-124.76916667,47.60555556,93.4
"9899","201803010012",2018-08-21,-124.91638889,47.57333333,149.9
"9900","201803010013",2018-08-22,-124.63472222,47.22055556,89.9
"9901","201803010014",2018-08-22,-124.68388889,47.10194444,104.5
"9902","201803010015",2018-08-22,-124.68777778,47.07138889,107.2
"9903","201803010016",2018-08-22,-124.59555556,46.30833333,153.1
"9904","201803010017",2018-08-22,-124.61277778,46.17055556,171.4
"9905","201803010018",2018-08-23,-124.42166667,46.035,138.6
"9906","201803010019",2018-08-23,-124.38361111,46.0525,130.3
"9907","201803010020",2018-08-24,-124.15472222,45.93277778,90.5
"9908","201803010021",2018-08-24,-124.13194444,45.80305556,92.4
"9909","201803010022",2018-08-24,-124.13777778,45.67222222,98.8
"9910","201803010023",2018-08-24,-124.21722222,45.59777778,133.5
"9911","201803010024",2018-08-24,-124.27027778,45.72277778,138.9
"9912","201803010025",2018-08-24,-124.35027778,45.75444444,147.5
"9913","201803010026",2018-08-24,-124.35611111,45.79277778,148.7
"9914","201803010027",2018-08-25,-124.915,46.18555556,804.8
"9915","201803010028",2018-08-25,-124.80555556,45.87583333,785.8
"9916","201803010029",2018-08-26,-124.7425,45.66722222,367.8
"9917","201803010030",2018-08-26,-124.59416667,45.69277778,229.4
"9918","201803010031",2018-08-26,-124.46555556,45.86638889,154.4
"9919","201803010032",2018-08-26,-124.59861111,45.76027778,208.5
"9920","201803010033",2018-08-26,-124.46611111,45.665,194.2
"9921","201803010034",2018-08-26,-124.63,45.44888889,500
"9922","201803010035",2018-08-27,-124.33472222,44.93388889,159.1
"9923","201803010036",2018-08-27,-124.26138889,44.80944444,112
"9924","201803010037",2018-08-31,-124.30277778,44.76055556,108.2
"9925","201803010038",2018-08-31,-124.37638889,44.70805556,100.3
"9926","201803010039",2018-08-31,-124.38361111,44.73138889,112.8
"9927","201803010040",2018-08-31,-124.51166667,44.73166667,156.1
"9928","201803010041",2018-08-31,-124.53888889,44.78305556,194.4
"9929","201803010042",2018-09-01,-124.48416667,45.39055556,406.7
"9930","201803010043",2018-09-01,-124.42,45.30555556,376
"9931","201803010044",2018-09-01,-124.60694444,45.32972222,419.7
"9932","201803010045",2018-09-01,-124.76,45.1225,453.4
"9933","201803010046",2018-09-01,-124.58611111,44.94388889,449.8
"9934","201803010047",2018-09-02,-124.905,44.77833333,568.2
"9935","201803010048",2018-09-02,-124.73083333,44.73777778,354.8
"9936","201803010049",2018-09-02,-124.7175,44.55166667,349.1
"9937","201803010050",2018-09-02,-124.70083333,44.47583333,147.2
"9938","201803010051",2018-09-03,-124.6225,44.52555556,192.8
"9939","201803010052",2018-09-03,-124.28944444,44.49444444,81.8
"9940","201803010054",2018-09-03,-124.58833333,44.26361111,110.5
"9941","201803010055",2018-09-03,-124.43472222,44.11027778,113.8
"9942","201803010056",2018-09-03,-124.45694444,44.10083333,118.3
"9943","201803010057",2018-09-04,-124.53972222,43.98722222,145.7
"9944","201803010058",2018-09-04,-124.37388889,43.86527778,117.5
"9945","201803010059",2018-09-04,-124.63111111,43.42777778,202.5
"9946","201803010060",2018-09-05,-124.94694444,43.39861111,961.1
"9947","201803010061",2018-09-05,-124.88527778,43.50694444,701.9
"9948","201803010062",2018-09-06,-125.15694444,44.34777778,1207.3
"9949","201803010063",2018-09-06,-125.05777778,44.185,1215.4
"9950","201803010064",2018-09-06,-124.985,43.94611111,544.7
"9951","201803010065",2018-09-06,-124.90861111,43.88416667,488.6
"9952","201803010066",2018-09-07,-124.69166667,42.62972222,181.7
"9953","201803010067",2018-09-07,-124.71388889,42.35333333,674.9
"9954","201803010068",2018-09-07,-124.49222222,42.29,101.9
"9955","201803010069",2018-09-08,-124.63388889,42.03861111,451.8
"9956","201803010070",2018-09-12,-124.90111111,41.93777778,813.7
"9957","201803010071",2018-09-12,-124.98305556,41.9325,1003
"9958","201803010072",2018-09-12,-125.01805556,41.85138889,1056.9
"9959","201803010073",2018-09-13,-124.75444444,41.6775,847.9
"9960","201803010074",2018-09-13,-124.35027778,41.63472222,83.9
"9961","201803010075",2018-09-13,-124.34138889,41.60694444,82.8
"9962","201803010076",2018-09-13,-124.28972222,41.57194444,65.7
"9963","201803010077",2018-09-13,-124.38583333,41.4675,101.3
"9964","201803010078",2018-09-14,-124.50333333,41.06277778,682.5
"9965","201803010079",2018-09-14,-124.62916667,41.07555556,784.5
"9966","201803010080",2018-09-14,-124.63388889,41.01361111,705.4
"9967","201803010081",2018-09-14,-124.5625,41.01111111,632.4
"9968","201803010082",2018-09-14,-124.34583333,41.03444444,146.9
"9969","201803010083",2018-09-15,-124.27111111,41.03,85.4
"9970","201803010084",2018-09-15,-124.38972222,40.97277778,195.7
"9971","201803010085",2018-09-15,-124.42666667,40.915,230.8
"9972","201803010086",2018-09-15,-124.50083333,40.80805556,425.3
"9973","201803010087",2018-09-15,-124.56805556,40.73972222,621.1
"9974","201803010088",2018-09-16,-124.55555556,40.56972222,132.4
"9975","201803010089",2018-09-16,-124.47444444,40.55027778,66.2
"9976","201803010090",2018-09-16,-124.34555556,40.17944444,106.7
"9977","201803010091",2018-09-16,-124.36583333,40.15388889,283.2
"9978","201803010092",2018-09-16,-124.44333333,40.12583333,567.3
"9979","201803010093",2018-09-17,-123.92111111,39.80055556,104
"9980","201803010094",2018-09-17,-124.0475,39.60361111,683.6
"9981","201803010095",2018-09-17,-124.01555556,39.51027778,505
"9982","201803010096",2018-09-17,-123.99111111,39.48027778,377.2
"9983","201803010097",2018-09-17,-124.07333333,39.34555556,634.8
"9984","201803010098",2018-09-18,-124.14555556,39.08583333,1152.8
"9985","201803010099",2018-09-18,-123.99722222,39.1525,412.5
"9986","201803010100",2018-09-18,-123.89722222,39.18027778,128.8
"9987","201803010101",2018-09-18,-124.01361111,39.21083333,459.2
"9988","201803010102",2018-09-19,-123.37472222,38.37555556,124.9
"9989","201803010103",2018-09-19,-123.15555556,38.33972222,82.9
"9990","201803010104",2018-09-20,-123.40305556,38.24194444,207.4
"9991","201803010105",2018-09-20,-123.53888889,38.05888889,489.4
"9992","201803010106",2018-09-21,-123.12444444,37.85,93.3
"9993","201803010107",2018-09-21,-122.94638889,37.91666667,65.4
"9994","201803010108",2018-09-25,-122.95611111,37.57527778,113.6
"9995","201803010109",2018-09-25,-122.86972222,37.51027778,100.6
"9996","201803010110",2018-09-25,-122.74722222,37.40722222,92.9
"9997","201803010111",2018-09-25,-122.86111111,37.37916667,153.1
"9998","201803010112",2018-09-25,-123.06583333,37.37944444,748
"9999","201803010113",2018-09-26,-122.29333333,36.94916667,107
"10000","201803010114",2018-09-26,-122.31583333,36.97861111,102.5
"10001","201803010115",2018-09-26,-122.325,36.93305556,196.4
"10002","201803010116",2018-09-26,-122.20722222,36.89666667,110.1
"10003","201803010117",2018-09-26,-122.20666667,36.76055556,649.2
"10004","201803010118",2018-09-27,-122.19194444,36.38388889,892.7
"10005","201803010119",2018-09-27,-122.05861111,36.19694444,842.5
"10006","201803010120",2018-09-28,-121.85555556,36.07444444,1004.7
"10007","201803010122",2018-09-29,-121.71222222,36.07027778,665
"10008","201803010123",2018-09-29,-122.00388889,35.81,1132.3
"10009","201803010124",2018-09-29,-121.75277778,35.7125,953.8
"10010","201803010125",2018-09-29,-121.61277778,35.72694444,715.8
"10011","201803010126",2018-09-30,-121.3925,35.25194444,739.8
"10012","201803010127",2018-09-30,-121.17583333,35.44055556,317.4
"10013","201803010128",2018-09-30,-121.18638889,35.50805556,247.4
"10014","201803010129",2018-09-30,-120.91888889,35.35083333,67.8
"10015","201803010130",2018-09-30,-121.04472222,35.25333333,312.6
"10016","201803010131",2018-10-01,-120.93833333,35.03027778,282.6
"10017","201803010132",2018-10-01,-121.06583333,35.0025,495.9
"10018","201803010133",2018-10-01,-121.20388889,34.83138889,548.9
"10019","201803010134",2018-10-01,-120.88722222,34.71138889,221.8
"10020","201803010135",2018-10-01,-120.78166667,34.67277778,96.7
"10021","201803010136",2018-10-02,-120.91333333,34.29555556,926.8
"10022","201803010137",2018-10-02,-120.63055556,34.32277778,480.2
"10023","201803010138",2018-10-02,-120.58472222,34.31527778,453.9
"10024","201803010139",2018-10-02,-120.51583333,34.36805556,287.7
"10025","201803010140",2018-10-02,-120.43888889,34.37555556,182.3
"10026","201803010141",2018-10-02,-120.41444444,34.35944444,247.3
"10027","201803010142",2018-10-03,-120.41388889,33.98805556,107.3
"10028","201803010143",2018-10-03,-120.585,34.17722222,260.7
"10029","201803010144",2018-10-03,-120.34333333,34.21527778,465.9
"10030","201803010145",2018-10-03,-120.19222222,34.22722222,526.6
"10031","201803010146",2018-10-04,-120.20555556,34.38361111,353.1
"10032","201803010147",2018-10-04,-119.82027778,34.29166667,291
"10033","201803010148",2018-10-08,-119.74777778,34.34666667,79.8
"10034","201803010149",2018-10-08,-119.69305556,34.31722222,94.4
"10035","201803010150",2018-10-08,-119.9825,34.13527778,200.1
"10036","201803010151",2018-10-08,-119.92666667,34.10361111,98.5
"10037","201803010152",2018-10-09,-119.93944444,33.88916667,90.9
"10038","201803010153",2018-10-09,-120.24444444,33.74,870.2
"10039","201803010154",2018-10-09,-120.0525,33.60111111,816.2
"10040","201803010155",2018-10-09,-119.89722222,33.50194444,392
"10041","201803010156",2018-10-10,-119.295,33.94277778,736.3
"10042","201803010158",2018-10-11,-118.47416667,33.83305556,125.7
"10043","201803010159",2018-10-11,-118.58611111,33.76027778,767.5
"10044","201803010160",2018-10-11,-118.53638889,33.70472222,778.2
"10045","201803010161",2018-10-11,-118.19361111,33.58388889,60.2
"10046","201803010162",2018-10-11,-118.06888889,33.48055556,561.6
"10047","201803010163",2018-10-12,-117.77972222,32.86388889,1057.1
"10048","201803010164",2018-10-12,-117.65805556,32.92416667,953.7
"10049","201803010165",2018-10-12,-117.75194444,33.15138889,812.7
"10050","201803010166",2018-10-13,-117.42333333,33.07583333,435.1
"10051","201803010167",2018-10-13,-117.66722222,33.38472222,85.1
"10052","201803010168",2018-10-13,-117.67638889,33.32972222,552.8
"10053","201803010169",2018-10-14,-118.30555556,33.35583333,91.8
"10054","201803017001",2018-08-18,-124.87222222,45.33333333,875.3
"10055","201803017002",2018-08-18,-124.61694444,45.39027778,402.8
"10056","201803017003",2018-08-18,-124.42527778,45.34861111,359.7
"10057","201803017004",2018-08-18,-124.49305556,45.48833333,376.7
"10058","201803017005",2018-08-18,-124.36666667,45.48916667,187
"10059","201803017006",2018-08-19,-125.04361111,46.665,963.3
"10060","201803017007",2018-08-19,-124.76277778,46.56027778,856.4
"10061","201803017008",2018-08-19,-124.70166667,46.57555556,863.3
"10062","201803017009",2018-08-19,-124.63166667,46.61916667,170
"10063","201803017010",2018-08-19,-124.41166667,46.58444444,93.8
"10064","201803017011",2018-08-19,-124.33194444,46.64916667,73.5
"10065","201803017012",2018-08-20,-125.0275,47.65388889,173.9
"10066","201803017013",2018-08-20,-125.25055556,47.46,869.7
"10067","201803017014",2018-08-20,-125.44277778,47.50694444,1132.6
"10068","201803017015",2018-08-20,-125.51027778,47.5675,1147.9
"10069","201803017016",2018-08-20,-125.73361111,47.73222222,1107.5
"10070","201803017017",2018-08-21,-124.96861111,48.15555556,154.3
"10071","201803017018",2018-08-21,-125.22111111,48.26166667,219.9
"10072","201803017020",2018-08-21,-125.11527778,48.06444444,134.6
"10073","201803017021",2018-08-21,-125.00555556,47.96833333,114.7
"10074","201803017022",2018-08-21,-124.935,47.96861111,96.8
"10075","201803017023",2018-08-21,-124.89972222,47.93,88.8
"10076","201803017024",2018-08-22,-124.74222222,47.77055556,66.2
"10077","201803017025",2018-08-22,-124.75583333,47.63666667,83.4
"10078","201803017026",2018-08-22,-124.76138889,47.40416667,132.6
"10079","201803017027",2018-08-22,-124.61472222,47.23638889,86.2
"10080","201803017028",2018-08-22,-124.66611111,47.20055556,99
"10081","201803017029",2018-08-22,-124.7425,47.1975,120.9
"10082","201803017030",2018-08-22,-124.50944444,47.06833333,69.9
"10083","201803017031",2018-08-23,-124.64722222,46.80527778,128.7
"10084","201803017032",2018-08-23,-124.37638889,46.50083333,87.6
"10085","201803017033",2018-08-23,-124.37638889,46.43305556,90.2
"10086","201803017034",2018-08-23,-124.5125,46.19138889,141
"10087","201803017035",2018-08-24,-124.25722222,46.285,68.7
"10088","201803017036",2018-08-25,-124.74388889,46.17305556,1025.3
"10089","201803017037",2018-08-25,-124.69694444,45.90944444,220.9
"10090","201803017038",2018-08-25,-124.55222222,45.17444444,366.1
"10091","201803017039",2018-08-25,-124.6225,45.07694444,443.2
"10092","201803017040",2018-08-26,-124.735,44.69972222,288
"10093","201803017041",2018-08-26,-124.79194444,44.67805556,297
"10094","201803017042",2018-08-26,-124.79972222,44.6175,332.3
"10095","201803017043",2018-08-26,-124.50111111,44.47805556,88.8
"10096","201803017044",2018-08-26,-124.3225,44.59083333,81.5
"10097","201803017045",2018-08-27,-124.15944444,44.87027778,79.6
"10098","201803017046",2018-08-31,-124.33555556,44.91361111,155.4
"10099","201803017047",2018-08-31,-125.01027778,44.67583333,988.2
"10100","201803017048",2018-08-31,-125.03916667,44.64583333,1167.4
"10101","201803017049",2018-08-31,-125.07944444,44.50111111,1188.7
"10102","201803017050",2018-08-31,-124.85138889,44.48222222,271.9
"10103","201803017051",2018-09-01,-124.83444444,44.36222222,397.9
"10104","201803017052",2018-09-01,-124.97694444,44.33194444,640.3
"10105","201803017053",2018-09-01,-124.91138889,44.13277778,159.1
"10106","201803017054",2018-09-01,-124.92833333,44.12027778,185.8
"10107","201803017055",2018-09-01,-124.76944444,44.02611111,117.6
"10108","201803017056",2018-09-02,-124.28444444,44.34888889,73.8
"10109","201803017057",2018-09-02,-124.31,44.31722222,76
"10110","201803017058",2018-09-02,-124.26444444,44.01166667,80.1
"10111","201803017059",2018-09-02,-124.41527778,44.06722222,116.8
"10112","201803017060",2018-09-02,-124.635,43.95,180.3
"10113","201803017061",2018-09-02,-124.8225,43.90611111,208.5
"10114","201803017062",2018-09-03,-124.85944444,43.84361111,340.6
"10115","201803017063",2018-09-03,-124.61916667,43.71916667,290.6
"10116","201803017064",2018-09-03,-124.48722222,43.65138889,146.6
"10117","201803017065",2018-09-03,-124.71138889,43.62166667,505.4
"10118","201803017066",2018-09-03,-124.72222222,43.58444444,542.5
"10119","201803017067",2018-09-04,-124.64888889,43.29444444,151.3
"10120","201803017068",2018-09-05,-124.98416667,43.34916667,885.4
"10121","201803017069",2018-09-05,-124.80555556,43.26388889,407.2
"10122","201803017070",2018-09-05,-124.52083333,43.07555556,72.7
"10123","201803017071",2018-09-05,-124.655,42.83472222,74.8
"10124","201803017072",2018-09-06,-124.73111111,42.56805556,262.3
"10125","201803017073",2018-09-06,-124.79944444,42.45694444,267
"10126","201803017074",2018-09-06,-124.91194444,42.30555556,1084.5
"10127","201803017075",2018-09-07,-124.49472222,42.24888889,115.4
"10128","201803017076",2018-09-07,-124.69722222,42.2825,461.6
"10129","201803017077",2018-09-07,-124.88638889,42.27055556,932
"10130","201803017078",2018-09-08,-124.67777778,41.8725,651
"10131","201803017080",2018-09-12,-124.68583333,41.74805556,756.3
"10132","201803017081",2018-09-12,-124.42444444,41.61305556,129.1
"10133","201803017082",2018-09-12,-124.26,41.5325,62
"10134","201803017083",2018-09-12,-124.30111111,41.24194444,105.4
"10135","201803017084",2018-09-13,-124.25861111,41.22166667,85.6
"10136","201803017085",2018-09-13,-124.26888889,41.17777778,90.6
"10137","201803017086",2018-09-13,-124.715,40.98472222,754.7
"10138","201803017087",2018-09-13,-124.79861111,41.04527778,923.7
"10139","201803017088",2018-09-13,-124.3775,40.84555556,111.5
"10140","201803017090",2018-09-14,-124.54916667,40.7175,531.6
"10141","201803017091",2018-09-14,-124.34055556,40.1225,348
"10142","201803017092",2018-09-14,-124.71555556,40.02416667,1050.3
"10143","201803017093",2018-09-15,-124.13138889,39.84388889,368.2
"10144","201803017094",2018-09-15,-124.29416667,39.86333333,1029.1
"10145","201803017095",2018-09-15,-124.12111111,39.87694444,160.5
"10146","201803017096",2018-09-15,-124.12722222,39.77861111,567.9
"10147","201803017097",2018-09-15,-123.97388889,39.8175,136
"10148","201803017098",2018-09-16,-123.91666667,39.61166667,136.6
"10149","201803017099",2018-09-16,-124.135,39.25388889,849.3
"10150","201803017100",2018-09-16,-124.18027778,39.17694444,1066
"10151","201803017101",2018-09-16,-123.9225,39.01416667,144.1
"10152","201803017102",2018-09-16,-123.81,39.02694444,91.5
"10153","201803017103",2018-09-17,-123.76555556,38.76944444,133.2
"10154","201803017104",2018-09-17,-123.80694444,38.72194444,255
"10155","201803017106",2018-09-17,-123.79694444,38.64166667,664.3
"10156","201803017107",2018-09-17,-123.73277778,38.57333333,606.6
"10157","201803017108",2018-09-18,-123.48722222,38.56583333,118.6
"10158","201803017109",2018-09-18,-123.60611111,38.53138889,167.6
"10159","201803017110",2018-09-18,-123.6475,38.33722222,759.1
"10160","201803017111",2018-09-18,-123.37472222,38.32888889,134.1
"10161","201803017112",2018-09-20,-123.33055556,38.39833333,113.9
"10162","201803017113",2018-09-20,-123.42972222,38.29888889,190.9
"10163","201803017114",2018-09-20,-123.53583333,38.17055556,544.9
"10164","201803017116",2018-09-20,-123.42888889,38.23861111,294.8
"10165","201803017117",2018-09-21,-123.07527778,38.07861111,68.3
"10166","201803017118",2018-09-21,-122.94555556,37.87388889,74.3
"10167","201803017119",2018-09-25,-122.97333333,37.29722222,503.5
"10168","201803017120",2018-09-25,-123.1525,37.22111111,1162.2
"10169","201803017121",2018-09-25,-122.64027778,37.06944444,143.5
"10170","201803017122",2018-09-25,-122.49388889,37.15861111,84.8
"10171","201803017123",2018-09-26,-122.37833333,36.91388889,521.2
"10172","201803017124",2018-09-26,-122.11277778,36.82388889,112.8
"10173","201803017125",2018-09-26,-121.87277778,36.71166667,73.5
"10174","201803017126",2018-09-26,-122.13111111,36.31027778,590.2
"10175","201803017127",2018-09-27,-122.23194444,36.25111111,997.5
"10176","201803017128",2018-09-27,-121.98916667,36.19277778,756.9
"10177","201803017129",2018-09-30,-121.54916667,35.86944444,425
"10178","201803017130",2018-09-30,-121.4725,35.54055556,703.8
"10179","201803017131",2018-09-30,-121.22944444,35.41416667,395.9
"10180","201803017132",2018-09-30,-121.23111111,35.29277778,532
"10181","201803017133",2018-10-01,-121.46444444,35.11277778,496.5
"10182","201803017134",2018-10-01,-121.46305556,34.98666667,510.4
"10183","201803017135",2018-10-01,-121.34388889,35.12777778,645.2
"10184","201803017136",2018-10-01,-120.97722222,35.14694444,281.7
"10185","201803017137",2018-10-01,-120.99916667,35.07083333,385.5
"10186","201803017138",2018-10-02,-120.94305556,35.00166667,300.9
"10187","201803017139",2018-10-02,-121.12583333,34.83833333,554.1
"10188","201803017140",2018-10-02,-121.15,34.59555556,819.9
"10189","201803017141",2018-10-02,-121.18055556,34.5275,1030
"10190","201803017142",2018-10-02,-120.97416667,34.70416667,403.7
"10191","201803017143",2018-10-03,-120.59861111,34.50555556,70.7
"10192","201803017144",2018-10-03,-120.58944444,34.44805556,111.1
"10193","201803017145",2018-10-03,-120.65472222,34.36472222,463.9
"10194","201803017146",2018-10-04,-119.49777778,34.14055556,240.7
"10195","201803017147",2018-10-04,-119.65694444,34.24277778,185.5
"10196","201803017148",2018-10-08,-119.79361111,34.22722222,325.1
"10197","201803017149",2018-10-08,-119.88916667,34.09972222,100.8
"10198","201803017150",2018-10-08,-120.05972222,34.10638889,107.2
"10199","201803017151",2018-10-08,-120.16416667,34.09722222,96.6
"10200","201803017152",2018-10-08,-120.38722222,33.97,114.7
"10201","201803017153",2018-10-09,-120.26416667,33.9325,99.3
"10202","201803017154",2018-10-09,-120.245,33.8775,321.5
"10203","201803017155",2018-10-09,-120.47138889,33.68861111,1085.5
"10204","201803017156",2018-10-09,-120.09416667,33.72305556,707.5
"10205","201803017157",2018-10-10,-118.51027778,33.20833333,1255.2
"10206","201803017158",2018-10-10,-118.12388889,33.17555556,1038.7
"10207","201803017159",2018-10-10,-117.92805556,33.03972222,945.6
"10208","201803017160",2018-10-10,-118.01805556,32.90944444,902.3
"10209","201803017163",2018-10-11,-117.77833333,32.68305556,421.5
"10210","201803017164",2018-10-11,-117.40416667,33.01777778,495.5
"10211","201803017165",2018-10-11,-117.58277778,33.30611111,70
"10212","201803017166",2018-10-12,-117.85027778,33.52111111,470.4
"10213","201803017167",2018-10-12,-117.98861111,33.35305556,718.6
"10214","201803017168",2018-10-12,-118.41444444,33.45583333,352.5
"10215","201803017170",2018-10-13,-118.61083333,33.54416667,529.9
"10216","201803017171",2018-10-13,-118.66833333,33.49833333,274.7
"10217","201803017172",2018-10-13,-118.70638889,33.41333333,1183.1
"10218","201803017173",2018-10-14,-118.58805556,33.51916667,386.1
"10219","201803017175",2018-10-15,-118.10888889,33.49861111,411.7
"10220","201803020001",2018-05-19,-125.01805556,44.81222222,1181.8
"10221","201803020002",2018-05-19,-125.01,44.94805556,976.8
"10222","201803020003",2018-05-19,-125.23083333,44.98166667,1181.6
"10223","201803020004",2018-05-19,-124.94,45.17611111,805.4
"10224","201803020005",2018-05-20,-124.76111111,45.39333333,647.6
"10225","201803020006",2018-05-20,-124.67444444,45.40388889,443.8
"10226","201803020007",2018-05-20,-124.65,45.62916667,365
"10227","201803020008",2018-05-20,-124.58111111,45.66472222,246.8
"10228","201803020009",2018-05-20,-124.88666667,45.89277778,746.9
"10229","201803020010",2018-05-21,-124.91166667,46.30333333,957.8
"10230","201803020012",2018-05-21,-124.82138889,46.33083333,881.1
"10231","201803020013",2018-05-21,-124.65277778,46.39361111,988.9
"10232","201803020014",2018-05-21,-124.57583333,46.38166667,196.2
"10233","201803020015",2018-05-21,-124.41361111,46.48777778,103.7
"10234","201803020016",2018-05-22,-124.71222222,46.96833333,126.5
"10235","201803020017",2018-05-22,-124.88916667,47.02388889,168.7
"10236","201803020018",2018-05-22,-124.81361111,47.23027778,147.8
"10237","201803020019",2018-05-22,-124.54194444,47.22638889,70.6
"10238","201803020020",2018-05-22,-124.63388889,47.32444444,91.2
"10239","201803020021",2018-05-22,-124.70416667,47.38694444,110.9
"10240","201803020022",2018-05-23,-125.10388889,47.59944444,453
"10241","201803020023",2018-05-23,-125.25472222,47.63361111,778.7
"10242","201803020024",2018-05-23,-125.175,47.87111111,195.2
"10243","201803020025",2018-05-23,-125.37694444,47.895,780.8
"10244","201803020026",2018-05-23,-125.37944444,48.00805556,506.5
"10245","201803020027",2018-05-23,-125.54222222,47.97722222,178.7
"10246","201803020028",2018-05-24,-125.74138889,48.07361111,702.3
"10247","201803020029",2018-05-24,-125.60388889,48.12527778,157.1
"10248","201803020030",2018-05-24,-125.06166667,48.29361111,185.2
"10249","201803020031",2018-05-24,-125.14972222,48.06833333,141.2
"10250","201803020032",2018-05-24,-125.03277778,48.03277778,121.7
"10251","201803020033",2018-05-24,-124.96166667,47.89583333,115.4
"10252","201803020034",2018-05-25,-124.67305556,47.65027778,62.6
"10253","201803020035",2018-05-25,-124.79444444,47.285,163.3
"10254","201803020036",2018-05-25,-124.51055556,46.69638889,104.5
"10255","201803020037",2018-05-26,-124.23555556,46.2225,71.7
"10256","201803020038",2018-05-26,-124.61194444,46.56861111,227
"10257","201803020039",2018-05-26,-124.95166667,46.5675,1010.1
"10258","201803020040",2018-05-27,-124.26,45.96722222,116.5
"10259","201803020041",2018-05-27,-124.21333333,45.83694444,115.8
"10260","201803020042",2018-05-27,-124.03777778,45.7175,69.7
"10261","201803020043",2018-05-27,-124.07166667,45.40083333,80.6
"10262","201803020044",2018-05-27,-124.28972222,45.26055556,185.2
"10263","201803020045",2018-05-27,-124.44972222,45.225,401.2
"10264","201803020046",2018-05-28,-124.23361111,44.99861111,139.7
"10265","201803020047",2018-06-01,-124.86222222,44.86305556,434
"10266","201803020048",2018-06-01,-124.81638889,44.87111111,336.2
"10267","201803020049",2018-06-01,-124.7575,44.83416667,430
"10268","201803020050",2018-06-01,-124.65166667,44.92027778,406.1
"10269","201803020051",2018-06-01,-124.57555556,45.04194444,417.6
"10270","201803020052",2018-06-02,-124.42472222,45.0725,319
"10271","201803020053",2018-06-02,-124.20138889,44.93861111,111.6
"10272","201803020054",2018-06-02,-124.41138889,44.84527778,153.2
"10273","201803020055",2018-06-03,-124.25083333,44.44027778,70
"10274","201803020056",2018-06-03,-124.525,44.37638889,94
"10275","201803020057",2018-06-03,-124.49777778,44.37805556,92.4
"10276","201803020058",2018-06-03,-124.35194444,44.30694444,82.2
"10277","201803020059",2018-06-03,-124.35666667,44.18111111,89.3
"10278","201803020060",2018-06-03,-124.29527778,44.1075,82.5
"10279","201803020061",2018-06-04,-124.6925,44.06583333,122.8
"10280","201803020062",2018-06-04,-124.61583333,43.96861111,167.2
"10281","201803020063",2018-06-04,-124.50972222,43.94166667,139.2
"10282","201803020064",2018-06-04,-124.57694444,43.86416667,197.4
"10283","201803020065",2018-06-04,-124.77277778,43.88805556,244.4
"10284","201803020066",2018-06-04,-124.90138889,43.90361111,389.7
"10285","201803020067",2018-06-05,-124.74527778,43.63805556,575.6
"10286","201803020068",2018-06-05,-124.81805556,43.57277778,638.1
"10287","201803020069",2018-06-05,-124.74305556,43.44055556,558.7
"10288","201803020070",2018-06-05,-124.86138889,43.27638889,408.2
"10289","201803020071",2018-06-05,-124.59472222,43.28027778,119.8
"10290","201803020072",2018-06-06,-124.48388889,43.59,142.5
"10291","201803020073",2018-06-06,-124.38694444,43.48666667,102
"10292","201803020074",2018-06-07,-124.65277778,43.13722222,149
"10293","201803020076",2018-06-07,-124.56111111,43.04638889,94.9
"10294","201803020077",2018-06-07,-124.89083333,43.08166667,419.4
"10295","201803020078",2018-06-07,-124.91861111,42.80194444,509.2
"10296","201803020079",2018-06-07,-124.8375,42.49388889,599.5
"10297","201803020080",2018-06-08,-124.52972222,42.35194444,104
"10298","201803020081",2018-06-08,-124.50277778,42.32666667,93.5
"10299","201803020082",2018-06-08,-124.57194444,42.16722222,165.1
"10300","201803020083",2018-06-08,-124.64888889,41.99361111,495.9
"10301","201803020084",2018-06-08,-124.72,41.96666667,666.2
"10302","201803020085",2018-06-08,-124.7875,41.77416667,836.2
"10303","201803020086",2018-06-08,-124.87777778,41.63666667,893.1
"10304","201803020087",2018-06-09,-125.03111111,41.81388889,1186.9
"10305","201803020088",2018-06-09,-124.45416667,41.89805556,105.7
"10306","201803020089",2018-06-09,-124.4025,41.895,70.6
"10307","201803020090",2018-06-13,-124.85333333,41.3575,988.8
"10308","201803020091",2018-06-13,-124.86416667,41.27027778,1161.5
"10309","201803020092",2018-06-13,-124.46416667,41.45833333,153.7
"10310","201803020093",2018-06-13,-124.30194444,41.35944444,89.2
"10311","201803020094",2018-06-17,-124.55083333,40.85833333,540.9
"10312","201803020095",2018-06-17,-124.64083333,41.02416667,738.8
"10313","201803020096",2018-06-17,-124.49111111,40.83638889,452.6
"10314","201803020101",2018-06-18,-124.56305556,40.20222222,556.6
"10315","201803020102",2018-06-18,-124.84583333,40.19722222,887.7
"10316","201803020103",2018-06-18,-124.39722222,40.02194444,821.6
"10317","201803020104",2018-06-18,-124.26555556,39.855,969.5
"10318","201803020105",2018-06-19,-124.12861111,39.92111111,135.7
"10319","201803020106",2018-06-19,-123.97944444,39.83888889,123
"10320","201803020107",2018-06-19,-124.16638889,39.71888889,987.3
"10321","201803020108",2018-06-19,-123.92555556,39.31472222,142.2
"10322","201803020109",2018-06-19,-123.89638889,38.77916667,802.7
"10323","201803020110",2018-06-20,-123.59222222,38.745,82.2
"10324","201803020111",2018-06-20,-123.59138889,38.44305556,204.6
"10325","201803020112",2018-06-20,-123.51666667,38.44333333,166.7
"10326","201803020113",2018-06-20,-123.50694444,38.20194444,458.4
"10327","201803020114",2018-06-20,-123.31722222,38.33305556,114.3
"10328","201803020115",2018-06-21,-123.0975,38.23833333,81.1
"10329","201803020116",2018-06-21,-123.12611111,38.20416667,86.7
"10330","201803020117",2018-06-21,-123.19888889,38.10527778,103.8
"10331","201803020118",2018-06-21,-123.07527778,37.87027778,91.3
"10332","201803020119",2018-06-21,-123.00527778,37.90833333,72.8
"10333","201803020120",2018-06-21,-122.94194444,37.90666667,67.7
"10334","201803020121",2018-06-22,-123.22583333,37.45416667,1145.6
"10335","201803020122",2018-06-22,-122.89666667,37.53888889,102.6
"10336","201803020123",2018-06-26,-122.73583333,37.43944444,85.3
"10337","201803020124",2018-06-26,-122.535,37.13472222,102.5
"10338","201803020125",2018-06-26,-121.97916667,36.8725,66.6
"10339","201803020126",2018-06-26,-121.97638889,36.65305556,94.2
"10340","201803020127",2018-06-26,-121.97194444,36.44722222,125.8
"10341","201803020128",2018-06-27,-122.00416667,36.38333333,388.8
"10342","201803020129",2018-06-27,-121.96111111,36.31222222,77.4
"10343","201803020130",2018-06-27,-122.19611111,36.26083333,909.9
"10344","201803020131",2018-06-27,-122.13944444,36.15111111,1246
"10345","201803020132",2018-06-27,-121.93027778,36.14722222,983.4
"10346","201803020133",2018-06-27,-121.99,36.01833333,1235.5
"10347","201803020134",2018-06-28,-121.89722222,35.83527778,1182.6
"10348","201803020135",2018-06-28,-121.59166667,35.97722222,394.6
"10349","201803020136",2018-06-28,-121.36555556,35.56138889,471.1
"10350","201803020137",2018-06-28,-121.28444444,35.5225,397.9
"10351","201803020138",2018-06-29,-121.25805556,35.39638889,439.7
"10352","201803020139",2018-06-29,-121.20722222,35.31555556,464.1
"10353","201803020140",2018-06-29,-120.9725,35.28416667,105.6
"10354","201803020141",2018-06-30,-121.7625,35.64166667,942.3
"10355","201803020142",2018-06-30,-121.63583333,35.48777778,1028.6
"10356","201803020143",2018-06-30,-121.63388889,35.48083333,1009.4
"10357","201803020144",2018-06-30,-121.53666667,35.30638889,860.6
"10358","201803020145",2018-06-30,-121.55555556,35.10138889,607.9
"10359","201803020147",2018-07-01,-121.54888889,35.00194444,978.9
"10360","201803020148",2018-07-01,-121.40527778,35.00055556,425.7
"10361","201803020149",2018-07-01,-121.33055556,35.14916667,652.7
"10362","201803020150",2018-07-01,-121.18416667,35.16027778,578.3
"10363","201803020151",2018-07-01,-121.10083333,35.09111111,531.9
"10364","201803020152",2018-07-01,-120.995,35.11138889,364.5
"10365","201803020153",2018-07-01,-120.80833333,34.94083333,120
"10366","201803020154",2018-07-02,-121.15166667,34.7875,557.7
"10367","201803020155",2018-07-02,-121.26277778,34.69583333,636.3
"10368","201803020156",2018-07-02,-120.94888889,34.61805556,487.2
"10369","201803020157",2018-07-02,-120.67111111,34.51916667,88.4
"10370","201803020159",2018-07-02,-120.55638889,34.43277778,125.4
"10371","201803020160",2018-07-03,-120.42277778,34.37888889,150.8
"10372","201803020161",2018-07-03,-120.48194444,34.23944444,477.6
"10373","201803020163",2018-07-03,-120.27055556,34.08944444,92.5
"10374","201803020164",2018-07-03,-120.23361111,34.08888889,86.5
"10375","201803020165",2018-07-03,-120.12555556,34.17611111,522.1
"10376","201803020166",2018-07-04,-119.94138889,34.13083333,116.2
"10377","201803020167",2018-07-04,-119.62027778,34.10277778,218.1
"10378","201803020168",2018-07-04,-119.46416667,34.15416667,203.9
"10379","201803020169",2018-07-05,-119.74972222,34.23805556,191.1
"10380","201803020171",2018-07-09,-119.66555556,33.91138889,703.3
"10381","201803020172",2018-07-09,-119.86583333,33.85305556,572.3
"10382","201803020174",2018-07-09,-120.04694444,33.75083333,171.2
"10383","201803020175",2018-07-09,-120.31111111,33.86805556,574.7
"10384","201803020176",2018-07-10,-120.25916667,33.11805556,652.9
"10385","201803020177",2018-07-10,-120.35527778,33.1575,544.1
"10386","201803020178",2018-07-10,-119.8575,32.59388889,991.5
"10387","201803020181",2018-07-11,-118.5325,32.44055556,1039.6
"10388","201803020182",2018-07-11,-118.23444444,32.28777778,861.7
"10389","201803020183",2018-07-12,-118.01083333,32.75083333,760.1
"10390","201803020184",2018-07-12,-117.80277778,32.71138889,400.5
"10391","201803020186",2018-07-12,-117.40694444,32.65555556,327.4
"10392","201803020187",2018-07-13,-117.49027778,32.78888889,770
"10393","201803020188",2018-07-13,-117.55972222,32.96444444,777.6
"10394","201803020189",2018-07-13,-117.38,33.01083333,453.4
"10395","201803020190",2018-07-13,-117.35888889,33.01444444,358.1
"10396","201803020191",2018-07-13,-117.37055556,33.04416667,315.2
"10397","201803020192",2018-07-13,-117.39944444,33.07472222,378.1
"10398","201803020193",2018-07-13,-117.39638889,33.15305556,74
"10399","201803020194",2018-07-14,-118.01638889,33.48944444,474.3
"10400","201803020195",2018-07-15,-118.41305556,33.19416667,1188.3
"10401","201803020196",2018-07-15,-118.50777778,33.36472222,80.2
"10402","201803020197",2018-07-15,-118.55361111,33.51305556,374.6
"10403","201803020198",2018-07-16,-117.86361111,33.56555556,70.3
"10404","201903008001",2019-08-23,-124.98305556,45.12638889,1003.2
"10405","201903008002",2019-08-24,-124.50083333,46.53055556,160.3
"10406","201903008003",2019-08-24,-124.57444444,46.65555556,135
"10407","201903008004",2019-08-24,-124.78972222,46.6725,312.5
"10408","201903008006",2019-08-24,-125.01555556,46.80722222,636.8
"10409","201903008007",2019-08-24,-125.22055556,46.92527778,985.7
"10410","201903008008",2019-08-25,-125.38388889,47.53666667,651.7
"10411","201903008009",2019-08-25,-125.50194444,47.63611111,1145.9
"10412","201903008010",2019-08-25,-125.65916667,47.89888889,601.1
"10413","201903008011",2019-08-25,-125.77111111,47.95277778,984.1
"10414","201903008012",2019-08-25,-125.61638889,47.97722222,289.7
"10415","201903008014",2019-08-26,-125.55638889,48.22722222,154.4
"10416","201903008015",2019-08-26,-125.60388889,48.175,162.2
"10417","201903008016",2019-08-26,-125.49416667,48.13361111,144.5
"10418","201903008017",2019-08-27,-124.82361111,48.35972222,95.3
"10419","201903008018",2019-08-27,-125.09611111,48.13861111,230.6
"10420","201903008019",2019-08-27,-124.99166667,48.09361111,143.4
"10421","201903008020",2019-08-27,-124.85944444,47.90305556,81.7
"10422","201903008021",2019-08-27,-124.85833333,47.86,87.1
"10423","201903008022",2019-08-27,-125.00361111,47.82555556,124.9
"10424","201903008023",2019-08-27,-124.74861111,47.68694444,76.3
"10425","201903008024",2019-08-27,-124.80416667,47.65944444,95.7
"10426","201903008025",2019-08-28,-124.59194444,47.41972222,66.5
"10427","201903008026",2019-08-28,-124.66555556,47.33472222,99.6
"10428","201903008027",2019-08-28,-124.60888889,47.19916667,83.7
"10429","201903008028",2019-08-29,-124.82138889,46.97361111,164.8
"10430","201903008029",2019-08-29,-124.83388889,46.94083333,302.1
"10431","201903008030",2019-08-29,-124.79944444,46.91944444,157.1
"10432","201903008031",2019-08-29,-124.81333333,46.23027778,679.2
"10433","201903008032",2019-08-29,-124.45916667,46.21333333,146.2
"10434","201903008033",2019-08-30,-125.32333333,45.90611111,1180.3
"10435","201903008034",2019-08-30,-124.74416667,45.82722222,390.6
"10436","201903008035",2019-08-30,-124.60638889,45.85277778,175.1
"10437","201903008036",2019-08-30,-124.57111111,45.72,203.7
"10438","201903008037",2019-08-30,-124.66111111,45.655,353.5
"10439","201903008038",2019-08-30,-124.59888889,45.53861111,453.7
"10440","201903008039",2019-08-31,-124.25083333,45.49972222,149
"10441","201903008040",2019-08-31,-124.32583333,45.4325,176.2
"10442","201903008041",2019-08-31,-124.56888889,45.39194444,384.4
"10443","201903008042",2019-08-31,-124.54944444,45.36472222,382.3
"10444","201903008043",2019-08-31,-124.78583333,45.26388889,662.4
"10445","201903008044",2019-08-31,-124.64472222,45.19694444,377.9
"10446","201903008045",2019-08-31,-124.60888889,45.17583333,351.4
"10447","201903008046",2019-08-31,-124.54444444,45.16666667,348.9
"10448","201903008048",2019-09-01,-124.52111111,45.15555556,343.1
"10449","201903008049",2019-09-05,-124.25583333,45.10111111,167.1
"10450","201903008050",2019-09-05,-124.16222222,45.06583333,111.6
"10451","201903008051",2019-09-05,-124.22805556,44.90666667,120.1
"10452","201903008052",2019-09-05,-124.3675,44.92388889,166.7
"10453","201903008053",2019-09-05,-124.57833333,44.89805556,389.8
"10454","201903008054",2019-09-05,-124.52583333,44.80472222,192.8
"10455","201903008055",2019-09-06,-124.87805556,44.77694444,537.7
"10456","201903008056",2019-09-06,-124.94944444,44.53527778,661.6
"10457","201903008057",2019-09-06,-125.05694444,44.25138889,878.9
"10458","201903008058",2019-09-06,-124.93527778,44.29361111,484.1
"10459","201903008059",2019-09-06,-124.82944444,44.30277778,162.4
"10460","201903008060",2019-09-07,-124.59583333,44.47944444,135.6
"10461","201903008061",2019-09-07,-124.62944444,44.54194444,220.4
"10462","201903008062",2019-09-07,-124.62444444,44.47194444,143.5
"10463","201903008063",2019-09-07,-124.36138889,44.37055556,79.3
"10464","201903008064",2019-09-07,-124.43777778,44.08111111,117.2
"10465","201903008065",2019-09-07,-124.33388889,44.01333333,105.5
"10466","201903008066",2019-09-08,-124.81083333,43.89138889,232.9
"10467","201903008067",2019-09-08,-124.57333333,43.81638889,205.5
"10468","201903008068",2019-09-08,-124.55166667,43.77416667,185.7
"10469","201903008070",2019-09-08,-124.51472222,43.77777778,154.1
"10470","201903008071",2019-09-08,-124.43138889,43.71694444,121.9
"10471","201903008072",2019-09-09,-124.36083333,43.61222222,111.1
"10472","201903008073",2019-09-10,-124.60638889,43.44777778,179.5
"10473","201903008074",2019-09-10,-124.52027778,43.57138889,161
"10474","201903008075",2019-09-10,-124.62972222,43.61361111,312.4
"10475","201903008076",2019-09-10,-125.03416667,43.62444444,1023.6
"10476","201903008077",2019-09-11,-124.91888889,43.15805556,687.1
"10477","201903008078",2019-09-11,-124.93305556,42.96472222,466.5
"10478","201903008079",2019-09-11,-124.88166667,42.825,343.2
"10479","201903008080",2019-09-11,-124.76944444,42.81722222,208.6
"10480","201903008081",2019-09-11,-124.84361111,42.765,398.4
"10481","201903008082",2019-09-11,-124.72972222,42.66888889,279.8
"10482","201903008083",2019-09-12,-124.58638889,42.69361111,98.5
"10483","201903008084",2019-09-12,-124.60472222,42.53416667,98.5
"10484","201903008085",2019-09-12,-124.60472222,42.38972222,109.9
"10485","201903008087",2019-09-12,-124.88027778,41.86694444,826.2
"10486","201903008088",2019-09-12,-124.865,41.88083333,787.9
"10487","201903008089",2019-09-13,-124.78833333,42.02722222,679.7
"10488","201903008090",2019-09-13,-124.81527778,42.05388889,690.7
"10489","201903008091",2019-09-13,-124.70722222,42.06777778,592.9
"10490","201903008092",2019-09-13,-124.69305556,42.13222222,571.7
"10491","201903008093",2019-09-14,-124.43777778,42.09944444,94.5
"10492","201903008094",2019-09-18,-124.40777778,41.70833333,117.8
"10493","201903008095",2019-09-18,-124.45555556,41.66944444,167.7
"10494","201903008096",2019-09-18,-124.88694444,41.34916667,1109.7
"10495","201903008097",2019-09-18,-124.6575,41.20833333,1146.7
"10496","201903008098",2019-09-19,-124.18111111,41.42111111,58.8
"10497","201903008099",2019-09-19,-124.31944444,41.14111111,131.6
"10498","201903008100",2019-09-19,-124.34,41.10472222,160.1
"10499","201903008101",2019-09-19,-124.46611111,41.10222222,632.4
"10500","201903008102",2019-09-19,-124.42527778,40.85916667,248.5
"10501","201903008103",2019-09-20,-124.53583333,40.39138889,235.6
"10502","201903008104",2019-09-20,-124.28194444,40.10472222,154.2
"10503","201903008105",2019-09-20,-124.28027778,39.93638889,864.3
"10504","201903008106",2019-09-20,-124.20555556,39.88055556,599.7
"10505","201903008107",2019-09-20,-123.99833333,39.8175,143.6
"10506","201903008108",2019-09-21,-124.10083333,39.55722222,1115.2
"10507","201903008109",2019-09-21,-123.96583333,39.47861111,200
"10508","201903008110",2019-09-21,-123.97666667,39.27833333,314.1
"10509","201903008111",2019-09-21,-123.90138889,39.2125,132
"10510","201903008112",2019-09-21,-123.91722222,39.14888889,134.6
"10511","201903008113",2019-09-21,-123.98166667,39.11722222,375.9
"10512","201903008115",2019-09-22,-123.59277778,38.61527778,137
"10513","201903008116",2019-09-22,-123.63972222,38.54,199.6
"10514","201903008117",2019-09-22,-123.58666667,38.51805556,169.9
"10515","201903008118",2019-09-22,-123.55583333,38.45083333,194.9
"10516","201903008119",2019-09-22,-123.53027778,38.25055556,419.3
"10517","201903008120",2019-09-25,-123.31361111,38.2675,122
"10518","201903008121",2019-09-25,-123.21972222,38.20777778,104.2
"10519","201903008122",2019-09-25,-123.2775,38.17472222,120.4
"10520","201903008123",2019-09-25,-123.32,38.05138889,135.8
"10521","201903008124",2019-09-26,-122.70583333,37.17611111,128.6
"10522","201903008125",2019-09-26,-122.71694444,37.28305556,107.7
"10523","201903008126",2019-09-26,-122.86194444,37.34055556,192.3
"10524","201903008127",2019-09-26,-123.09861111,37.86333333,91.9
"10525","201903008128",2019-09-27,-122.97083333,37.91027778,63.8
"10526","201903008129",2019-10-01,-122.4775,37.22277778,65.1
"10527","201903008130",2019-10-01,-122.44694444,37.09111111,90.8
"10528","201903008131",2019-10-01,-122.50611111,37.00472222,134.9
"10529","201903008132",2019-10-01,-122.79305556,37.04388889,860.3
"10530","201903008133",2019-10-01,-122.83055556,37.04972222,817.1
"10531","201903008134",2019-10-02,-121.91111111,36.67722222,86.6
"10532","201903008135",2019-10-02,-122.34805556,36.28888889,1177.7
"10533","201903008136",2019-10-02,-122.11083333,36.15833333,1159.2
"10534","201903008137",2019-10-02,-122.00638889,36.17805556,868.3
"10535","201903008138",2019-10-03,-122.01277778,35.74722222,1114.1
"10536","201903008139",2019-10-03,-121.84305556,35.71083333,1032.3
"10537","201903008140",2019-10-03,-121.61416667,35.50416667,939
"10538","201903008141",2019-10-03,-121.70055556,35.24055556,1188.9
"10539","201903008142",2019-10-04,-121.24472222,35.60694444,73.3
"10540","201903008143",2019-10-04,-121.31083333,35.46027778,492.6
"10541","201903008144",2019-10-04,-121.26972222,35.29666667,567.6
"10542","201903008145",2019-10-05,-121.02277778,35.30694444,175.9
"10543","201903008146",2019-10-05,-121.38444444,35.32527778,737.6
"10544","201903008147",2019-10-05,-121.22972222,35.02222222,588.4
"10545","201903008150",2019-10-06,-120.77944444,35.09083333,70.4
"10546","201903008151",2019-10-06,-120.78277778,34.80777778,100.2
"10547","201903008152",2019-10-06,-120.75777778,34.79694444,87.3
"10548","201903008153",2019-10-06,-120.44333333,34.32888889,358
"10549","201903008154",2019-10-06,-120.32472222,34.32222222,342.8
"10550","201903008155",2019-10-07,-120.15527778,34.13222222,383.6
"10551","201903008156",2019-10-07,-119.93833333,34.15611111,456.1
"10552","201903008157",2019-10-07,-119.90722222,34.16638889,460.6
"10553","201903008158",2019-10-07,-119.91,34.28138889,486.2
"10554","201903008159",2019-10-07,-119.94861111,34.33527778,465.1
"10555","201903008160",2019-10-07,-119.86111111,34.35166667,167.7
"10556","201903008161",2019-10-08,-119.80027778,34.3775,68.4
"10557","201903008162",2019-10-08,-119.68944444,34.27833333,175.5
"10558","201903008163",2019-10-08,-119.69305556,34.25333333,204.5
"10559","201903008164",2019-10-08,-119.63138889,34.28444444,100.2
"10560","201903008165",2019-10-09,-119.6625,34.30583333,94
"10561","201903008166",2019-10-13,-119.92055556,33.88944444,96.8
"10562","201903008168",2019-10-13,-120.06888889,33.85916667,91.3
"10563","201903008169",2019-10-13,-120.19388889,33.78611111,631.1
"10564","201903008171",2019-10-13,-119.97805556,33.66472222,132.9
"10565","201903008172",2019-10-13,-119.88555556,33.71333333,139.6
"10566","201903008173",2019-10-14,-119.84194444,33.655,199.3
"10567","201903008174",2019-10-14,-119.83361111,33.61888889,262.3
"10568","201903008175",2019-10-14,-120.59111111,33.70583333,1136.6
"10569","201903008176",2019-10-14,-120.34888889,33.33194444,949.7
"10570","201903008177",2019-10-15,-120.25027778,33.01083333,645.2
"10571","201903008178",2019-10-15,-120.08805556,32.74333333,526.5
"10572","201903008179",2019-10-15,-119.06722222,32.31194444,958.7
"10573","201903008180",2019-10-16,-118.65138889,32.01361111,1137.1
"10574","201903008182",2019-10-16,-118.41111111,32.03027778,732.2
"10575","201903008183",2019-10-16,-118.23805556,32.07944444,143.6
"10576","201903008184",2019-10-17,-117.33888889,32.72111111,100.7
"10577","201903008185",2019-10-17,-117.88361111,32.89083333,419.1
"10578","201903008186",2019-10-17,-117.53083333,33.17472222,451.8
"10579","201903008187",2019-10-18,-119.34055556,33.96083333,741.9
"10580","201903008188",2019-10-18,-118.99833333,34.03333333,66.8
"10581","201903008190",2019-10-18,-118.67694444,33.49333333,266.7
"10582","201903008191",2019-10-19,-118.16194444,33.24472222,414.7
"10583","201903008192",2019-10-19,-118.20055556,33.27194444,314.2
"10584","201903008193",2019-10-20,-118.18,33.41611111,722.1
"10585","201903020001",2019-05-25,-124.89972222,45.19972222,835.9
"10586","201903020002",2019-05-26,-124.81555556,45.39333333,801.8
"10587","201903020003",2019-05-26,-124.68027778,45.40388889,470
"10588","201903020005",2019-05-26,-124.84722222,45.60333333,1172.8
"10589","201903020006",2019-05-26,-124.76916667,45.86194444,515.1
"10590","201903020007",2019-05-27,-124.47,46.48527778,135.8
"10591","201903020008",2019-05-27,-124.40333333,46.70138889,83.8
"10592","201903020009",2019-05-27,-124.42583333,46.75777778,84.2
"10593","201903020010",2019-05-27,-124.64527778,46.79027778,132.3
"10594","201903020011",2019-05-27,-124.45944444,46.87027778,80
"10595","201903020012",2019-05-27,-124.5075,46.92305556,83.9
"10596","201903020013",2019-05-28,-125.50972222,47.54444444,1208.7
"10597","201903020014",2019-05-28,-125.5125,47.57611111,1134.6
"10598","201903020015",2019-05-28,-125.51444444,47.69444444,1068.8
"10599","201903020016",2019-05-28,-125.40722222,47.72222222,1004.1
"10600","201903020017",2019-05-28,-125.32416667,47.7175,934.1
"10601","201903020018",2019-05-29,-125.96138889,48.07222222,1055.1
"10602","201903020020",2019-05-29,-125.61277778,48.19611111,165
"10603","201903020021",2019-05-30,-125.06166667,48.34805556,172
"10604","201903020022",2019-05-30,-125.24833333,48.325,181.5
"10605","201903020024",2019-05-30,-125.02833333,48.25972222,302
"10606","201903020025",2019-05-31,-125.03055556,48.23972222,317.8
"10607","201903020026",2019-05-31,-125.00194444,48.20333333,273.3
"10608","201903020027",2019-05-31,-124.99694444,48.03444444,112.7
"10609","201903020028",2019-05-31,-124.98555556,47.98722222,109
"10610","201903020029",2019-05-31,-124.78305556,47.76138889,78.8
"10611","201903020030",2019-05-31,-124.73361111,47.72055556,69.1
"10612","201903020031",2019-05-31,-124.78083333,47.6,95.4
"10613","201903020032",2019-05-31,-124.7875,47.5675,103.7
"10614","201903020033",2019-06-01,-124.75055556,47.22861111,125.7
"10615","201903020034",2019-06-01,-124.61972222,47.22472222,85.7
"10616","201903020035",2019-06-01,-124.87,46.95722222,173.8
"10617","201903020036",2019-06-01,-124.95638889,46.8225,542.4
"10618","201903020037",2019-06-01,-124.8725,46.72944444,470.6
"10619","201903020038",2019-06-01,-124.61555556,46.51638889,660.7
"10620","201903020039",2019-06-02,-124.92222222,46.37,986.6
"10621","201903020040",2019-06-02,-124.70527778,46.26222222,912.7
"10622","201903020041",2019-06-02,-124.34777778,46.22583333,118.7
"10623","201903020042",2019-06-02,-124.16361111,46.02888889,87.5
"10624","201903020043",2019-06-06,-124.13805556,44.89222222,71.9
"10625","201903020044",2019-06-06,-124.12861111,44.95527778,80.6
"10626","201903020045",2019-06-06,-124.13944444,45.45111111,109.3
"10627","201903020046",2019-06-06,-124.1425,45.79055556,96.1
"10628","201903020047",2019-06-06,-124.23805556,45.85972222,120.1
"10629","201903020048",2019-06-07,-124.65972222,46.15777778,205
"10630","201903020049",2019-06-07,-124.72444444,46.05416667,283.5
"10631","201903020050",2019-06-07,-124.68111111,46.04083333,204.3
"10632","201903020051",2019-06-07,-124.62333333,45.95055556,175.8
"10633","201903020052",2019-06-08,-125.21972222,44.95194444,1216.3
"10634","201903020053",2019-06-08,-124.68722222,44.94277778,455.4
"10635","201903020055",2019-06-08,-124.55611111,45.13333333,324.6
"10636","201903020056",2019-06-08,-124.41333333,44.9775,250.8
"10637","201903020057",2019-06-08,-124.47888889,44.875,208.1
"10638","201903020058",2019-06-09,-124.55194444,44.875,309.6
"10639","201903020059",2019-06-09,-124.35111111,44.67222222,87
"10640","201903020061",2019-06-09,-124.39527778,44.37,77.2
"10641","201903020062",2019-06-09,-124.48944444,44.24888889,101.6
"10642","201903020063",2019-06-09,-124.32944444,44.04861111,100
"10643","201903020064",2019-06-11,-124.18305556,44.66138889,63.8
"10644","201903020065",2019-06-11,-124.90583333,44.34194444,585.8
"10645","201903020067",2019-06-12,-124.79194444,43.82694444,347.6
"10646","201903020068",2019-06-12,-124.75805556,43.82583333,394
"10647","201903020069",2019-06-12,-124.44888889,43.84222222,125.6
"10648","201903020070",2019-06-12,-124.37694444,43.72527778,113.7
"10649","201903020071",2019-06-12,-124.53361111,43.58472222,171.4
"10650","201903020072",2019-06-12,-124.60666667,43.49194444,211.2
"10651","201903020073",2019-06-13,-124.83777778,43.59944444,598.2
"10652","201903020074",2019-06-13,-125.10416667,43.43972222,1009.6
"10653","201903020075",2019-06-13,-124.67,43.19305556,153.1
"10654","201903020076",2019-06-13,-124.6525,43.12583333,150.3
"10655","201903020077",2019-06-13,-124.49,43.19277778,63.5
"10656","201903020078",2019-06-13,-124.53583333,43.16194444,78.7
"10657","201903020079",2019-06-14,-124.52805556,43.06083333,76.5
"10658","201903020080",2019-06-14,-124.66527778,42.65027778,146.3
"10659","201903020081",2019-06-15,-124.5525,42.08361111,140.5
"10660","201903020082",2019-06-20,-124.38027778,41.91361111,65.4
"10661","201903020083",2019-06-20,-124.47,41.79833333,167
"10662","201903020084",2019-06-20,-124.54472222,41.73305556,491.5
"10663","201903020085",2019-06-20,-124.46638889,41.6025,181.7
"10664","201903020086",2019-06-21,-124.40222222,41.00222222,258.9
"10665","201903020087",2019-06-21,-124.49777778,40.83694444,447.2
"10666","201903020088",2019-06-24,-124.81305556,40.27194444,562.4
"10667","201903020089",2019-06-24,-124.97805556,40.12277778,1142
"10668","201903020090",2019-06-24,-124.75444444,40.04972222,1086
"10669","201903020091",2019-06-24,-124.72361111,39.99,1108.8
"10670","201903020093",2019-06-25,-124.22444444,39.95166667,471.7
"10671","201903020094",2019-06-25,-124.25861111,40.08416667,152.5
"10672","201903020095",2019-06-25,-124.36194444,40.15111111,306.5
"10673","201903020096",2019-06-25,-124.42722222,40.17,410.7
"10674","201903020097",2019-06-25,-124.46861111,39.98972222,1029.4
"10675","201903020098",2019-06-26,-124.19888889,39.4975,1125
"10676","201903020099",2019-06-26,-124.17944444,39.33805556,966.2
"10677","201903020100",2019-06-26,-123.97083333,39.43916667,229.3
"10678","201903020101",2019-06-26,-123.94166667,39.57027778,178.7
"10679","201903020102",2019-06-26,-123.94805556,39.33472222,168.4
"10680","201903020103",2019-06-26,-123.95527778,39.07277778,281.9
"10681","201903020104",2019-06-27,-123.80861111,38.65,779.1
"10682","201903020105",2019-06-27,-123.715,38.71388889,135.2
"10683","201903020106",2019-06-27,-123.7225,38.6225,253.7
"10684","201903020107",2019-06-27,-123.58138889,38.47222222,208.5
"10685","201903020108",2019-06-27,-123.59694444,38.30694444,546.9
"10686","201903020109",2019-06-27,-123.41666667,38.28,189.5
"10687","201903020110",2019-06-28,-123.21444444,38.37888889,89.6
"10688","201903020111",2019-06-28,-123.28027778,38.30972222,108.2
"10689","201903020112",2019-06-28,-123.30972222,38.31,108.3
"10690","201903020113",2019-06-28,-123.40027778,38.24388889,195.8
"10691","201903020114",2019-07-03,-122.80694444,37.56055556,78.4
"10692","201903020115",2019-07-03,-122.85333333,37.54472222,92.6
"10693","201903020116",2019-07-03,-122.90194444,37.23777778,364.4
"10694","201903020117",2019-07-03,-122.58888889,37.02777778,150.7
"10695","201903020118",2019-07-03,-122.44111111,37.05083333,108.2
"10696","201903020119",2019-07-03,-122.43583333,37.01666667,121.6
"10697","201903020120",2019-07-03,-122.31888889,37.00777778,86.1
"10698","201903020121",2019-07-04,-122.06888889,36.86611111,84.5
"10699","201903020122",2019-07-04,-122.23472222,36.89138889,145.2
"10700","201903020123",2019-07-04,-122.25472222,36.69277778,1235.9
"10701","201903020124",2019-07-05,-122.07361111,36.22166667,676.5
"10702","201903020125",2019-07-05,-121.82416667,36.16583333,538.8
"10703","201903020126",2019-07-05,-122.00611111,35.76944444,1083.2
"10704","201903020127",2019-07-05,-121.90722222,35.69333333,1084.3
"10705","201903020128",2019-07-05,-121.74027778,35.64861111,920
"10706","201903020129",2019-07-06,-121.25583333,35.47833333,394.1
"10707","201903020130",2019-07-06,-121.12888889,35.45333333,244.6
"10708","201903020131",2019-07-06,-121.10388889,35.47833333,101.9
"10709","201903020132",2019-07-07,-121.015,35.23388889,254.7
"10710","201903020133",2019-07-07,-121.23861111,35.21333333,581
"10711","201903020134",2019-07-07,-121.32611111,35.25472222,670.8
"10712","201903020135",2019-07-07,-121.36,35.19555556,673.2
"10713","201903020136",2019-07-07,-121.61222222,35.20611111,850.5
"10714","201903020137",2019-07-07,-121.16638889,35.02305556,563.7
"10715","201903020138",2019-07-08,-121.07277778,35.01638889,501.7
"10716","201903020139",2019-07-08,-121.03666667,34.9875,463.4
"10717","201903020140",2019-07-08,-121.25444444,34.92277778,569.4
"10718","201903020141",2019-07-08,-121.20222222,34.89083333,560.5
"10719","201903020142",2019-07-08,-121.02361111,34.88388889,451.2
"10720","201903020143",2019-07-08,-120.92,34.82666667,258.8
"10721","201903020144",2019-07-08,-121.07916667,34.74611111,522.4
"10722","201903020145",2019-07-09,-120.82638889,34.7025,124.1
"10723","201903020146",2019-07-09,-120.77555556,34.44861111,553.7
"10724","201903020147",2019-07-09,-120.59583333,34.37055556,372.5
"10725","201903020148",2019-07-09,-120.74277778,34.31361111,680.4
"10726","201903020150",2019-07-10,-120.18777778,34.19388889,510.4
"10727","201903020151",2019-07-10,-120.23888889,34.26583333,476.6
"10728","201903020152",2019-07-10,-120.16972222,34.35,462
"10729","201903020153",2019-07-14,-119.7475,34.34555556,79.3
"10730","201903020154",2019-07-14,-119.93416667,34.38444444,82.9
"10731","201903020156",2019-07-14,-120.11611111,34.35916667,485
"10732","201903020157",2019-07-14,-120.00083333,34.17305556,548.7
"10733","201903020158",2019-07-14,-120.09388889,34.14277778,456.1
"10734","201903020161",2019-07-15,-119.20416667,34,596.7
"10735","201903020162",2019-07-15,-119.45472222,34.18888889,85.8
"10736","201903020163",2019-07-15,-119.49444444,34.15638889,230.9
"10737","201903020164",2019-07-15,-119.65055556,34.10888889,206.8
"10738","201903020166",2019-07-15,-119.81666667,34.1575,408.2
"10739","201903020167",2019-07-16,-119.93666667,33.95277778,74
"10740","201903020168",2019-07-16,-119.93055556,33.93027778,80.1
"10741","201903020169",2019-07-16,-119.88944444,33.80055556,188.5
"10742","201903020170",2019-07-16,-120.13555556,33.83361111,385.1
"10743","201903020171",2019-07-17,-118.40361111,32.62444444,839.5
"10744","201903020172",2019-07-18,-117.34833333,32.74333333,96.6
"10745","201903020173",2019-07-18,-117.95833333,33.43472222,531
"10746","201903020174",2019-07-18,-117.89638889,33.48333333,551.6
"10747","201903020175",2019-07-18,-117.88611111,33.54638889,395.8
"10748","201903020176",2019-07-19,-118.01027778,33.47888889,494.5
"10749","201903020177",2019-07-19,-118.14972222,33.34027778,729.7
"10750","201903020179",2019-07-20,-118.55138889,33.34611111,124.8
"10751","201903020180",2019-07-21,-118.52444444,33.86305556,70.2
"10752","202103008001",2021-08-21,-125.18277778,44.55027778,1009.7
"10753","202103008002",2021-08-21,-124.7725,44.53638889,376.1
"10754","202103008003",2021-08-21,-124.73305556,44.57638889,328.5
"10755","202103008004",2021-08-21,-124.61555556,44.60666667,201.5
"10756","202103008005",2021-08-21,-124.82722222,44.705,346.9
"10757","202103008006",2021-08-22,-124.96777778,44.88638889,688.6
"10758","202103008007",2021-08-22,-124.82361111,44.83416667,397.7
"10759","202103008008",2021-08-22,-124.67888889,45.06861111,332.8
"10760","202103008009",2021-08-22,-124.93666667,45.17,791.4
"10761","202103008010",2021-08-22,-124.85055556,45.24222222,857.7
"10762","202103008011",2021-08-23,-124.54166667,46.36777778,141.3
"10763","202103008012",2021-08-23,-124.47388889,46.38305556,127.1
"10764","202103008013",2021-08-23,-124.69138889,46.53944444,456.2
"10765","202103008014",2021-08-23,-124.81305556,46.60666667,501.4
"10766","202103008015",2021-08-23,-124.82333333,46.64055556,468.3
"10767","202103008016",2021-08-23,-124.82194444,46.74138889,202.7
"10768","202103008017",2021-08-23,-124.92888889,46.80638889,500.6
"10769","202103008018",2021-08-24,-125.15833333,46.83694444,772.1
"10770","202103008019",2021-08-24,-124.86833333,46.86305556,173
"10771","202103008020",2021-08-24,-125.04527778,46.97472222,864.6
"10772","202103008021",2021-08-24,-125.24833333,47.52361111,787.8
"10773","202103008022",2021-08-25,-125.51388889,47.57277778,1159.8
"10774","202103008023",2021-08-25,-125.45083333,47.73111111,1000.2
"10775","202103008024",2021-08-25,-125.66194444,47.76805556,989
"10776","202103008025",2021-08-25,-125.73777778,48.08333333,603
"10777","202103008026",2021-08-25,-125.26083333,48.38944444,124.7
"10778","202103008027",2021-08-26,-125.01138889,47.89361111,120.8
"10779","202103008028",2021-08-26,-125.15722222,47.90361111,172.4
"10780","202103008029",2021-08-26,-125.22027778,47.87638889,315.4
"10781","202103008030",2021-08-26,-125.04805556,47.66638889,173.6
"10782","202103008031",2021-08-26,-124.67833333,47.66472222,64.3
"10783","202103008032",2021-08-26,-124.71638889,47.55972222,84.2
"10784","202103008033",2021-08-26,-124.83555556,47.30583333,194.2
"10785","202103008034",2021-08-27,-124.48888889,46.99666667,72.2
"10786","202103008035",2021-08-27,-124.28027778,46.22305556,92.5
"10787","202103008036",2021-08-27,-124.41083333,46.12277778,129.9
"10788","202103008037",2021-08-27,-124.38083333,46.10638889,122.2
"10789","202103008038",2021-08-27,-124.58861111,46.0925,155.2
"10790","202103008039",2021-08-27,-124.67361111,46.03694444,200.7
"10791","202103008040",2021-08-28,-124.20083333,45.99472222,94.8
"10792","202103008041",2021-08-28,-124.27638889,45.93611111,124.7
"10793","202103008042",2021-08-28,-124.17638889,45.80277778,105.6
"10794","202103008043",2021-08-28,-124.31055556,45.72416667,145.2
"10795","202103008044",2021-08-28,-124.705,45.68805556,419.2
"10796","202103008045",2021-08-28,-124.64527778,45.44611111,490.7
"10797","202103008046",2021-08-29,-124.08611111,45.32,85.7
"10798","202103008047",2021-08-29,-124.28333333,45.25722222,183.5
"10799","202103008048",2021-08-29,-124.13611111,44.79888889,63
"10800","202103008049",2021-09-03,-124.30916667,44.43805556,73.1
"10801","202103008050",2021-09-03,-124.53944444,44.43138889,101
"10802","202103008051",2021-09-03,-124.46972222,44.43638889,82.3
"10803","202103008052",2021-09-03,-124.5125,44.38888889,92.9
"10804","202103008053",2021-09-03,-124.57666667,44.37611111,97.7
"10805","202103008056",2021-09-04,-124.32111111,44.0775,92.2
"10806","202103008057",2021-09-04,-124.45694444,44.06611111,123.6
"10807","202103008058",2021-09-04,-124.53444444,43.90611111,146.8
"10808","202103008059",2021-09-04,-124.58888889,44.07194444,131.4
"10809","202103008061",2021-09-05,-124.97916667,44.26583333,500.1
"10810","202103008062",2021-09-05,-124.77138889,44.14388889,100.2
"10811","202103008063",2021-09-05,-124.95111111,43.97666667,228.9
"10812","202103008064",2021-09-05,-125.02277778,43.78555556,1249.5
"10813","202103008065",2021-09-06,-124.8725,43.685,895.4
"10814","202103008066",2021-09-06,-124.58166667,43.55083333,208.1
"10815","202103008067",2021-09-06,-124.57611111,43.41555556,144
"10816","202103008068",2021-09-06,-124.38305556,43.48583333,101.8
"10817","202103008069",2021-09-07,-124.41638889,43.42111111,94
"10818","202103008070",2021-09-07,-124.41777778,43.38166667,72.2
"10819","202103008071",2021-09-07,-124.58833333,43.185,113.5
"10820","202103008073",2021-09-08,-124.51666667,43.09055556,69.9
"10821","202103008074",2021-09-08,-124.88666667,43.07861111,387.4
"10822","202103008075",2021-09-08,-124.63083333,42.85944444,64.5
"10823","202103008076",2021-09-08,-124.72277778,42.69527778,246.3
"10824","202103008077",2021-09-08,-124.96111111,42.63861111,1082.2
"10825","202103008078",2021-09-09,-124.69388889,42.59305556,164.8
"10826","202103008079",2021-09-09,-124.55611111,42.58638889,87.6
"10827","202103008080",2021-09-09,-124.53222222,42.51444444,56
"10828","202103008081",2021-09-09,-124.69916667,42.36277778,212.1
"10829","202103008082",2021-09-09,-124.80472222,42.23805556,578.4
"10830","202103008083",2021-09-09,-124.74638889,42.2025,564.9
"10831","202103008084",2021-09-09,-124.57361111,42.15944444,169.5
"10832","202103008085",2021-09-10,-124.88083333,41.86416667,828.8
"10833","202103008086",2021-09-10,-124.91055556,41.83916667,936.8
"10834","202103008087",2021-09-10,-124.78,41.75583333,844.8
"10835","202103008088",2021-09-17,-124.50333333,41.89916667,140
"10836","202103008089",2021-09-17,-124.54305556,41.73083333,486.8
"10837","202103008090",2021-09-17,-124.85388889,41.41722222,927
"10838","202103008091",2021-09-17,-124.90027778,41.3525,1144.9
"10839","202103008092",2021-09-18,-124.23861111,41.19083333,75.3
"10840","202103008093",2021-09-18,-124.39138889,41.23861111,210
"10841","202103008094",2021-09-18,-124.47944444,41.43333333,199.6
"10842","202103008095",2021-09-18,-124.77027778,41.22277778,1175.8
"10843","202103008096",2021-09-19,-124.39222222,41.27277778,166.7
"10844","202103008097",2021-09-19,-124.54194444,40.87638889,519.4
"10845","202103008098",2021-09-19,-124.65694444,40.51777778,298.3
"10846","202103008099",2021-09-19,-124.45083333,40.61055556,65.5
"10847","202103008100",2021-09-20,-124.40472222,40.80972222,110.8
"10848","202103008101",2021-09-21,-124.73416667,40.55944444,979.7
"10849","202103008102",2021-09-21,-124.72916667,40.51611111,1003.7
"10850","202103008103",2021-09-21,-124.73361111,40.18305556,782.6
"10851","202103008104",2021-09-21,-124.79944444,40.1225,1009.1
"10852","202103008105",2021-09-21,-125.00055556,40.16277778,1078.6
"10853","202103008106",2021-09-22,-124.41583333,40.025,855.2
"10854","202103008107",2021-09-22,-124.26694444,40.11194444,134
"10855","202103008108",2021-09-22,-124.27638889,39.93166667,853.5
"10856","202103008109",2021-09-22,-124.22972222,39.48444444,1214.6
"10857","202103008110",2021-09-23,-123.88861111,39.44972222,110.2
"10858","202103008111",2021-09-23,-124.10138889,39.49472222,781.5
"10859","202103008112",2021-09-23,-123.81361111,39.23416667,80.1
"10860","202103008113",2021-09-23,-123.72972222,38.87361111,71.9
"10861","202103008114",2021-09-23,-123.80944444,38.71833333,263.7
"10862","202103008115",2021-09-24,-123.28111111,38.47916667,78.5
"10863","202103008116",2021-09-24,-123.14972222,38.37805556,68.4
"10864","202103008117",2021-09-24,-123.43277778,38.25,267.3
"10865","202103008118",2021-09-24,-123.44083333,37.93083333,148.7
"10866","202103008119",2021-09-24,-123.13138889,37.81472222,84.8
"10867","202103008120",2021-09-25,-122.92083333,37.79055556,63.4
"10868","202103008121",2021-09-29,-122.57166667,37.31888889,82.2
"10869","202103008122",2021-09-29,-122.77027778,37.27444444,129.2
"10870","202103008123",2021-09-30,-122.82055556,37.30472222,157.5
"10871","202103008124",2021-09-30,-123.12333333,37.28888889,828.3
"10872","202103008125",2021-09-30,-122.97527778,37.28166667,497.4
"10873","202103008126",2021-09-30,-122.86694444,37.3325,281
"10874","202103008127",2021-10-01,-122.34055556,36.95777778,130.8
"10875","202103008128",2021-10-01,-121.98888889,36.86861111,67.1
"10876","202103008129",2021-10-01,-122.18444444,36.655,1199.8
"10877","202103008130",2021-10-01,-121.95722222,36.41972222,104
"10878","202103008131",2021-10-02,-121.50361111,35.87472222,122.4
"10879","202103008132",2021-10-02,-121.52388889,35.77416667,456.6
"10880","202103008133",2021-10-02,-121.60222222,35.5825,826.2
"10881","202103008134",2021-10-02,-121.39111111,35.51972222,597.7
"10882","202103008135",2021-10-02,-121.37444444,35.60166667,386.1
"10883","202103008136",2021-10-03,-121.32277778,35.42805556,527.5
"10884","202103008137",2021-10-03,-121.60138889,35.22,829.4
"10885","202103008138",2021-10-03,-121.44194444,35.23055556,649.3
"10886","202103008139",2021-10-04,-120.96472222,35.1825,210.7
"10887","202103008140",2021-10-04,-120.86166667,35.14388889,89.2
"10888","202103008141",2021-10-04,-120.79416667,35.07527778,83
"10889","202103008142",2021-10-05,-121.01361111,34.9825,427.5
"10890","202103008143",2021-10-05,-120.94222222,34.81666667,301.4
"10891","202103008144",2021-10-05,-121.00666667,34.78416667,408.2
"10892","202103008145",2021-10-05,-121.35333333,34.62916667,907.2
"10893","202103008146",2021-10-06,-120.58222222,34.46166667,98
"10894","202103008147",2021-10-06,-120.46194444,34.29222222,424.9
"10895","202103008148",2021-10-06,-120.5025,33.965,384.2
"10896","202103008149",2021-10-06,-120.25833333,33.87611111,377.1
"10897","202103008150",2021-10-07,-119.78083333,33.93027778,166.1
"10898","202103008151",2021-10-07,-119.43888889,33.86805556,1123.3
"10899","202103008152",2021-10-11,-119.86,34.35277778,169.3
"10900","202103008153",2021-10-11,-119.74833333,34.25555556,202
"10901","202103008154",2021-10-11,-119.73638889,34.22194444,207.6
"10902","202103008155",2021-10-11,-119.58222222,34.24777778,98
"10903","202103008156",2021-10-11,-119.71555556,34.31166667,132.7
"10904","202103008157",2021-10-12,-119.95333333,34.38916667,82.5
"10905","202103008158",2021-10-12,-120.03916667,34.42222222,69
"10906","202103008159",2021-10-12,-120.17944444,34.25027778,524.1
"10907","202103008160",2021-10-12,-120.33861111,34.31027778,355.3
"10908","202103008161",2021-10-12,-120.425,34.32361111,348.7
"10909","202103008162",2021-10-13,-120.24,33.38027778,1055.6
"10910","202103008163",2021-10-13,-120.40944444,33.43527778,1066.2
"10911","202103008164",2021-10-13,-120.41583333,33.21027778,945.3
"10912","202103008165",2021-10-14,-118.66805556,33.08166667,415.8
"10913","202103008166",2021-10-14,-118.67,32.92583333,967.6
"10914","202103008168",2021-10-14,-118.4625,32.66083333,786.9
"10915","202103008170",2021-10-15,-118.19944444,32.87333333,864.1
"10916","202103008171",2021-10-15,-118.01777778,32.75444444,758.5
"10917","202103008172",2021-10-15,-117.92472222,32.85638889,760.5
"10918","202103008173",2021-10-15,-117.97777778,32.91638889,862
"10919","202103008174",2021-10-16,-117.38305556,32.5875,168
"10920","202103008175",2021-10-16,-117.38194444,32.58416667,172.8
"10921","202103008176",2021-10-16,-117.53027778,32.94527778,786.9
"10922","202103008177",2021-10-16,-117.39,33.15277778,65.3
"10923","202103008178",2021-10-16,-117.46388889,33.19944444,71.3
"10924","202103008179",2021-10-16,-117.70694444,33.14472222,821.3
"10925","202103008181",2021-10-17,-118.69138889,33.50555556,302.6
"10926","202103008182",2021-10-17,-118.34388889,33.29166667,85.8
"10927","202103008183",2021-10-18,-118.49916667,33.82083333,157.5
"10928","202103010001",2021-05-21,-125.03666667,44.97055556,1089.5
"10929","202103010002",2021-05-21,-125.23305556,45.00277778,1208.4
"10930","202103010003",2021-05-21,-124.6675,44.97805556,413.3
"10931","202103010004",2021-05-21,-124.64472222,45.16722222,486.2
"10932","202103010005",2021-05-22,-124.88361111,45.9925,846.6
"10933","202103010006",2021-05-22,-124.68,46.00861111,209.7
"10934","202103010007",2021-05-22,-124.70111111,46.03388889,230.1
"10935","202103010009",2021-05-22,-124.42555556,46.16444444,130.6
"10936","202103010010",2021-05-23,-124.60833333,46.91444444,105.7
"10937","202103010011",2021-05-23,-124.68972222,47.01944444,112.4
"10938","202103010012",2021-05-23,-124.46944444,47.10583333,64.4
"10939","202103010013",2021-05-23,-124.74916667,47.10194444,119.6
"10940","202103010014",2021-05-23,-124.85972222,47.21916667,158.5
"10941","202103010015",2021-05-23,-124.55361111,47.35611111,63.3
"10942","202103010016",2021-05-24,-125.44527778,47.8725,829.9
"10943","202103010017",2021-05-24,-125.28527778,47.96388889,364.4
"10944","202103010018",2021-05-24,-125.65222222,48.09833333,203.7
"10945","202103010019",2021-05-24,-125.61944444,48.24388889,159.2
"10946","202103010020",2021-05-25,-125.20833333,48.23138889,215.9
"10947","202103010021",2021-05-25,-125.15361111,48.43166667,164.2
"10948","202103010022",2021-05-25,-124.98694444,48.4075,299.2
"10949","202103010023",2021-05-25,-125.0925,48.41055556,113.2
"10950","202103010025",2021-05-26,-124.76722222,47.76277778,72.1
"10951","202103010026",2021-05-26,-124.77916667,47.70083333,79.7
"10952","202103010027",2021-05-26,-124.75277778,47.70138889,74.5
"10953","202103010028",2021-05-28,-124.39694444,46.63055556,87.4
"10954","202103010029",2021-05-29,-124.68166667,46.70333333,154.7
"10955","202103010030",2021-05-29,-124.66277778,46.64916667,158.3
"10956","202103010031",2021-05-29,-124.91666667,46.36694444,978.7
"10957","202103010032",2021-05-30,-124.13694444,45.66805556,98
"10958","202103010033",2021-05-30,-124.2,45.62111111,119.1
"10959","202103010034",2021-05-30,-124.35972222,45.55944444,168
"10960","202103010035",2021-05-30,-124.44805556,45.65388889,190
"10961","202103010036",2021-05-30,-124.75527778,45.5325,585.6
"10962","202103010037",2021-05-30,-124.48055556,45.40444444,410.9
"10963","202103010038",2021-05-30,-124.38916667,45.36166667,271.9
"10964","202103010039",2021-05-31,-124.32222222,45.32611111,193.8
"10965","202103010040",2021-05-31,-124.12527778,45.23611111,101.5
"10966","202103010041",2021-06-04,-124.33722222,45.13055556,235.1
"10967","202103010042",2021-06-04,-124.13083333,44.9975,91.4
"10968","202103010043",2021-06-04,-124.30527778,44.80527778,123.7
"10969","202103010044",2021-06-04,-124.58472222,44.76972222,235.3
"10970","202103010046",2021-06-05,-124.25055556,44.40527778,68.4
"10971","202103010047",2021-06-05,-124.22416667,44.26861111,64
"10972","202103010048",2021-06-05,-124.30944444,44.27277778,79.1
"10973","202103010049",2021-06-05,-124.45416667,44.10944444,114.6
"10974","202103010050",2021-06-05,-124.45333333,44.36388889,89.3
"10975","202103010051",2021-06-05,-124.69222222,44.52111111,288.9
"10976","202103010052",2021-06-06,-124.91194444,44.26888889,217.3
"10977","202103010053",2021-06-06,-124.95472222,44.01944444,364.2
"10978","202103010054",2021-06-06,-124.85055556,43.87555556,302.8
"10979","202103010055",2021-06-06,-124.88888889,43.75194444,752.6
"10980","202103010056",2021-06-07,-124.99916667,43.61555556,889.6
"10981","202103010057",2021-06-07,-124.58777778,43.77388889,231.2
"10982","202103010058",2021-06-07,-124.57055556,43.805,200.5
"10983","202103010059",2021-06-08,-124.86805556,43.08222222,292.9
"10984","202103010060",2021-06-08,-124.74083333,43.01694444,166.5
"10985","202103010061",2021-06-08,-124.91138889,42.92444444,435.5
"10986","202103010062",2021-06-08,-124.79055556,42.88444444,212.1
"10987","202103010063",2021-06-08,-124.53694444,42.65527778,89.1
"10988","202103010064",2021-06-09,-124.83333333,42.69222222,679.9
"10989","202103010065",2021-06-09,-124.77305556,42.50222222,399
"10990","202103010066",2021-06-09,-124.54861111,42.35333333,105.8
"10991","202103010067",2021-06-09,-124.63388889,42.2625,320.5
"10992","202103010068",2021-06-10,-124.83777778,42.29805556,620
"10993","202103010069",2021-06-10,-124.73611111,42.26305556,513.3
"10994","202103010070",2021-06-10,-124.66805556,42.19527778,459.2
"10995","202103010071",2021-06-10,-124.57222222,42.06277778,156
"10996","202103010072",2021-06-10,-124.57527778,41.9975,168.1
"10997","202103010073",2021-06-10,-124.41722222,42.1175,79.8
"10998","202103010074",2021-06-12,-124.70333333,42.09416667,585
"10999","202103010075",2021-06-12,-124.77916667,42.1275,658.6
"11000","202103010077",2021-06-12,-124.88194444,41.76305556,977.4
"11001","202103010078",2021-06-13,-124.29888889,41.42722222,81.8
"11002","202103010079",2021-06-13,-124.19805556,41.43361111,60.7
"11003","202103010080",2021-06-13,-124.82583333,41.36861111,1010.3
"11004","202103010081",2021-06-14,-124.46416667,40.96166667,421.7
"11005","202103010082",2021-06-14,-124.44916667,40.77055556,124.2
"11006","202103010083",2021-06-14,-124.51638889,40.53416667,71.8
"11007","202103010084",2021-06-14,-124.3225,40.16222222,115.9
"11008","202103010085",2021-06-15,-124.81083333,40.01194444,1235.1
"11009","202103010086",2021-06-15,-124.66194444,40.16972222,753.9
"11010","202103010087",2021-06-15,-124.525,40.19833333,476.9
"11011","202103010088",2021-06-19,-123.8275,39.53861111,70.2
"11012","202103010089",2021-06-19,-123.92222222,39.41416667,134.7
"11013","202103010090",2021-06-19,-124.1725,39.41555556,942.3
"11014","202103010091",2021-06-19,-124.1425,39.305,831.6
"11015","202103010092",2021-06-20,-123.95416667,38.95527778,354.6
"11016","202103010093",2021-06-20,-123.65388889,38.61361111,159.7
"11017","202103010094",2021-06-20,-123.64027778,38.58333333,167.7
"11018","202103010095",2021-06-20,-123.435,38.50416667,122.6
"11019","202103010096",2021-06-20,-123.40416667,38.50694444,111.5
"11020","202103010097",2021-06-21,-123.21583333,38.23944444,101.7
"11021","202103010098",2021-06-21,-123.36777778,38.11277778,197.2
"11022","202103010099",2021-06-21,-122.90805556,37.7075,59.5
"11023","202103010100",2021-06-22,-122.57194444,37.12694444,107.1
"11024","202103010101",2021-06-22,-122.62055556,37.15916667,108.7
"11025","202103010102",2021-06-22,-122.60138889,37.28944444,92.5
"11026","202103010103",2021-06-22,-122.64027778,37.43,73.4
"11027","202103010104",2021-06-22,-122.78861111,37.52361111,83.8
"11028","202103010105",2021-06-23,-122.91388889,37.82722222,63.7
"11029","202103010106",2021-06-27,-123.01611111,37.43805556,499.9
"11030","202103010107",2021-06-27,-122.81416667,37.405,104.3
"11031","202103010108",2021-06-27,-122.81805556,37.20916667,269
"11032","202103010109",2021-06-27,-122.50805556,36.97444444,312.9
"11033","202103010110",2021-06-28,-121.86277778,36.67611111,65.3
"11034","202103010111",2021-06-28,-121.96861111,36.40555556,114
"11035","202103010112",2021-06-28,-121.99472222,36.36527778,133.8
"11036","202103010113",2021-06-28,-122.12527778,36.34027778,615.4
"11037","202103010114",2021-06-28,-121.98194444,36.3125,89.8
"11038","202103010115",2021-06-29,-121.86638889,36.07111111,1003
"11039","202103010116",2021-06-29,-121.65472222,35.88194444,756.6
"11040","202103010118",2021-06-29,-121.68972222,35.69888889,874.5
"11041","202103010119",2021-06-30,-121.76888889,35.67916667,960.4
"11042","202103010120",2021-06-30,-121.74305556,35.47527778,1078.7
"11043","202103010121",2021-06-30,-121.52083333,35.62361111,670.1
"11044","202103010122",2021-06-30,-121.46527778,35.68527778,483.6
"11045","202103010123",2021-07-01,-121.43638889,35.42333333,773.5
"11046","202103010124",2021-07-01,-121.26694444,35.195,609.7
"11047","202103010125",2021-07-01,-121.21194444,35.1475,579.3
"11048","202103010126",2021-07-01,-121.14361111,35.17611111,545.7
"11049","202103010127",2021-07-01,-121.18472222,35.05194444,570.5
"11050","202103010128",2021-07-02,-120.93305556,35.36472222,74.5
"11051","202103010129",2021-07-04,-121.12361111,34.98583333,546.3
"11052","202103010130",2021-07-04,-121.00194444,35.07055556,394.4
"11053","202103010131",2021-07-04,-120.97805556,35.07694444,338.1
"11054","202103010132",2021-07-04,-120.88111111,35.04472222,172
"11055","202103010133",2021-07-04,-120.82361111,35.10055556,94.6
"11056","202103010134",2021-07-05,-121.04777778,34.84833333,462.1
"11057","202103010135",2021-07-05,-120.87138889,34.66638889,226.7
"11058","202103010136",2021-07-05,-120.70194444,34.57055556,67.2
"11059","202103010137",2021-07-05,-120.6525,34.49388889,96.7
"11060","202103010138",2021-07-05,-120.48111111,34.365,273.3
"11061","202103010139",2021-07-06,-120.13722222,34.42583333,77
"11062","202103010140",2021-07-06,-119.81666667,34.35444444,92.7
"11063","202103010141",2021-07-06,-119.83805556,34.32916667,288.9
"11064","202103010142",2021-07-06,-119.81833333,34.28694444,284.4
"11065","202103010143",2021-07-06,-119.72027778,34.25833333,212.6
"11066","202103010144",2021-07-07,-119.46333333,34.23805556,59.5
"11067","202103010145",2021-07-07,-119.53361111,34.07833333,87.4
"11068","202103010146",2021-07-07,-119.70666667,34.13,268
"11069","202103010147",2021-07-07,-119.74416667,34.07527778,88.7
"11070","202103010148",2021-07-07,-119.83583333,34.10277778,91.5
"11071","202103010149",2021-07-08,-120.09611111,34.13472222,416.7
"11072","202103010150",2021-07-08,-119.87,34.21444444,488.1
"11073","202103010151",2021-07-08,-120.2975,34.27611111,429
"11074","202103010152",2021-07-09,-120.01472222,33.81444444,110.5
"11075","202103010153",2021-07-09,-120.07111111,33.10888889,1130.2
"11076","202103010154",2021-07-10,-119.84083333,32.63444444,1075.3
"11077","202103010155",2021-07-12,-118.68194444,33.08305556,434.3
"11078","202103010157",2021-07-14,-118.66361111,33.95527778,275.7
"11079","202103010158",2021-07-14,-118.04305556,33.53805556,361.1
"11080","202103010159",2021-07-15,-118.55222222,33.48833333,210.6
"11081","202103010160",2021-07-15,-118.49888889,33.47666667,209.7
"11082","202103010161",2021-07-16,-118.19333333,33.55666667,186.3
"11083","202103017002",2021-08-21,-124.74666667,45.11,432.3
"11084","202103017003",2021-08-21,-124.54027778,45.01027778,420
"11085","202103017004",2021-08-21,-124.43694444,45.08777778,339.8
"11086","202103017006",2021-08-22,-124.74833333,46.48527778,671.3
"11087","202103017007",2021-08-22,-124.76388889,46.78388889,157
"11088","202103017009",2021-08-23,-125.60444444,47.92833333,343.8
"11089","202103017010",2021-08-23,-125.74083333,47.91888889,823.8
"11090","202103017011",2021-08-23,-125.78083333,47.96222222,986.5
"11091","202103017012",2021-08-23,-125.87805556,48.02972222,1066.1
"11092","202103017013",2021-08-23,-125.86083333,48.07222222,827.3
"11093","202103017014",2021-08-23,-125.71222222,48.105,362.3
"11094","202103017015",2021-08-24,-124.90527778,48.32638889,259.6
"11095","202103017016",2021-08-24,-124.91083333,48.35111111,321.5
"11096","202103017019",2021-08-24,-125.13444444,48.11083333,209.6
"11097","202103017021",2021-08-24,-125.53833333,48.08222222,156.1
"11098","202103017023",2021-08-25,-125.465,48.25194444,133.8
"11099","202103017024",2021-08-25,-125.66027778,47.99972222,581.9
"11100","202103017025",2021-08-25,-125.12888889,47.57166667,500.9
"11101","202103017026",2021-08-25,-125.16388889,47.43944444,643.5
"11102","202103017027",2021-08-26,-124.73083333,47.10333333,115.4
"11103","202103017028",2021-08-26,-124.61638889,46.99527778,92.3
"11104","202103017029",2021-08-26,-124.40361111,46.80416667,76.1
"11105","202103017030",2021-08-26,-124.40944444,46.565,93.7
"11106","202103017031",2021-08-26,-124.59138889,46.19055556,167.9
"11107","202103017032",2021-08-26,-124.69666667,46.00361111,219.4
"11108","202103017033",2021-08-27,-124.3675,46.53527778,82.3
"11109","202103017034",2021-08-27,-124.33611111,46.43527778,78.6
"11110","202103017035",2021-08-28,-124.23972222,46.00166667,105.6
"11111","202103017036",2021-08-28,-124.48611111,45.83611111,157.5
"11112","202103017037",2021-08-28,-124.27888889,45.76583333,139.9
"11113","202103017038",2021-08-28,-124.10472222,45.63805556,87
"11114","202103017039",2021-08-28,-124.06583333,45.5625,75.3
"11115","202103017040",2021-08-28,-124.05055556,45.50083333,68.4
"11116","202103017041",2021-08-28,-124.34916667,45.5225,178.9
"11117","202103017042",2021-08-29,-124.76222222,45.64361111,499.4
"11118","202103017043",2021-08-29,-124.58166667,45.57388889,399
"11119","202103017044",2021-08-29,-124.57638889,45.47166667,476.8
"11120","202103017045",2021-08-29,-124.7825,45.42555556,701
"11121","202103017046",2021-08-29,-124.82111111,45.46305556,859.8
"11122","202103017047",2021-08-29,-124.54944444,45.3175,409.1
"11123","202103017048",2021-08-29,-124.48111111,45.20777778,402.9
"11124","202103017049",2021-08-30,-124.22638889,45.05444444,145.9
"11125","202103017050",2021-08-30,-124.09694444,44.9975,71.1
"11126","202103017051",2021-09-03,-124.20583333,44.72055556,70
"11127","202103017052",2021-09-03,-124.40277778,44.85888889,157
"11128","202103017053",2021-09-03,-124.52,44.89,277.2
"11129","202103017054",2021-09-03,-124.97388889,44.91777778,808.6
"11130","202103017055",2021-09-03,-124.96277778,45.18055556,959.7
"11131","202103017056",2021-09-04,-125.01111111,44.41944444,722.4
"11132","202103017058",2021-09-04,-124.90305556,44.62083333,613.2
"11133","202103017059",2021-09-04,-124.77388889,44.57861111,339.1
"11134","202103017060",2021-09-04,-124.80305556,44.71611111,425.3
"11135","202103017061",2021-09-04,-124.65527778,44.76861111,293
"11136","202103017062",2021-09-05,-124.44777778,44.71333333,122.1
"11137","202103017063",2021-09-05,-124.33694444,44.56277778,80.8
"11138","202103017064",2021-09-05,-124.36861111,44.5325,67.8
"11139","202103017065",2021-09-05,-124.55888889,44.15555556,109.8
"11140","202103017066",2021-09-05,-124.56722222,44.0575,134.2
"11141","202103017067",2021-09-06,-124.52944444,43.93416667,142.8
"11142","202103017068",2021-09-06,-124.65166667,43.94611111,206.9
"11143","202103017069",2021-09-06,-124.61972222,44.03388889,139.5
"11144","202103017070",2021-09-06,-124.66361111,44.02194444,135.7
"11145","202103017072",2021-09-07,-124.9275,43.78694444,777.7
"11146","202103017073",2021-09-07,-124.78972222,43.8175,386
"11147","202103017074",2021-09-07,-124.865,43.36277778,633.2
"11148","202103017075",2021-09-07,-124.65305556,43.37166667,191.3
"11149","202103017076",2021-09-07,-124.5575,43.38638889,126.3
"11150","202103017078",2021-09-08,-124.69694444,42.48777778,118.6
"11151","202103017080",2021-09-08,-124.60666667,42.46666667,89
"11152","202103017081",2021-09-08,-124.71,42.4,165.7
"11153","202103017082",2021-09-08,-124.76972222,42.40611111,470.3
"11154","202103017083",2021-09-08,-124.73583333,42.34138889,482.1
"11155","202103017084",2021-09-09,-124.47027778,42.31138889,66.4
"11156","202103017085",2021-09-09,-124.88666667,42.2675,940.7
"11157","202103017086",2021-09-09,-124.8825,42.13694444,938.5
"11158","202103017087",2021-09-09,-124.64666667,42.10972222,470.5
"11159","202103017088",2021-09-09,-124.48027778,42.14444444,114
"11160","202103017089",2021-09-10,-124.43472222,42.09277778,93.1
"11161","202103017090",2021-09-17,-124.6375,41.90722222,592.4
"11162","202103017091",2021-09-17,-124.68138889,41.82638889,697.5
"11163","202103017092",2021-09-17,-124.94666667,41.72305556,1001.6
"11164","202103017093",2021-09-17,-124.95,41.70722222,957.1
"11165","202103017094",2021-09-17,-124.91527778,41.56916667,1058.9
"11166","202103017095",2021-09-18,-124.78444444,41.60444444,877.6
"11167","202103017096",2021-09-18,-124.48472222,41.71666667,272
"11168","202103017097",2021-09-18,-124.34611111,41.75055556,82.7
"11169","202103017098",2021-09-18,-124.22944444,41.50583333,58.8
"11170","202103017099",2021-09-19,-124.34916667,41.50666667,90.5
"11171","202103017100",2021-09-19,-124.69555556,41.33444444,1116
"11172","202103017101",2021-09-19,-124.61805556,41.24444444,1117.7
"11173","202103017103",2021-09-19,-124.625,41.00138889,680.2
"11174","202103017104",2021-09-21,-124.75916667,40.27055556,589.3
"11175","202103017105",2021-09-21,-124.62305556,40.12472222,797.9
"11176","202103017106",2021-09-21,-124.32666667,40.15444444,140.7
"11177","202103017107",2021-09-21,-124.25638889,40.04944444,259.6
"11178","202103017108",2021-09-21,-124.29111111,39.95416667,910.4
"11179","202103017109",2021-09-22,-123.88,39.61888889,117.4
"11180","202103017110",2021-09-22,-123.96444444,39.57527778,258.6
"11181","202103017111",2021-09-22,-124.08444444,39.41583333,708.6
"11182","202103017112",2021-09-22,-123.97361111,39.28416667,322.6
"11183","202103017113",2021-09-22,-124.045,39.18944444,574.3
"11184","202103017114",2021-09-22,-124.01277778,39.15583333,486.4
"11185","202103017115",2021-09-23,-123.94194444,39.1825,163.9
"11186","202103017116",2021-09-23,-124.00361111,38.93888889,419.7
"11187","202103017117",2021-09-23,-123.95805556,38.92527778,310.7
"11188","202103017119",2021-09-23,-123.7825,38.82666667,123.2
"11189","202103017120",2021-09-24,-123.55916667,38.65,111
"11190","202103017121",2021-09-24,-123.49916667,38.61638889,103.6
"11191","202103017122",2021-09-24,-123.64138889,38.54638889,192.4
"11192","202103017123",2021-09-24,-123.37805556,38.38388889,126.1
"11193","202103017124",2021-09-24,-123.25555556,38.21055556,111.9
"11194","202103017125",2021-09-24,-123.24944444,38.15138889,115.3
"11195","202103017126",2021-09-25,-123.28777778,37.86,108.3
"11196","202103017127",2021-09-29,-122.81916667,37.54416667,86.4
"11197","202103017128",2021-09-29,-122.91805556,37.41277778,253.6
"11198","202103017129",2021-09-29,-122.75111111,37.40527778,92.8
"11199","202103017130",2021-09-30,-122.65361111,37.40055556,79.8
"11200","202103017131",2021-09-30,-122.84166667,37.07583333,648.6
"11201","202103017132",2021-09-30,-122.64611111,37.06805556,156
"11202","202103017133",2021-09-30,-122.20666667,36.88805556,114.1
"11203","202103017134",2021-10-01,-122.03666667,36.48444444,544.4
"11204","202103017135",2021-10-01,-122.19861111,36.35694444,888
"11205","202103017136",2021-10-01,-122.18277778,36.22638889,992.1
"11206","202103017137",2021-10-01,-121.71944444,36.03944444,833.3
"11207","202103017138",2021-10-02,-121.56416667,35.93638889,410.5
"11208","202103017139",2021-10-02,-121.80722222,35.91416667,1034.6
"11209","202103017140",2021-10-02,-121.84277778,35.48527778,1119.6
"11210","202103017141",2021-10-02,-121.46972222,35.53222222,714.1
"11211","202103017142",2021-10-03,-121.27916667,35.50666667,418.9
"11212","202103017143",2021-10-03,-121.10444444,35.45722222,194.7
"11213","202103017144",2021-10-03,-120.94361111,35.26916667,77.7
"11214","202103017145",2021-10-04,-120.76805556,35.055,73.5
"11215","202103017146",2021-10-04,-120.86805556,34.82138889,193.3
"11216","202103017147",2021-10-05,-121.05083333,34.79777778,466.9
"11217","202103017148",2021-10-05,-121.00083333,34.75583333,421.7
"11218","202103017149",2021-10-05,-121.0125,34.5575,769.6
"11219","202103017150",2021-10-05,-121.01416667,34.525,881
"11220","202103017151",2021-10-05,-120.86805556,34.59194444,339.5
"11221","202103017152",2021-10-05,-120.71333333,34.58305556,70.9
"11222","202103017153",2021-10-06,-120.62111111,34.51166667,75.4
"11223","202103017154",2021-10-06,-120.63333333,34.15722222,291.4
"11224","202103017155",2021-10-06,-120.46305556,34.17638889,121.8
"11225","202103017156",2021-10-06,-120.29,34.11027778,99.8
"11226","202103017157",2021-10-06,-120.34388889,33.97777778,96.8
"11227","202103017158",2021-10-07,-119.75944444,34.28944444,234.2
"11228","202103017159",2021-10-07,-119.69944444,34.33388889,77.8
"11229","202103017160",2021-10-11,-119.43638889,34.09944444,237.8
"11230","202103017161",2021-10-11,-119.335,34.12416667,122.3
"11231","202103017162",2021-10-11,-119.34638889,34.03472222,87.7
"11232","202103017163",2021-10-11,-119.02027778,34.03833333,84.8
"11233","202103017164",2021-10-12,-118.54111111,33.85527778,77.5
"11234","202103017165",2021-10-12,-118.50833333,33.81055556,296
"11235","202103017166",2021-10-12,-118.49833333,33.48555556,256.4
"11236","202103017167",2021-10-13,-119.89805556,33.90833333,155.1
"11237","202103017168",2021-10-13,-120.07388889,33.80444444,199.6
"11238","202103017169",2021-10-13,-120.18694444,33.89611111,97.4
"11239","202103017170",2021-10-13,-120.27805556,33.91611111,232.2
"11240","202103017171",2021-10-14,-120.17527778,33.43305556,1198.2
"11241","202103017173",2021-10-14,-119.90777778,33.20888889,546.4
"11242","202103017174",2021-10-14,-119.96,33.21138889,884
"11243","202103017175",2021-10-15,-120.06138889,32.97388889,1106.9
"11244","202103017176",2021-10-15,-120.07027778,32.73305556,515.6
"11245","202103017177",2021-10-15,-119.62527778,32.70361111,488.8
"11246","202103017178",2021-10-16,-118.07694444,32.70361111,501.6
"11247","202103017180",2021-10-17,-117.97694444,33.04472222,970.5
"11248","202103017181",2021-10-17,-117.88194444,33.16916667,837.9
"11249","202103017182",2021-10-17,-117.60944444,33.10361111,752
"11250","202103017183",2021-10-17,-117.61527778,33.25444444,506.8
"11251","202103017184",2021-10-18,-118.13388889,33.53,320.1
"11252","202103020001",2021-05-21,-125.25805556,44.97,1213.3
"11253","202103020002",2021-05-21,-124.85333333,45.17972222,739.1
"11254","202103020003",2021-05-21,-124.84777778,45.44027778,938.9
"11255","202103020004",2021-05-21,-124.71166667,45.41166667,480.8
"11256","202103020005",2021-05-21,-124.67194444,45.35666667,476.7
"11257","202103020006",2021-05-22,-124.89666667,45.7225,1065.1
"11258","202103020008",2021-05-22,-124.84222222,46.14083333,1207.1
"11259","202103020009",2021-05-22,-124.90972222,46.18111111,804.9
"11260","202103020010",2021-05-23,-125.08055556,46.83305556,629.5
"11261","202103020011",2021-05-23,-124.71888889,46.67083333,174.9
"11262","202103020012",2021-05-23,-124.76388889,46.89333333,145.2
"11263","202103020013",2021-05-23,-124.64472222,47.25416667,92.9
"11264","202103020015",2021-05-24,-125.25333333,47.48111111,865.7
"11265","202103020016",2021-05-24,-125.40333333,47.6275,1061.6
"11266","202103020017",2021-05-24,-125.41388889,47.7075,1024.2
"11267","202103020018",2021-05-24,-125.23083333,47.695,872.6
"11268","202103020019",2021-05-24,-125.08111111,47.57166667,419.2
"11269","202103020022",2021-05-25,-125.34944444,47.98722222,599.9
"11270","202103020023",2021-05-25,-125.29277778,48.12277778,241.9
"11271","202103020024",2021-05-25,-125.27361111,48.33972222,185.2
"11272","202103020026",2021-05-26,-125.09888889,48.11277778,287.1
"11273","202103020027",2021-05-26,-125.12222222,48.00583333,139.8
"11274","202103020028",2021-05-26,-124.82638889,47.79694444,86.3
"11275","202103020029",2021-05-26,-125.02527778,47.63444444,179.2
"11276","202103020030",2021-05-26,-124.81416667,47.46861111,136.4
"11277","202103020031",2021-05-27,-124.35777778,46.4325,83.9
"11278","202103020032",2021-05-27,-124.34166667,46.32583333,99.7
"11279","202103020033",2021-05-27,-124.26194444,46.365,63.4
"11280","202103020034",2021-05-28,-124.23944444,46.16777778,85.3
"11281","202103020035",2021-05-28,-124.38472222,46.12472222,121.1
"11282","202103020036",2021-05-28,-124.6175,46.15916667,170.4
"11283","202103020037",2021-05-28,-124.60416667,46.03388889,166.5
"11284","202103020038",2021-05-28,-124.73666667,46.08777778,348.1
"11285","202103020039",2021-05-29,-124.22972222,46.02055556,99.4
"11286","202103020040",2021-05-29,-124.34916667,45.95666667,137.3
"11287","202103020041",2021-05-29,-124.26472222,45.88138889,124.6
"11288","202103020042",2021-05-29,-124.46361111,45.86833333,152.9
"11289","202103020043",2021-05-29,-124.51444444,45.84861111,156.7
"11290","202103020044",2021-05-29,-124.19722222,45.40138889,139.2
"11291","202103020045",2021-05-30,-124.3975,44.93277778,195.9
"11292","202103020046",2021-05-30,-124.54361111,45.02472222,409.4
"11293","202103020047",2021-05-30,-124.58833333,45.03694444,428
"11294","202103020048",2021-05-30,-124.72861111,45.03,501.8
"11295","202103020049",2021-05-30,-124.59222222,44.89694444,405.6
"11296","202103020052",2021-05-30,-124.18027778,44.69666667,67.7
"11297","202103020053",2021-05-31,-124.20194444,44.52444444,60.7
"11298","202103020054",2021-06-04,-124.31972222,44.62305556,80.6
"11299","202103020055",2021-06-04,-124.71472222,44.77416667,271.5
"11300","202103020056",2021-06-04,-124.56722222,44.49416667,124.3
"11301","202103020057",2021-06-04,-124.89722222,44.48916667,463.8
"11302","202103020058",2021-06-04,-124.83555556,44.38388889,356.6
"11303","202103020059",2021-06-05,-124.57027778,44.17916667,108.3
"11304","202103020060",2021-06-05,-124.46111111,44.13583333,112.9
"11305","202103020061",2021-06-05,-124.49194444,44.14138889,112.3
"11306","202103020062",2021-06-05,-124.53138889,44.12083333,119.9
"11307","202103020063",2021-06-05,-124.27083333,43.91694444,92.8
"11308","202103020064",2021-06-05,-124.29472222,43.84805556,105.6
"11309","202103020065",2021-06-06,-124.51444444,43.74555556,157.7
"11310","202103020066",2021-06-06,-124.46277778,43.7025,129.5
"11311","202103020067",2021-06-06,-124.57083333,43.61638889,208.1
"11312","202103020068",2021-06-06,-124.68444444,43.54805556,439.2
"11313","202103020069",2021-06-06,-124.71833333,43.48472222,486.9
"11314","202103020070",2021-06-07,-125.08666667,43.56305556,1108
"11315","202103020071",2021-06-07,-125.08527778,43.56777778,1071.5
"11316","202103020072",2021-06-07,-124.69083333,43.3125,205.5
"11317","202103020073",2021-06-07,-124.46027778,43.29666667,65
"11318","202103020074",2021-06-08,-124.72194444,43.05,166.1
"11319","202103020075",2021-06-08,-124.92194444,43.07416667,606.1
"11320","202103020076",2021-06-08,-124.835,42.87444444,288.4
"11321","202103020077",2021-06-08,-124.72861111,42.55638889,246.1
"11322","202103020079",2021-06-09,-124.90416667,42.06666667,1038.1
"11323","202103020080",2021-06-09,-124.6225,41.90583333,552
"11324","202103020081",2021-06-09,-124.53861111,41.86527778,374.6
"11325","202103020082",2021-06-09,-124.51194444,41.82888889,351.4
"11326","202103020083",2021-06-09,-124.45055556,41.75944444,156.5
"11327","202103020084",2021-06-10,-124.41333333,41.52611111,110.4
"11328","202103020085",2021-06-10,-124.68805556,41.41027778,1066.7
"11329","202103020086",2021-06-10,-124.79944444,41.08305556,1021.3
"11330","202103020087",2021-06-10,-124.37305556,41.05916667,220.1
"11331","202103020088",2021-06-11,-124.59388889,40.7125,737.4
"11332","202103020089",2021-06-11,-124.46333333,40.63472222,80
"11333","202103020090",2021-06-11,-124.5425,40.5675,131.6
"11334","202103020091",2021-06-11,-124.58138889,40.51333333,110
"11335","202103020092",2021-06-12,-124.39527778,40.0925,592.9
"11336","202103020093",2021-06-12,-124.31694444,40.02194444,745
"11337","202103020094",2021-06-12,-124.23888889,40.05333333,197.3
"11338","202103020095",2021-06-12,-124.01166667,39.84527778,126.5
"11339","202103020096",2021-06-12,-123.91527778,39.48138889,122.1
"11340","202103020097",2021-06-13,-123.95611111,39.34722222,183.7
"11341","202103020098",2021-06-13,-124.07833333,39.28444444,671.8
"11342","202103020099",2021-06-13,-123.88833333,39.21444444,127.7
"11343","202103020100",2021-06-13,-124.01805556,39.01666667,583.4
"11344","202103020101",2021-06-13,-124.07833333,38.95388889,898.1
"11345","202103020102",2021-06-14,-123.95833333,38.88722222,355.3
"11346","202103020103",2021-06-14,-123.83194444,38.815,135.5
"11347","202103020104",2021-06-14,-123.79833333,38.84861111,116.7
"11348","202103020105",2021-06-14,-123.52111111,38.65083333,98.5
"11349","202103020106",2021-06-14,-123.4275,38.44305556,132.7
"11350","202103020107",2021-06-14,-123.58777778,38.31916667,467.2
"11351","202103020108",2021-06-15,-123.55333333,38.24805556,507.2
"11352","202103020109",2021-06-15,-123.39527778,38.23916667,191.9
"11353","202103020110",2021-06-20,-123.28388889,38.18833333,121.9
"11354","202103020111",2021-06-20,-123.18388889,38.11916667,99.2
"11355","202103020112",2021-06-20,-123.24638889,38.11583333,115.5
"11356","202103020113",2021-06-20,-123.28111111,38.01416667,117.7
"11357","202103020114",2021-06-20,-122.89277778,37.80861111,62
"11358","202103020115",2021-06-21,-122.88861111,37.41,345.6
"11359","202103020116",2021-06-21,-122.90444444,37.28333333,331.7
"11360","202103020117",2021-06-21,-122.87277778,37.11305556,568.4
"11361","202103020118",2021-06-21,-122.62861111,37.19222222,103.4
"11362","202103020119",2021-06-21,-122.65416667,37.19805556,107.6
"11363","202103020121",2021-06-22,-122.59611111,36.99833333,363.5
"11364","202103020122",2021-06-22,-122.68972222,37.02833333,489.4
"11365","202103020123",2021-06-22,-122.69388889,37.15916667,128.1
"11366","202103020124",2021-06-23,-122.83583333,37.46305556,98.7
"11367","202103020125",2021-06-27,-122.19333333,36.91916667,89.1
"11368","202103020126",2021-06-27,-121.95472222,36.73472222,109.6
"11369","202103020127",2021-06-27,-122.10611111,36.24527778,683.3
"11370","202103020128",2021-06-27,-122.07611111,36.21277778,780.4
"11371","202103020129",2021-06-28,-121.89833333,36.12833333,964.2
"11372","202103020130",2021-06-28,-121.8975,36.06444444,1079.5
"11373","202103020131",2021-06-29,-121.65083333,36.0225,519.5
"11374","202103020132",2021-06-29,-121.61027778,35.76861111,694.6
"11375","202103020133",2021-06-29,-121.73666667,35.73777778,937.2
"11376","202103020134",2021-06-29,-122.00944444,35.71472222,1132.8
"11377","202103020135",2021-06-29,-121.91333333,35.59055556,990.9
"11378","202103020136",2021-06-30,-121.10166667,34.61972222,748.6
"11379","202103020137",2021-06-30,-121.10361111,34.72055556,553.7
"11380","202103020138",2021-06-30,-121.17833333,34.85583333,557.1
"11381","202103020139",2021-06-30,-121.29777778,34.87972222,447.5
"11382","202103020140",2021-06-30,-121.29111111,35.02611111,607.8
"11383","202103020141",2021-07-01,-121.41361111,35.09722222,499.2
"11384","202103020142",2021-07-01,-121.43305556,35.52583333,649.6
"11385","202103020143",2021-07-01,-121.49027778,35.5975,640.3
"11386","202103020144",2021-07-01,-121.37361111,35.55583333,499.1
"11387","202103020145",2021-07-02,-121.15805556,35.52527778,100.5
"11388","202103020146",2021-07-02,-121.20472222,35.4225,361.2
"11389","202103020147",2021-07-04,-121.17777778,35.27833333,485
"11390","202103020148",2021-07-04,-121.03138889,35.28305556,221.6
"11391","202103020149",2021-07-04,-121.06444444,35.18166667,437.1
"11392","202103020150",2021-07-04,-120.96833333,35.04472222,336.2
"11393","202103020151",2021-07-05,-120.79305556,34.70583333,97.6
"11394","202103020152",2021-07-05,-120.7975,34.57361111,164
"11395","202103020153",2021-07-05,-121.04027778,34.21416667,1051.6
"11396","202103020154",2021-07-05,-120.715,34.43583333,457.7
"11397","202103020155",2021-07-05,-120.53416667,34.42638889,110.2
"11398","202103020156",2021-07-06,-120.26527778,34.43666667,72
"11399","202103020157",2021-07-06,-120.20555556,34.41277778,175.8
"11400","202103020158",2021-07-06,-120.12388889,34.1725,513.4
"11401","202103020159",2021-07-06,-120.16222222,34.13277778,397.1
"11402","202103020160",2021-07-06,-119.76638889,34.19277778,342.7
"11403","202103020161",2021-07-07,-120.13333333,34.10305556,101
"11404","202103020162",2021-07-07,-119.8425,34.09305556,93.4
"11405","202103020163",2021-07-07,-119.34916667,34.00222222,85.1
"11406","202103020165",2021-07-08,-118.90444444,33.99416667,212.9
"11407","202103020166",2021-07-08,-119.37972222,34.09472222,232.7
"11408","202103020167",2021-07-08,-119.11833333,34.04722222,182.5
"11409","202103020168",2021-07-09,-119.87833333,33.6525,182.5
"11410","202103020169",2021-07-09,-120.39888889,33.37666667,975.4
"11411","202103020170",2021-07-09,-120.04111111,33.23194444,942.2
"11412","202103020171",2021-07-10,-118.59361111,32.80611111,768.8
"11413","202103020172",2021-07-10,-118.53694444,32.79583333,417.1
"11414","202103020173",2021-07-10,-118.71138889,33.14638889,665.3
"11415","202103020174",2021-07-10,-118.36972222,33.29277778,90.3
"11416","202103020175",2021-07-11,-117.50444444,32.61583333,1191.9
"11417","202103020176",2021-07-13,-117.40194444,32.71611111,444.6
"11418","202103020177",2021-07-13,-117.34444444,32.76361111,86
"11419","202103020178",2021-07-13,-117.62805556,32.94333333,934.6
"11420","202103020179",2021-07-13,-117.43777778,33.04555556,491.6
"11421","202103020180",2021-07-13,-117.36277778,33.10027778,86.5
"11422","202103020181",2021-07-13,-117.51194444,33.19222222,319.7
"11423","202103020182",2021-07-13,-117.53888889,33.25722222,74.1
"11424","202103020183",2021-07-14,-117.55388889,33.26555556,75.5
"11425","202103020184",2021-07-14,-117.89416667,33.25027778,788.5
"11426","202103020185",2021-07-14,-118.24694444,33.51611111,740.9
"11427","202103020186",2021-07-15,-117.91583333,33.51194444,483.8
"11428","202103020187",2021-07-15,-117.91444444,33.54777778,378.1
"11429","202103020188",2021-07-15,-118.27138889,33.58666667,212.4
"11430","202103020189",2021-07-15,-118.32416667,33.68888889,69.1
"11431","202103020190",2021-07-16,-118.43944444,33.44583333,199.7
"11432","202203008001",2022-08-27,-124.7575,44.9225,465.5
"11433","202203008002",2022-08-28,-124.72583333,46.00972222,285.1
"11434","202203008003",2022-08-28,-124.79472222,46.16722222,1083.2
"11435","202203008005",2022-08-28,-124.60027778,46.22583333,778.3
"11436","202203008007",2022-08-29,-124.85527778,47.25944444,191.1
"11437","202203008008",2022-08-29,-124.66861111,47.35694444,100
"11438","202203008009",2022-08-29,-125.52055556,47.94722222,213.5
"11439","202203008010",2022-08-29,-125.44694444,48.01,154.9
"11440","202203008011",2022-08-30,-124.84805556,48.46,283.5
"11441","202203008012",2022-08-30,-124.86583333,48.25944444,58.7
"11442","202203008013",2022-08-30,-125.6225,48.01722222,212.4
"11443","202203008014",2022-08-30,-125.83111111,48.0375,814.7
"11444","202203008015",2022-08-30,-125.66777778,47.96888889,707.4
"11445","202203008016",2022-08-31,-124.85083333,47.48222222,157.6
"11446","202203008017",2022-08-31,-124.92722222,47.04027778,168.5
"11447","202203008018",2022-08-31,-124.90944444,46.91055556,383.5
"11448","202203008021",2022-09-01,-124.46,46.30972222,140
"11449","202203008022",2022-09-01,-124.62055556,46.30222222,173.6
"11450","202203008023",2022-09-01,-124.50277778,46.44861111,146.7
"11451","202203008024",2022-09-02,-124.84277778,46.99611111,163.1
"11452","202203008025",2022-09-02,-124.5325,46.96166667,85.5
"11453","202203008026",2022-09-02,-124.61694444,46.80027778,122.3
"11454","202203008027",2022-09-02,-125.20833333,46.74722222,970.6
"11455","202203008028",2022-09-02,-125.01527778,46.65361111,1070.5
"11456","202203008029",2022-09-03,-124.89583333,46.63333333,609.8
"11457","202203008030",2022-09-03,-124.81777778,46.60944444,505.1
"11458","202203008031",2022-09-03,-124.37,46.56305556,83.1
"11459","202203008032",2022-09-03,-124.30777778,46.06388889,113.4
"11460","202203008033",2022-09-03,-124.07,45.99305556,66.9
"11461","202203008034",2022-09-04,-124.44333333,45.90166667,151.3
"11462","202203008035",2022-09-04,-124.21694444,45.82916667,116.9
"11463","202203008036",2022-09-04,-124.29944444,45.76527778,143.2
"11464","202203008037",2022-09-04,-124.40666667,45.77916667,154
"11465","202203008038",2022-09-04,-124.445,45.73361111,168.7
"11466","202203008039",2022-09-04,-124.52333333,45.77361111,181.1
"11467","202203008040",2022-09-04,-124.84138889,45.73611111,689.8
"11468","202203008041",2022-09-05,-125.16166667,45.58416667,706.8
"11469","202203008042",2022-09-05,-124.68138889,45.49305556,493.3
"11470","202203008043",2022-09-05,-124.50166667,45.2775,409.5
"11471","202203008044",2022-09-05,-124.68444444,45.10888889,405.4
"11472","202203008045",2022-09-05,-124.57277778,45.12888889,341.9
"11473","202203008046",2022-09-05,-124.3225,45.15666667,222.3
"11474","202203008047",2022-09-06,-124.09944444,45.45861111,91
"11475","202203008048",2022-09-06,-124.17388889,45.23694444,130.9
"11476","202203008049",2022-09-06,-124.20972222,45.16916667,150.9
"11477","202203008050",2022-09-06,-124.18472222,44.97305556,111.5
"11478","202203008051",2022-09-06,-124.26166667,44.74444444,88.6
"11479","202203008052",2022-09-10,-124.28638889,44.54388889,75.3
"11480","202203008053",2022-09-10,-124.57666667,44.74305556,204.7
"11481","202203008054",2022-09-10,-124.64888889,44.58083333,288.9
"11482","202203008055",2022-09-10,-124.65638889,44.47666667,151.3
"11483","202203008056",2022-09-11,-124.25361111,44.31388889,69.9
"11484","202203008057",2022-09-11,-124.31777778,44.21416667,83.1
"11485","202203008058",2022-09-11,-124.3925,44.42583333,76.7
"11486","202203008060",2022-09-11,-124.93277778,44.28722222,461.2
"11487","202203008061",2022-09-11,-124.94944444,44.155,202.2
"11488","202203008062",2022-09-12,-124.30416667,43.94944444,104.1
"11489","202203008063",2022-09-12,-124.43777778,43.835,122.7
"11490","202203008064",2022-09-12,-124.66305556,43.8025,382.6
"11491","202203008065",2022-09-12,-124.74361111,43.89111111,235.8
"11492","202203008066",2022-09-12,-125.01027778,43.79861111,1241.1
"11493","202203008067",2022-09-12,-125.01972222,43.69166667,1237.5
"11494","202203008068",2022-09-13,-124.31222222,43.57916667,95.1
"11495","202203008069",2022-09-13,-124.56722222,43.52583333,183.8
"11496","202203008070",2022-09-13,-124.72083333,43.40583333,466.7
"11497","202203008071",2022-09-13,-124.74694444,43.50416667,532.7
"11498","202203008072",2022-09-13,-125.01888889,43.45416667,1172.6
"11499","202203008073",2022-09-14,-125.09055556,43.40944444,927.1
"11500","202203008074",2022-09-14,-124.965,43.23944444,982.9
"11501","202203008075",2022-09-14,-124.705,43.26055556,199.2
"11502","202203008076",2022-09-14,-124.62777778,43.25416667,133.3
"11503","202203008077",2022-09-14,-124.63722222,43.13333333,140.2
"11504","202203008078",2022-09-15,-124.90083333,42.96611111,347
"11505","202203008079",2022-09-15,-124.89361111,42.86972222,378.5
"11506","202203008080",2022-09-15,-124.8175,42.80111111,340.4
"11507","202203008081",2022-09-15,-124.59833333,42.66138889,110.9
"11508","202203008082",2022-09-15,-124.56555556,42.49888889,75.8
"11509","202203008083",2022-09-15,-124.68888889,42.50694444,126
"11510","202203008084",2022-09-17,-124.515,42.12027778,126.1
"11511","202203008085",2022-09-17,-124.53277778,42.11361111,132.8
"11512","202203008086",2022-09-17,-124.60194444,42.15166667,260.3
"11513","202203008087",2022-09-17,-124.57416667,42.25055556,168.1
"11514","202203008088",2022-09-17,-124.7525,42.54111111,305.5
"11515","202203008089",2022-09-18,-124.90555556,42.1525,999
"11516","202203008090",2022-09-18,-124.6875,42.14555556,548.2
"11517","202203008091",2022-09-18,-124.58083333,42.00861111,173.2
"11518","202203008092",2022-09-18,-124.57805556,41.78111111,561.4
"11519","202203008093",2022-09-18,-124.93583333,41.66611111,954.8
"11520","202203008094",2022-09-19,-124.71194444,41.21055556,1188.1
"11521","202203008095",2022-09-19,-124.45,41.07444444,549.7
"11522","202203008096",2022-09-19,-124.72361111,40.97833333,750.7
"11523","202203008097",2022-09-19,-124.73833333,40.75777778,1142.1
"11524","202203008098",2022-09-20,-124.11833333,39.8475,257
"11525","202203008099",2022-09-20,-124.90083333,40.16555556,992.2
"11526","202203008100",2022-09-20,-124.76666667,40.27194444,510.7
"11527","202203008101",2022-09-21,-124.36361111,40.85944444,107.8
"11528","202203008102",2022-09-25,-124.29638889,40.96055556,90.7
"11529","202203008103",2022-09-25,-124.40083333,40.91583333,190.4
"11530","202203008104",2022-09-25,-124.55833333,40.59722222,168.2
"11531","202203008105",2022-09-25,-124.56916667,40.38027778,575.4
"11532","202203008106",2022-09-25,-124.65666667,40.31305556,1117.8
"11533","202203008107",2022-09-26,-123.92527778,39.02472222,143.5
"11534","202203008108",2022-09-26,-124.01027778,38.93083333,461.5
"11535","202203008109",2022-09-26,-123.7525,38.85555556,93.6
"11536","202203008110",2022-09-26,-123.62027778,38.65472222,132
"11537","202203008111",2022-09-26,-123.49861111,38.68388889,82.6
"11538","202203008112",2022-09-26,-123.37277778,38.54694444,87.3
"11539","202203008114",2022-09-27,-123.48555556,38.44166667,149.6
"11540","202203008115",2022-09-27,-123.65388889,38.39916667,633.5
"11541","202203008116",2022-09-27,-123.59527778,38.36111111,422.6
"11542","202203008117",2022-09-27,-123.43694444,38.35444444,160
"11543","202203008118",2022-09-27,-123.22944444,38.18138889,108.1
"11544","202203008119",2022-09-28,-123.27916667,37.96555556,110
"11545","202203008120",2022-09-28,-123.42083333,37.92722222,134
"11546","202203008121",2022-09-28,-123.22083333,37.85277778,100.5
"11547","202203008122",2022-09-28,-122.80138889,37.50777778,88.2
"11548","202203008123",2022-09-30,-122.63166667,37.51138889,60.8
"11549","202203008124",2022-09-30,-122.68027778,37.45388889,76.4
"11550","202203008125",2022-09-30,-123.06361111,37.52527778,623
"11551","202203008126",2022-09-30,-123.19416667,37.36361111,1042.3
"11552","202203008127",2022-10-01,-122.89055556,37.2875,293.9
"11553","202203008128",2022-10-01,-122.83916667,37.08083333,631
"11554","202203008129",2022-10-01,-122.77083333,37.06888889,747.9
"11555","202203008130",2022-10-01,-122.45333333,37.09083333,93.8
"11556","202203008131",2022-10-02,-121.98972222,36.86972222,66.5
"11557","202203008132",2022-10-02,-122.01222222,36.62388889,118.4
"11558","202203008133",2022-10-02,-122.0125,36.57388889,380.9
"11559","202203008134",2022-10-02,-121.94194444,36.245,94.6
"11560","202203008135",2022-10-02,-121.90972222,36.06333333,1104.9
"11561","202203008136",2022-10-03,-121.74166667,35.88805556,917.6
"11562","202203008137",2022-10-03,-121.84194444,35.78972222,1004.1
"11563","202203008138",2022-10-03,-121.96833333,35.56638889,1114.2
"11564","202203008139",2022-10-03,-121.84666667,35.58805556,995.3
"11565","202203008140",2022-10-03,-121.70333333,35.48611111,1065.3
"11566","202203008141",2022-10-04,-121.49194444,35.775,307.6
"11567","202203008142",2022-10-04,-121.31916667,35.47027778,503.9
"11568","202203008143",2022-10-04,-121.29138889,35.37027778,523.9
"11569","202203008144",2022-10-05,-121.40805556,35.47777778,663.8
"11570","202203008145",2022-10-05,-121.4975,35.31527778,836.8
"11571","202203008146",2022-10-05,-121.68722222,35.22388889,1145.3
"11572","202203008147",2022-10-05,-121.47388889,35.16222222,560.4
"11573","202203008149",2022-10-06,-121.05972222,35.45527778,90.6
"11574","202203008150",2022-10-10,-121.20222222,35.21583333,559.7
"11575","202203008151",2022-10-10,-121.35166667,35.0525,522.2
"11576","202203008152",2022-10-10,-121.11111111,35.00722222,535.4
"11577","202203008153",2022-10-10,-121.04916667,34.94194444,484.4
"11578","202203008154",2022-10-10,-121.39416667,34.72194444,604.8
"11579","202203008155",2022-10-11,-121.23638889,34.65166667,709.1
"11580","202203008156",2022-10-11,-120.88333333,34.63277778,299.8
"11581","202203008157",2022-10-11,-120.68972222,34.45111111,343.1
"11582","202203008158",2022-10-11,-120.88916667,34.40555556,819.3
"11583","202203008159",2022-10-11,-120.69222222,34.26944444,629.3
"11584","202203008160",2022-10-12,-120.55166667,34.23555556,514.8
"11585","202203008161",2022-10-12,-120.53555556,34.02333333,276.6
"11586","202203008162",2022-10-12,-120.245,33.92111111,97.6
"11587","202203008163",2022-10-12,-120.03944444,34.11527778,117.7
"11588","202203008164",2022-10-12,-119.94555556,34.10555556,98.5
"11589","202203008165",2022-10-12,-119.89305556,34.09833333,99.2
"11590","202203008166",2022-10-12,-119.88138889,34.21,502.8
"11591","202203008167",2022-10-13,-120.16194444,34.42333333,81
"11592","202203008169",2022-10-13,-119.95638889,34.36666667,400.3
"11593","202203008170",2022-10-14,-119.62138889,34.11333333,252
"11594","202203008171",2022-10-14,-119.53166667,34.12805556,237.1
"11595","202203008172",2022-10-14,-119.45416667,34.16027778,172
"11596","202203008173",2022-10-14,-119.33333333,34.01361111,86.2
"11597","202203008174",2022-10-14,-119.78111111,33.75388889,915.8
"11598","202203008175",2022-10-15,-119.97638889,33.75888889,174.9
"11599","202203008176",2022-10-15,-119.96833333,33.735,132.4
"11600","202203008177",2022-10-15,-120.16416667,33.54138889,1096.4
"11601","202203008179",2022-10-15,-120.17138889,33.27416667,1004.7
"11602","202203008180",2022-10-16,-118.62916667,32.5325,908.8
"11603","202203008181",2022-10-16,-118.62527778,32.56972222,1031.1
"11604","202203008182",2022-10-16,-118.35527778,32.73305556,563.8
"11605","202203008183",2022-10-17,-117.635,33.31694444,296.3
"11606","202203008184",2022-10-17,-117.60666667,33.2775,332.9
"11607","202203008185",2022-10-17,-117.4975,33.15527778,404.2
"11608","202203008186",2022-10-17,-117.40777778,33.09,375.8
"11609","202203008187",2022-10-17,-117.3525,32.99111111,412.3
"11610","202203008188",2022-10-17,-117.43694444,32.64444444,156.6
"11611","202203008189",2022-10-17,-117.32777778,32.61777778,98.9
"11612","202203008192",2022-10-21,-118.29694444,33.66805556,60
"11613","202203010001",2022-05-23,-125.0425,44.58611111,1228.4
"11614","202203010002",2022-05-23,-125.01277778,44.83222222,1110.6
"11615","202203010003",2022-06-06,-125.04166667,44.90777778,843.1
"11616","202203010004",2022-06-06,-124.72805556,45.02583333,498.6
"11617","202203010005",2022-06-06,-124.47722222,45.39583333,408.2
"11618","202203010006",2022-06-06,-124.08694444,45.45388889,87.3
"11619","202203010007",2022-06-06,-124.17361111,45.61916667,112.7
"11620","202203010008",2022-06-07,-124.17972222,46.02416667,89.6
"11621","202203010009",2022-06-07,-124.48055556,46.00277778,148.9
"11622","202203010010",2022-06-07,-124.48722222,45.93416667,154.9
"11623","202203010011",2022-06-07,-124.66111111,45.96666667,197.7
"11624","202203010012",2022-06-07,-124.71333333,46.06277778,243.8
"11625","202203010013",2022-06-07,-124.88416667,46.03083333,955.7
"11626","202203010014",2022-06-10,-124.80555556,44.64472222,364.2
"11627","202203010015",2022-06-10,-124.62861111,44.67638889,260.8
"11628","202203010016",2022-06-10,-124.48388889,44.7025,129.9
"11629","202203010017",2022-06-10,-124.46055556,44.39861111,88
"11630","202203010018",2022-06-10,-124.35861111,44.34555556,81.3
"11631","202203010019",2022-06-11,-124.87944444,44.50972222,355.1
"11632","202203010020",2022-06-11,-124.84277778,44.4475,374.5
"11633","202203010021",2022-06-11,-124.77944444,44.31444444,152.8
"11634","202203010022",2022-06-11,-124.53416667,44.35444444,93.5
"11635","202203010023",2022-06-11,-124.38944444,44.24527778,91
"11636","202203010024",2022-06-11,-124.56527778,44.17972222,106.2
"11637","202203010025",2022-06-11,-124.975,44.21055556,314
"11638","202203010026",2022-06-12,-124.26666667,43.9075,89.9
"11639","202203010027",2022-06-12,-124.6375,43.74888889,329.6
"11640","202203010028",2022-06-12,-124.30805556,43.63888889,102.6
"11641","202203010029",2022-06-14,-124.96,43.48277778,1056.5
"11642","202203010030",2022-06-14,-124.85361111,43.4575,554.3
"11643","202203010031",2022-06-14,-124.75333333,43.45333333,508.7
"11644","202203010032",2022-06-14,-124.75527778,43.22222222,321.6
"11645","202203010033",2022-06-14,-124.71888889,43.14638889,234.9
"11646","202203010034",2022-06-14,-124.7825,43.0475,177.3
"11647","202203010035",2022-06-15,-124.9275,42.89333333,535.5
"11648","202203010036",2022-06-15,-124.57777778,42.685,95.9
"11649","202203010037",2022-06-15,-124.48416667,42.26305556,103.3
"11650","202203010038",2022-06-15,-124.67888889,42.06444444,539
"11651","202203010039",2022-06-16,-124.93055556,41.55,908.1
"11652","202203010040",2022-06-16,-124.66555556,41.43388889,1008.3
"11653","202203010041",2022-06-16,-124.49083333,41.5225,214.3
"11654","202203010042",2022-06-16,-124.34555556,41.49944444,88.8
"11655","202203010043",2022-06-16,-124.48527778,41.37277778,271.2
"11656","202203010044",2022-06-16,-124.44666667,41.33194444,196.4
"11657","202203010045",2022-06-17,-124.355,41.23055556,149.4
"11658","202203010046",2022-06-17,-124.58888889,41.195,1080.3
"11659","202203010047",2022-06-22,-124.4625,40.62833333,80.1
"11660","202203010048",2022-06-22,-124.46055556,39.97138889,1139.9
"11661","202203010049",2022-06-22,-124.28444444,40.04916667,376.3
"11662","202203010050",2022-06-23,-124.18444444,39.84666667,591.2
"11663","202203010051",2022-06-23,-123.91583333,39.74305556,124.2
"11664","202203010052",2022-06-23,-124.02666667,39.685,384.1
"11665","202203010053",2022-06-23,-124.11583333,39.53527778,894.8
"11666","202203010054",2022-06-23,-123.92805556,39.42055556,135.3
"11667","202203010055",2022-06-24,-123.79722222,39.17944444,77
"11668","202203010056",2022-06-24,-123.81861111,39.04583333,95.8
"11669","202203010057",2022-06-24,-123.82166667,38.94583333,107.1
"11670","202203010058",2022-06-24,-123.74694444,38.81722222,111.7
"11671","202203010059",2022-06-24,-123.56111111,38.585,140.8
"11672","202203010060",2022-06-25,-123.17444444,38.3125,89.6
"11673","202203010061",2022-06-25,-123.39361111,38.24722222,182
"11674","202203010062",2022-06-25,-123.16194444,38.20888889,93.6
"11675","202203010063",2022-06-25,-123.12555556,38.1425,83
"11676","202203010064",2022-06-25,-123.16333333,37.94583333,100.7
"11677","202203010065",2022-06-25,-123.22,37.88305556,100.5
"11678","202203010066",2022-06-25,-122.95666667,37.77583333,68
"11679","202203010067",2022-06-26,-122.93805556,37.26722222,409.7
"11680","202203010068",2022-06-26,-122.69138889,37.38388889,89.5
"11681","202203010069",2022-06-26,-122.66055556,37.26083333,101.5
"11682","202203010070",2022-06-26,-122.53,37.19,91.7
"11683","202203010071",2022-06-27,-122.44722222,37.06083333,104.1
"11684","202203010072",2022-06-27,-122.50138889,37.00333333,134.3
"11685","202203010073",2022-06-27,-122.25472222,36.78027778,739.9
"11686","202203010074",2022-06-27,-122.10722222,36.90138889,73
"11687","202203010075",2022-06-27,-121.99111111,36.46944444,137.1
"11688","202203010076",2022-06-28,-121.94055556,36.36416667,73
"11689","202203010078",2022-06-29,-121.44861111,35.25,689.9
"11690","202203010079",2022-06-29,-121.36138889,35.22194444,694.5
"11691","202203010080",2022-06-29,-121.43638889,35.21833333,634.9
"11692","202203010081",2022-06-30,-121.05416667,34.84888889,464.1
"11693","202203010082",2022-06-30,-121.03361111,34.62111111,629.6
"11694","202203010083",2022-06-30,-120.92305556,34.5025,662.2
"11695","202203010084",2022-06-30,-120.91166667,34.56333333,503.1
"11696","202203010085",2022-06-30,-120.83138889,34.51083333,463.2
"11697","202203010086",2022-06-30,-120.73,34.44888889,471.6
"11698","202203010087",2022-07-01,-120.93305556,34.83944444,272.7
"11699","202203010088",2022-07-01,-121.01416667,34.90416667,434.6
"11700","202203010089",2022-07-06,-120.79833333,34.95916667,108.2
"11701","202203010090",2022-07-06,-120.76472222,34.86916667,89.2
"11702","202203010091",2022-07-06,-120.71916667,34.76472222,68.7
"11703","202203010092",2022-07-06,-120.44638889,34.35777778,259.7
"11704","202203010093",2022-07-06,-120.29777778,34.40972222,193.7
"11705","202203010094",2022-07-06,-120.23722222,34.40388889,222.1
"11706","202203010095",2022-07-07,-120.07,34.40805556,93.1
"11707","202203010096",2022-07-07,-120.17694444,34.27777778,514.9
"11708","202203010097",2022-07-07,-119.93888889,34.17194444,484.3
"11709","202203010098",2022-07-07,-119.78638889,34.22055556,329.8
"11710","202203010099",2022-07-07,-119.62805556,34.05222222,87.5
"11711","202203010100",2022-07-08,-120.44583333,33.96555556,179.3
"11712","202203010101",2022-07-08,-120.32861111,33.95305556,105.6
"11713","202203010102",2022-07-08,-120.35138889,33.82472222,656.7
"11714","202203010103",2022-07-08,-120.18555556,33.89138889,114.6
"11715","202203010104",2022-07-08,-120.17833333,33.88527778,189.1
"11716","202203010106",2022-07-09,-120.06611111,33.83722222,104.4
"11717","202203010108",2022-07-09,-119.93527778,33.9325,76
"11718","202203010109",2022-07-09,-119.89527778,33.69638889,142.3
"11719","202203010110",2022-07-10,-119.34527778,34.00194444,88.1
"11720","202203010111",2022-07-11,-119.33805556,34.05555556,173.6
"11721","202203010112",2022-07-14,-118.52888889,32.7675,411.7
"11722","202203010113",2022-07-15,-117.44055556,32.72638889,533
"11723","202203010114",2022-07-15,-117.40333333,32.75583333,404.9
"11724","202203010115",2022-07-16,-117.36722222,33.04666667,262.3
"11725","202203010116",2022-07-17,-118.32277778,33.68361111,102.8
"11726","202203017002",2022-08-28,-124.41305556,44.69361111,102.1
"11727","202203017003",2022-08-28,-124.48583333,44.85805556,194.1
"11728","202203017004",2022-08-28,-124.13277778,44.98444444,88.6
"11729","202203017005",2022-08-29,-124.52194444,45.65111111,216
"11730","202203017006",2022-08-29,-124.84111111,45.83583333,999.5
"11731","202203017007",2022-08-29,-124.77583333,45.965,504.2
"11732","202203017008",2022-08-29,-124.72555556,45.95722222,332.2
"11733","202203017009",2022-08-29,-124.31083333,46.34944444,80.5
"11734","202203017010",2022-08-30,-124.77361111,47.355,165
"11735","202203017011",2022-08-30,-125.135,47.55666667,510.1
"11736","202203017012",2022-08-30,-125.22138889,47.68666667,863.5
"11737","202203017013",2022-08-30,-125.28416667,47.6725,981.9
"11738","202203017014",2022-08-30,-125.35861111,47.70166667,981.9
"11739","202203017015",2022-08-31,-125.12111111,47.84305556,191.6
"11740","202203017016",2022-08-31,-125.005,47.83944444,124.5
"11741","202203017017",2022-08-31,-124.96916667,47.87,115.5
"11742","202203017018",2022-08-31,-124.92694444,47.83944444,106.8
"11743","202203017019",2022-09-01,-124.81194444,47.83638889,75.3
"11744","202203017020",2022-09-01,-124.86083333,47.77055556,99.8
"11745","202203017021",2022-09-01,-124.67361111,47.67194444,60.9
"11746","202203017022",2022-09-01,-124.66222222,47.5975,68
"11747","202203017023",2022-09-01,-124.70388889,47.37416667,109.2
"11748","202203017024",2022-09-01,-124.72222222,47.10083333,115.2
"11749","202203017025",2022-09-02,-124.52888889,47.12583333,72.7
"11750","202203017026",2022-09-02,-124.50194444,46.965,78
"11751","202203017027",2022-09-02,-124.23972222,46.00333333,105.6
"11752","202203017028",2022-09-03,-124.08166667,45.99638889,71.2
"11753","202203017029",2022-09-03,-124.28555556,45.90444444,130
"11754","202203017030",2022-09-03,-124.45638889,45.70777778,178.6
"11755","202203017031",2022-09-03,-124.06944444,45.57222222,77.4
"11756","202203017032",2022-09-03,-124.11666667,45.40416667,100.6
"11757","202203017033",2022-09-03,-124.15361111,45.38527778,118.2
"11758","202203017034",2022-09-04,-124.85611111,45.17472222,742.4
"11759","202203017035",2022-09-04,-124.54833333,45.23305556,438.1
"11760","202203017036",2022-09-04,-124.61833333,45.16416667,384.7
"11761","202203017037",2022-09-04,-124.61722222,45.105,438
"11762","202203017038",2022-09-04,-124.47833333,45.04388889,350.7
"11763","202203017039",2022-09-05,-124.70166667,44.82111111,397.2
"11764","202203017040",2022-09-05,-124.71777778,44.79055556,303
"11765","202203017041",2022-09-05,-124.82,44.7425,486.3
"11766","202203017042",2022-09-05,-124.59027778,44.63888889,184
"11767","202203017043",2022-09-06,-124.20416667,44.54444444,61.3
"11768","202203017044",2022-09-10,-124.86416667,44.37,512.6
"11769","202203017045",2022-09-10,-124.84138889,44.32055556,244.6
"11770","202203017046",2022-09-10,-124.60444444,44.40916667,115.9
"11771","202203017047",2022-09-10,-124.26055556,44.21694444,75.1
"11772","202203017048",2022-09-10,-124.32055556,44.11222222,85.5
"11773","202203017049",2022-09-11,-124.91555556,43.90888889,413.6
"11774","202203017050",2022-09-11,-124.77027778,43.98611111,135.9
"11775","202203017051",2022-09-11,-124.47722222,43.98527778,133.1
"11776","202203017052",2022-09-11,-124.50861111,43.89111111,137.2
"11777","202203017053",2022-09-11,-124.45583333,43.82027778,123.8
"11778","202203017054",2022-09-12,-124.3675,43.75416667,111.3
"11779","202203017055",2022-09-12,-124.45805556,43.71361111,126
"11780","202203017056",2022-09-12,-124.43166667,43.71222222,121.8
"11781","202203017057",2022-09-12,-124.34,43.68611111,109.7
"11782","202203017058",2022-09-12,-124.32305556,43.60194444,103.6
"11783","202203017059",2022-09-12,-124.325,43.565,97.8
"11784","202203017060",2022-09-12,-124.41166667,43.57,119.8
"11785","202203017061",2022-09-13,-125.015,43.58,1084.9
"11786","202203017062",2022-09-13,-124.72333333,43.45416667,485.2
"11787","202203017063",2022-09-13,-124.68111111,43.38916667,273.1
"11788","202203017064",2022-09-13,-124.75916667,42.99583333,159.7
"11789","202203017066",2022-09-14,-124.8675,42.67,644
"11790","202203017067",2022-09-14,-124.80527778,42.72722222,490.3
"11791","202203017068",2022-09-14,-124.54722222,42.63972222,93.1
"11792","202203017069",2022-09-14,-124.54277778,42.56944444,79.9
"11793","202203017070",2022-09-14,-124.56472222,42.56472222,85.8
"11794","202203017071",2022-09-15,-124.93722222,42.00722222,850.7
"11795","202203017072",2022-09-15,-124.88805556,42.01,993.6
"11796","202203017073",2022-09-15,-124.7925,42.16194444,670.3
"11797","202203017074",2022-09-15,-124.53861111,42.10888889,133
"11798","202203017075",2022-09-17,-124.64361111,41.93388889,584.2
"11799","202203017076",2022-09-17,-124.48638889,41.90722222,121.4
"11800","202203017077",2022-09-17,-124.47861111,41.83388889,154
"11801","202203017078",2022-09-17,-124.51944444,41.82638889,379.7
"11802","202203017079",2022-09-17,-124.8375,41.61555556,866.1
"11803","202203017080",2022-09-18,-124.47833333,41.61111111,214.5
"11804","202203017081",2022-09-18,-124.64416667,41.26166667,1116.7
"11805","202203017082",2022-09-18,-124.38916667,41.24194444,201.2
"11806","202203017083",2022-09-18,-124.23638889,41.11,62.8
"11807","202203017084",2022-09-19,-125.08388889,40.19666667,1201
"11808","202203017085",2022-09-19,-124.64388889,40.15166667,766.3
"11809","202203017086",2022-09-19,-124.64472222,40.08138889,879.9
"11810","202203017087",2022-09-19,-124.69361111,40.02138889,1025.3
"11811","202203017088",2022-09-19,-124.595,40.03611111,937.9
"11812","202203017089",2022-09-20,-124.23666667,40.97583333,62.8
"11813","202203017090",2022-09-25,-124.44388889,40.1075,630.9
"11814","202203017091",2022-09-26,-124.29027778,39.92055556,987
"11815","202203017092",2022-09-26,-124.12388889,39.925,123.4
"11816","202203017093",2022-09-26,-123.95888889,39.45277778,165.9
"11817","202203017094",2022-09-26,-124.11722222,39.32,777.7
"11818","202203017095",2022-09-27,-123.80416667,39.11277778,96.5
"11819","202203017096",2022-09-27,-123.745,38.75388889,133.8
"11820","202203017099",2022-09-28,-123.73833333,38.6475,250.7
"11821","202203017100",2022-09-28,-123.43472222,38.57638889,98
"11822","202203017101",2022-09-28,-123.37638889,38.38111111,125.8
"11823","202203017102",2022-09-28,-123.52138889,38.23638889,471
"11824","202203017103",2022-09-28,-123.58833333,38.2425,698.7
"11825","202203017104",2022-09-29,-123.32555556,38.07805556,147.9
"11826","202203017105",2022-09-30,-122.87,37.3325,208.1
"11827","202203017106",2022-09-30,-122.92083333,37.31166667,348.3
"11828","202203017107",2022-10-01,-122.59333333,37.26361111,94
"11829","202203017108",2022-10-01,-122.53916667,37.16777778,97
"11830","202203017109",2022-10-01,-122.75388889,37.01444444,827.5
"11831","202203017110",2022-10-01,-122.58388889,36.94027778,979.1
"11832","202203017111",2022-10-01,-122.35888889,37.02638889,94
"11833","202203017112",2022-10-02,-122.05583333,36.82055556,100.4
"11834","202203017113",2022-10-02,-121.92111111,36.8075,92.9
"11835","202203017114",2022-10-02,-122.11055556,36.29611111,541.9
"11836","202203017115",2022-10-02,-122.16222222,36.245,892.3
"11837","202203017116",2022-10-02,-122.06722222,36.22527778,616.6
"11838","202203017117",2022-10-03,-121.89222222,36.24638889,76.2
"11839","202203017118",2022-10-03,-121.96138889,36.225,403.7
"11840","202203017120",2022-10-03,-122.06861111,35.79111111,1178.6
"11841","202203017121",2022-10-04,-121.30388889,35.54472222,381.7
"11842","202203017122",2022-10-04,-121.08444444,35.28805556,327.2
"11843","202203017123",2022-10-04,-121.02777778,35.16555556,401.8
"11844","202203017124",2022-10-04,-121.03583333,35.00611111,462.4
"11845","202203017125",2022-10-04,-120.98055556,35.01361111,390.1
"11846","202203017126",2022-10-05,-120.76611111,35.0075,79.4
"11847","202203017127",2022-10-05,-120.8025,34.77694444,106.7
"11848","202203017128",2022-10-05,-120.84722222,34.71361111,154
"11849","202203017129",2022-10-05,-120.95694444,34.72944444,349.2
"11850","202203017130",2022-10-05,-121.06194444,34.765,495
"11851","202203017131",2022-10-05,-121.12444444,34.83305556,554.3
"11852","202203017132",2022-10-06,-121.41611111,35.25194444,760.8
"11853","202203017133",2022-10-10,-121.93027778,35.5525,1029.4
"11854","202203017134",2022-10-10,-121.66277778,35.48,1037.1
"11855","202203017135",2022-10-10,-121.63138889,35.49361111,977.4
"11856","202203017136",2022-10-10,-121.585,35.07194444,1018.5
"11857","202203017137",2022-10-10,-121.44472222,35.01138889,451.9
"11858","202203017138",2022-10-11,-121.02638889,34.9325,457.5
"11859","202203017139",2022-10-11,-121.29416667,34.85611111,437.3
"11860","202203017140",2022-10-11,-121.24611111,34.70416667,644.8
"11861","202203017141",2022-10-11,-121.16361111,34.59583333,822.6
"11862","202203017142",2022-10-11,-120.98444444,34.58888889,628.7
"11863","202203017143",2022-10-11,-120.83333333,34.52833333,419.8
"11864","202203017144",2022-10-12,-120.53333333,34.46194444,69.9
"11865","202203017145",2022-10-12,-120.3975,34.34166667,297
"11866","202203017146",2022-10-12,-120.21361111,34.31777778,447.1
"11867","202203017147",2022-10-12,-120.1825,34.33638889,455.3
"11868","202203017148",2022-10-12,-119.91805556,34.23277778,530.9
"11869","202203017149",2022-10-12,-119.82527778,34.27666667,300.4
"11870","202203017150",2022-10-12,-119.82472222,34.32027778,289.1
"11871","202203017151",2022-10-13,-119.7675,34.3775,62.3
"11872","202203017152",2022-10-13,-119.66138889,34.25472222,172.8
"11873","202203017153",2022-10-13,-119.70194444,34.20833333,219.4
"11874","202203017154",2022-10-13,-119.67166667,34.20361111,221.1
"11875","202203017155",2022-10-13,-119.49916667,34.18,104.7
"11876","202203017156",2022-10-13,-119.39166667,34.13833333,172.6
"11877","202203017157",2022-10-13,-119.52861111,34.06916667,83.7
"11878","202203017158",2022-10-14,-119.86111111,33.82194444,377.4
"11879","202203017159",2022-10-14,-120.16055556,33.8075,504.7
"11880","202203017160",2022-10-14,-120.27416667,33.97416667,69
"11881","202203017161",2022-10-14,-120.41722222,33.84027778,896
"11882","202203017163",2022-10-15,-120.24694444,33.15138889,655.9
"11883","202203017164",2022-10-15,-120.08694444,32.74722222,512.5
"11884","202203017165",2022-10-16,-118.04111111,32.71222222,574.2
"11885","202203017166",2022-10-16,-117.66694444,32.89694444,972.8
"11886","202203017167",2022-10-17,-117.37277778,32.7875,103.5
"11887","202203017168",2022-10-17,-117.43166667,32.74833333,480.7
"11888","202203017169",2022-10-17,-117.29111111,32.71472222,60.6
"11889","202203017171",2022-10-19,-118.01527778,33.18472222,946.1
"11890","202203017172",2022-10-19,-118.16666667,33.24361111,391.7
"11891","202203017173",2022-10-19,-118.65444444,33.48166667,215.6
"11892","202203017174",2022-10-19,-118.79333333,33.54305556,429.7
"11893","202203017175",2022-10-20,-118.59388889,33.91583333,240.5
"11894","202203017176",2022-10-21,-118.29027778,33.50944444,837.5
"11895","202203020001",2022-05-23,-125.25333333,44.75111111,1195.4
"11896","202203020002",2022-05-23,-125.02472222,44.895,940.4
"11897","202203020003",2022-05-23,-125.22861111,44.97888889,1151.6
"11898","202203020004",2022-05-23,-124.78277778,45.3175,629
"11899","202203020005",2022-05-24,-124.88916667,45.4775,1087.8
"11900","202203020007",2022-05-24,-124.72083333,45.69527778,378.8
"11901","202203020008",2022-05-24,-124.73972222,45.93583333,390.2
"11902","202203020009",2022-05-25,-124.78416667,46.69722222,209.8
"11903","202203020010",2022-05-25,-124.8925,47.00194444,172.1
"11904","202203020011",2022-05-25,-124.98472222,47.23944444,414.9
"11905","202203020012",2022-05-25,-124.935,47.2875,704.8
"11906","202203020013",2022-05-26,-125.66777778,47.76277778,994.2
"11907","202203020014",2022-05-26,-125.46944444,47.90361111,714.2
"11908","202203020015",2022-05-26,-125.58166667,48.12972222,148
"11909","202203020016",2022-05-27,-125.09833333,48.15444444,239.1
"11910","202203020018",2022-05-27,-125.06527778,48.0975,338.7
"11911","202203020019",2022-05-27,-124.88861111,48.15722222,64.6
"11912","202203020020",2022-05-27,-124.73805556,47.63777778,78.3
"11913","202203020021",2022-05-28,-124.63333333,47.44833333,75.2
"11914","202203020022",2022-05-28,-124.58333333,47.19555556,78.6
"11915","202203020023",2022-05-28,-124.71777778,47.13694444,113.4
"11916","202203020024",2022-05-28,-124.69166667,46.92666667,124.1
"11917","202203020025",2022-05-29,-124.30694444,46.26361111,105.9
"11918","202203020026",2022-05-29,-124.43666667,46.20611111,148.2
"11919","202203020027",2022-05-29,-124.40416667,46.13388889,123.8
"11920","202203020028",2022-05-30,-124.73944444,46.03027778,315.9
"11921","202203020029",2022-05-30,-124.20888889,45.92305556,106.7
"11922","202203020030",2022-05-30,-124.46277778,45.59666667,211
"11923","202203020031",2022-05-30,-124.66527778,45.60416667,409
"11924","202203020033",2022-05-31,-124.82166667,45.33166667,719.1
"11925","202203020034",2022-05-31,-124.87055556,45.30611111,825.3
"11926","202203020035",2022-05-31,-124.57472222,45.32666667,411.3
"11927","202203020036",2022-05-31,-124.52777778,45.44083333,446.8
"11928","202203020037",2022-05-31,-124.25555556,45.40166667,165.8
"11929","202203020038",2022-06-01,-124.26,45.52305556,153.8
"11930","202203020039",2022-06-01,-124.22611111,45.265,159.5
"11931","202203020040",2022-06-01,-124.55277778,45.12777778,328.1
"11932","202203020041",2022-06-01,-124.26027778,45.0275,159.4
"11933","202203020042",2022-06-02,-124.24277778,44.46138889,65.9
"11934","202203020043",2022-06-06,-124.70055556,44.73555556,322.3
"11935","202203020044",2022-06-06,-124.73027778,44.82972222,451
"11936","202203020045",2022-06-06,-124.84527778,44.79944444,478.3
"11937","202203020046",2022-06-06,-124.77444444,44.68666667,291.7
"11938","202203020047",2022-06-06,-124.77833333,44.37083333,166.4
"11939","202203020048",2022-06-07,-125.12333333,44.37666667,1110.6
"11940","202203020049",2022-06-07,-124.84361111,44.29083333,163.6
"11941","202203020050",2022-06-07,-124.5325,44.39055556,97.9
"11942","202203020051",2022-06-07,-124.51805556,44.44333333,92
"11943","202203020052",2022-06-07,-124.35666667,44.40222222,79.1
"11944","202203020053",2022-06-08,-124.3325,44.45555556,70.3
"11945","202203020054",2022-06-08,-124.24583333,44.3325,68.9
"11946","202203020055",2022-06-08,-124.73722222,44.15416667,109.1
"11947","202203020056",2022-06-09,-125.03027778,43.92888889,921.4
"11948","202203020057",2022-06-09,-124.82722222,43.955,136
"11949","202203020058",2022-06-09,-124.8125,43.86,296.3
"11950","202203020059",2022-06-09,-124.49805556,43.96916667,137.3
"11951","202203020060",2022-06-10,-124.28416667,44.00416667,88.4
"11952","202203020062",2022-06-10,-124.5725,43.94888889,168.8
"11953","202203020063",2022-06-10,-124.67416667,43.85944444,304.5
"11954","202203020064",2022-06-10,-124.43611111,43.81777778,122.5
"11955","202203020065",2022-06-10,-124.46777778,43.6525,136.4
"11956","202203020066",2022-06-11,-124.57944444,43.45444444,160.5
"11957","202203020067",2022-06-11,-124.61166667,43.55194444,261.4
"11958","202203020068",2022-06-11,-124.99333333,43.47833333,1135.6
"11959","202203020069",2022-06-11,-124.83361111,43.28111111,394.6
"11960","202203020070",2022-06-11,-124.46388889,43.29722222,68.4
"11961","202203020071",2022-06-12,-125.02083333,42.92333333,1132.9
"11962","202203020072",2022-06-12,-124.835,42.92222222,199.5
"11963","202203020073",2022-06-12,-124.7075,43.02472222,158.3
"11964","202203020074",2022-06-12,-124.70916667,42.95861111,137.2
"11965","202203020075",2022-06-12,-124.79944444,42.86027778,267.4
"11966","202203020076",2022-06-13,-124.77472222,42.68861111,579.9
"11967","202203020077",2022-06-13,-124.88527778,42.47083333,993.3
"11968","202203020078",2022-06-13,-124.58222222,42.42138889,82.9
"11969","202203020079",2022-06-13,-124.67361111,42.23138889,458.5
"11970","202203020080",2022-06-13,-124.54833333,42.25194444,147
"11971","202203020081",2022-06-14,-124.78222222,42.02111111,690.6
"11972","202203020082",2022-06-14,-124.78416667,42.00972222,767
"11973","202203020083",2022-06-14,-124.60583333,41.99388889,344.4
"11974","202203020084",2022-06-15,-124.45361111,41.82833333,131.4
"11975","202203020085",2022-06-15,-124.88416667,41.62972222,935.7
"11976","202203020086",2022-06-15,-124.75972222,41.56472222,887.4
"11977","202203020087",2022-06-16,-124.80444444,41.16972222,1216
"11978","202203020088",2022-06-16,-124.83111111,41.09888889,1081
"11979","202203020089",2022-06-16,-124.82944444,41.07194444,1132
"11980","202203020090",2022-06-16,-124.62333333,41.09222222,934.5
"11981","202203020091",2022-06-17,-124.435,40.95527778,317.6
"11982","202203020092",2022-06-17,-124.35083333,40.81027778,70.6
"11983","202203020093",2022-06-22,-124.42833333,40.85916667,251.9
"11984","202203020094",2022-06-22,-124.46638889,40.82527778,352.9
"11985","202203020095",2022-06-22,-124.54583333,40.44194444,90.6
"11986","202203020097",2022-06-23,-123.97222222,39.87666667,74.3
"11987","202203020098",2022-06-23,-123.91972222,39.80138889,104.2
"11988","202203020099",2022-06-23,-124.11055556,39.12916667,731.5
"11989","202203020100",2022-06-23,-123.86055556,39.1025,111
"11990","202203020101",2022-06-24,-123.86416667,38.75,467.5
"11991","202203020102",2022-06-24,-123.77472222,38.7175,193.9
"11992","202203020103",2022-06-24,-123.56083333,38.73083333,81.5
"11993","202203020104",2022-06-24,-123.34527778,38.54,78.6
"11994","202203020105",2022-06-24,-123.51972222,38.34888889,222.1
"11995","202203020106",2022-06-25,-123.39916667,38.17055556,254.2
"11996","202203020107",2022-06-25,-123.06833333,38.10416667,71.4
"11997","202203020108",2022-06-25,-123.19388889,38.045,104.5
"11998","202203020109",2022-06-25,-123.23138889,38.04083333,113.6
"11999","202203020110",2022-06-25,-122.6125,37.4125,72
"12000","202203020112",2022-06-26,-122.8,37.25805556,174.9
"12001","202203020113",2022-06-26,-122.72666667,37.24166667,117.1
"12002","202203020114",2022-06-26,-122.81222222,37.14194444,427.6
"12003","202203020115",2022-06-26,-122.7475,37.13527778,403.9
"12004","202203020116",2022-06-26,-122.5725,36.97083333,477.8
"12005","202203020117",2022-06-27,-122.17694444,36.88666667,96
"12006","202203020118",2022-06-27,-122.19055556,36.75416667,714
"12007","202203020119",2022-06-28,-121.9975,36.63222222,95.9
"12008","202203020120",2022-06-28,-122.15388889,36.3575,751.9
"12009","202203020121",2022-06-28,-122.21722222,36.34833333,969.5
"12010","202203020123",2022-06-29,-121.79138889,36.185,349.9
"12011","202203020124",2022-06-29,-121.80944444,35.80666667,1050.9
"12012","202203020125",2022-06-29,-121.63444444,35.35833333,1042.4
"12013","202203020126",2022-06-29,-121.68777778,35.34388889,1190.9
"12014","202203020127",2022-06-30,-121.20111111,35.38694444,380.6
"12015","202203020128",2022-06-30,-121.10333333,35.34361111,290.4
"12016","202203020129",2022-06-30,-121.11888889,35.14333333,541.4
"12017","202203020130",2022-06-30,-121.10472222,35.04638889,525.7
"12018","202203020131",2022-06-30,-120.99694444,35.04,391.2
"12019","202203020132",2022-06-30,-120.79972222,34.93472222,114.4
"12020","202203020133",2022-07-01,-120.76777778,35.05305556,73.2
"12021","202203020134",2022-07-01,-120.97277778,35.23222222,162.7
"12022","202203020135",2022-07-01,-120.9875,35.245,183
"12023","202203020136",2022-07-06,-121.30305556,35.12222222,627.8
"12024","202203020137",2022-07-06,-121.32333333,34.82888889,463.3
"12025","202203020139",2022-07-06,-120.94527778,34.70194444,348.9
"12026","202203020140",2022-07-06,-121.02555556,34.48416667,992.5
"12027","202203020141",2022-07-07,-120.71333333,34.63444444,63.8
"12028","202203020142",2022-07-07,-120.86527778,34.405,756.6
"12029","202203020143",2022-07-07,-120.65416667,34.32722222,505.4
"12030","202203020144",2022-07-07,-120.55916667,34.02527778,426.4
"12031","202203020145",2022-07-07,-120.22666667,33.92722222,73.9
"12032","202203020146",2022-07-08,-119.96805556,33.85583333,88.9
"12033","202203020147",2022-07-08,-120.09916667,33.79444444,379.1
"12034","202203020150",2022-07-09,-119.72722222,33.6375,1089.6
"12035","202203020151",2022-07-09,-119.75222222,33.71361111,1050.6
"12036","202203020152",2022-07-09,-120.06583333,34.12972222,398
"12037","202203020153",2022-07-09,-120.22111111,34.1075,101.2
"12038","202203020154",2022-07-09,-119.85805556,34.15666667,417.1
"12039","202203020155",2022-07-10,-120.37861111,34.39611111,108.6
"12040","202203020156",2022-07-10,-120.23111111,34.38055556,345.6
"12041","202203020158",2022-07-10,-120.02527778,34.38555556,208.1
"12042","202203020159",2022-07-10,-119.79555556,34.14416667,355.8
"12043","202203020160",2022-07-11,-119.63166667,34.27555556,108.1
"12044","202203020161",2022-07-11,-119.48388889,34.19916667,95.4
"12045","202203020162",2022-07-11,-119.40222222,34.16083333,94.9
"12046","202203020163",2022-07-11,-119.20722222,34.05583333,220.5
"12047","202203020164",2022-07-11,-119.26777778,34.01944444,546.1
"12048","202203020165",2022-07-11,-119.04055556,34.05166667,98.2
"12049","202203020169",2022-07-12,-118.72333333,33.87722222,594.8
"12050","202203020170",2022-07-12,-118.57444444,33.83694444,159.5
"12051","202203020171",2022-07-13,-117.98416667,33.49583333,471.2
"12052","202203020172",2022-07-13,-117.96083333,33.43638889,525
"12053","202203020173",2022-07-14,-118.12055556,32.85916667,830.6
"12054","202203020174",2022-07-14,-117.38138889,32.67166667,275.7
"12055","202203020175",2022-07-14,-117.39,32.65083333,273.7
"12056","202203020176",2022-07-16,-117.3325,32.91694444,369.1
"12057","202203020177",2022-07-16,-117.65777778,33.34194444,300.8
"12058","202203020178",2022-07-17,-118.2425,33.58583333,89.2
"12059","202303008001",2023-08-21,-124.77444444,45.37472222,613.1
"12060","202303008002",2023-08-22,-125.1525,46.67027778,993.4
"12061","202303008003",2023-08-22,-124.90861111,46.91194444,371.3
"12062","202303008004",2023-08-22,-124.81888889,46.98,160.8
"12063","202303008005",2023-08-22,-125.10805556,47.25916667,759.3
"12064","202303008006",2023-08-23,-125.25361111,48.33222222,182.8
"12065","202303008007",2023-08-23,-125.16277778,48.18,123.3
"12066","202303008008",2023-08-23,-125.39972222,48.10361111,116
"12067","202303008009",2023-08-23,-125.71833333,47.85166667,1198.7
"12068","202303008010",2023-08-23,-125.6525,47.77638889,974.6
"12069","202303008011",2023-08-24,-125.74111111,47.72527778,1134.3
"12070","202303008012",2023-08-24,-125.54777778,47.67277778,1087.9
"12071","202303008013",2023-08-24,-125.18305556,47.66694444,676.7
"12072","202303008014",2023-08-24,-125.22472222,47.7675,686.5
"12073","202303008015",2023-08-24,-124.95611111,47.89972222,111.8
"12074","202303008016",2023-08-24,-124.92,47.965,93.6
"12075","202303008017",2023-08-24,-124.88305556,48.03333333,67.8
"12076","202303008018",2023-08-25,-124.74388889,47.83083333,59.3
"12077","202303008019",2023-08-25,-124.74805556,47.79722222,65.3
"12078","202303008020",2023-08-25,-124.70916667,47.73111111,63.7
"12079","202303008021",2023-08-25,-124.65972222,47.57416667,70.1
"12080","202303008022",2023-08-25,-124.65,47.30472222,96.6
"12081","202303008023",2023-08-25,-124.72777778,47.20361111,117.7
"12082","202303008024",2023-08-25,-124.90444444,47.13194444,150.6
"12083","202303008025",2023-08-25,-124.8875,47.07444444,154.9
"12084","202303008026",2023-08-26,-124.85805556,46.65388889,524
"12085","202303008027",2023-08-26,-124.78527778,46.67722222,271.2
"12086","202303008028",2023-08-26,-124.65361111,46.70916667,147.6
"12087","202303008029",2023-08-27,-124.56972222,46.69722222,127.6
"12088","202303008030",2023-08-27,-124.30111111,46.56444444,66.1
"12089","202303008031",2023-08-27,-124.42944444,46.26055556,433
"12090","202303008032",2023-08-27,-124.63916667,46.25083333,841.6
"12091","202303008033",2023-08-28,-125.00944444,46.29694444,1137.1
"12092","202303008034",2023-08-28,-124.72722222,46.06666667,313.3
"12093","202303008035",2023-08-28,-124.64222222,45.97166667,189.8
"12094","202303008036",2023-08-28,-124.50111111,45.86861111,154.3
"12095","202303008037",2023-08-28,-124.88527778,45.88027778,778.3
"12096","202303008038",2023-08-29,-124.2675,46.13138889,97.7
"12097","202303008039",2023-08-29,-124.12361111,46.03361111,81.1
"12098","202303008040",2023-08-29,-124.265,45.89972222,125.7
"12099","202303008041",2023-08-29,-124.33861111,45.83444444,148.9
"12100","202303008042",2023-08-29,-124.17861111,45.76916667,112.6
"12101","202303008043",2023-08-29,-124.19722222,45.70388889,117.5
"12102","202303008044",2023-08-29,-124.10583333,45.53388889,92
"12103","202303008045",2023-09-02,-124.54194444,44.85777778,267.2
"12104","202303008046",2023-09-02,-124.12583333,45.12638889,98.6
"12105","202303008047",2023-09-02,-124.29166667,45.19222222,190.6
"12106","202303008048",2023-09-02,-124.54194444,45.30583333,412.4
"12107","202303008049",2023-09-02,-124.59833333,45.43944444,447
"12108","202303008050",2023-09-03,-124.66222222,45.65777778,355
"12109","202303008051",2023-09-03,-124.55416667,45.70055556,204.4
"12110","202303008052",2023-09-03,-124.45694444,45.66777778,191
"12111","202303008053",2023-09-03,-124.48638889,45.53416667,278.7
"12112","202303008054",2023-09-03,-124.88972222,45.08111111,715.9
"12113","202303008055",2023-09-04,-124.93777778,44.90083333,492.5
"12114","202303008056",2023-09-04,-124.79888889,44.87055556,282.1
"12115","202303008057",2023-09-04,-124.68444444,44.92694444,412.7
"12116","202303008058",2023-09-04,-124.65583333,44.81388889,375.8
"12117","202303008059",2023-09-04,-125,44.57361111,895.6
"12118","202303008060",2023-09-05,-124.90666667,44.42805556,481.2
"12119","202303008061",2023-09-05,-124.89861111,44.48666667,464.8
"12120","202303008062",2023-09-05,-124.82472222,44.53888889,425.8
"12121","202303008063",2023-09-05,-124.53722222,44.53777778,123.9
"12122","202303008064",2023-09-05,-124.31138889,44.53194444,86.8
"12123","202303008065",2023-09-05,-124.19388889,44.50388889,59.3
"12124","202303008066",2023-09-06,-124.29388889,44.30666667,74.9
"12125","202303008067",2023-09-06,-124.57555556,44.13055556,119.3
"12126","202303008068",2023-09-06,-124.61,43.92138889,202.5
"12127","202303008069",2023-09-06,-124.39388889,43.91138889,118.9
"12128","202303008070",2023-09-07,-125.00944444,43.55805556,1051.6
"12129","202303008071",2023-09-07,-124.9675,43.36833333,864.6
"12130","202303008072",2023-09-07,-124.92222222,43.375,716.8
"12131","202303008073",2023-09-07,-124.87166667,43.48888889,668.3
"12132","202303008074",2023-09-07,-124.67527778,43.54805556,419.8
"12133","202303008075",2023-09-07,-124.61583333,43.45722222,200.4
"12134","202303008076",2023-09-08,-124.79027778,42.88305556,208.2
"12135","202303008077",2023-09-08,-124.66083333,42.58361111,132.7
"12136","202303008078",2023-09-08,-124.54416667,42.38361111,85.2
"12137","202303008079",2023-09-08,-124.60444444,42.33194444,155.2
"12138","202303008080",2023-09-08,-124.68416667,42.12944444,547.3
"12139","202303008081",2023-09-08,-124.71,42.06944444,593.2
"12140","202303008082",2023-09-08,-124.57527778,41.9975,164.5
"12141","202303008083",2023-09-09,-124.81388889,41.70055556,862
"12142","202303008084",2023-09-09,-124.68666667,41.86722222,662.3
"12143","202303008085",2023-09-09,-124.60388889,41.93083333,464.3
"12144","202303008086",2023-09-10,-124.46722222,42.02472222,103.2
"12145","202303008087",2023-09-10,-124.53694444,41.86583333,370
"12146","202303008088",2023-09-11,-124.39916667,42.08944444,65.7
"12147","202303008089",2023-09-15,-124.32944444,41.72222222,77.3
"12148","202303008090",2023-09-15,-124.35638889,41.44166667,93.3
"12149","202303008091",2023-09-15,-124.44777778,41.47444444,134
"12150","202303008092",2023-09-15,-124.81861111,41.30666667,1135.6
"12151","202303008093",2023-09-15,-124.41805556,41.20888889,443.7
"12152","202303008094",2023-09-16,-124.22277778,41.19222222,67.1
"12153","202303008095",2023-09-16,-124.55805556,41.09805556,877.3
"12154","202303008096",2023-09-16,-124.72472222,40.97555556,742.4
"12155","202303008097",2023-09-16,-124.67027778,40.56472222,268.3
"12156","202303008098",2023-09-17,-124.85166667,40.16,966.2
"12157","202303008099",2023-09-17,-124.56527778,40.09222222,818.7
"12158","202303008100",2023-09-17,-124.32555556,40.00777778,990.5
"12159","202303008101",2023-09-17,-124.18666667,39.98083333,159.9
"12160","202303008102",2023-09-17,-124.06583333,39.6775,576.1
"12161","202303008103",2023-09-18,-123.89611111,39.44027778,110.7
"12162","202303008104",2023-09-18,-123.94222222,39.28166667,163.3
"12163","202303008105",2023-09-18,-123.86916667,39.235,121.1
"12164","202303008106",2023-09-18,-123.89055556,38.85333333,176.1
"12165","202303008107",2023-09-18,-123.49666667,38.64888889,91.8
"12166","202303008108",2023-09-19,-123.58861111,38.41527778,268.5
"12167","202303008109",2023-09-19,-123.49666667,38.44305556,155.2
"12168","202303008110",2023-09-19,-123.28416667,38.39972222,100.2
"12169","202303008111",2023-09-19,-123.34055556,38.24555556,138.6
"12170","202303008112",2023-09-19,-123.40222222,38.145,260.7
"12171","202303008113",2023-09-19,-123.32305556,38.1675,141.5
"12172","202303008114",2023-09-19,-123.33277778,38.20166667,137.1
"12173","202303008115",2023-09-20,-123.04805556,38.20027778,72.5
"12174","202303008116",2023-09-21,-123.00777778,37.91,71.2
"12175","202303008117",2023-09-21,-122.74222222,37.505,77.6
"12176","202303008118",2023-09-21,-122.70416667,37.45388889,79.4
"12177","202303008119",2023-09-22,-122.60416667,37.46944444,62.7
"12178","202303008120",2023-09-22,-122.60694444,37.40083333,72.1
"12179","202303008121",2023-09-23,-122.68388889,37.36138889,91.3
"12180","202303008122",2023-09-23,-122.89388889,37.29194444,297.4
"12181","202303008123",2023-09-23,-122.74805556,37.2075,175.1
"12182","202303008124",2023-09-23,-122.71944444,37.23916667,114.9
"12183","202303008126",2023-09-24,-122.59583333,37.15694444,105.9
"12184","202303008127",2023-09-29,-121.69166667,36.07972222,554
"12185","202303008128",2023-09-29,-121.51388889,35.83888889,349.4
"12186","202303008129",2023-09-29,-121.55972222,35.81944444,539.1
"12187","202303008130",2023-09-29,-121.65222222,35.77138889,779.7
"12188","202303008131",2023-09-29,-121.67305556,35.65444444,847.5
"12189","202303008132",2023-09-30,-121.54444444,35.65777778,656.8
"12190","202303008133",2023-09-30,-121.72916667,35.65694444,910.6
"12191","202303008134",2023-09-30,-121.96805556,35.71694444,1121.9
"12192","202303008135",2023-09-30,-121.85388889,35.52222222,1045.7
"12193","202303008136",2023-10-01,-121.15055556,34.49416667,1120.9
"12194","202303008137",2023-10-01,-121.11583333,34.52305556,991.7
"12195","202303008138",2023-10-01,-121.04472222,34.74555556,488.8
"12196","202303008139",2023-10-01,-121.03277778,34.91277778,467.8
"12197","202303008140",2023-10-01,-120.87833333,34.9575,191.4
"12198","202303008141",2023-10-01,-120.85805556,34.96666667,162.6
"12199","202303008142",2023-10-02,-121.21638889,35.01361111,579.9
"12200","202303008143",2023-10-02,-121.24305556,35.17722222,591.4
"12201","202303008144",2023-10-02,-121.04277778,35.33722222,210
"12202","202303008145",2023-10-03,-120.94444444,35.37027778,79.2
"12203","202303008146",2023-10-03,-120.945,34.94944444,319.5
"12204","202303008147",2023-10-03,-120.96916667,34.71611111,386.3
"12205","202303008148",2023-10-03,-120.84027778,34.64583333,186.1
"12206","202303008149",2023-10-04,-120.56972222,34.49361111,70.5
"12207","202303008150",2023-10-04,-120.55333333,34.30472222,447.2
"12208","202303008151",2023-10-04,-120.52583333,34.23222222,469.4
"12209","202303008152",2023-10-04,-120.36722222,34.34083333,296.5
"12210","202303008153",2023-10-04,-120.29805556,34.29055556,405.2
"12211","202303008154",2023-10-04,-120.19555556,34.18222222,492.5
"12212","202303008155",2023-10-05,-119.98944444,34.10388889,103.1
"12213","202303008156",2023-10-05,-119.94277778,33.965,66
"12214","202303008157",2023-10-05,-119.9225,33.77888889,161
"12215","202303008158",2023-10-05,-120.03333333,33.8425,91.9
"12216","202303008159",2023-10-06,-120.07361111,34.18555556,570.6
"12217","202303008160",2023-10-10,-119.54305556,34.305,70.2
"12218","202303008161",2023-10-10,-119.47277778,34.13638889,238
"12219","202303008162",2023-10-10,-119.47361111,34.04555556,81.3
"12220","202303008163",2023-10-10,-119.11277778,34.05472222,123.1
"12221","202303008164",2023-10-10,-118.67944444,33.92916667,383.5
"12222","202303008165",2023-10-11,-118.46861111,33.78638889,76.3
"12223","202303008167",2023-10-11,-118.79833333,33.55361111,466
"12224","202303008168",2023-10-11,-118.65361111,33.49222222,239.4
"12225","202303008169",2023-10-12,-118.49583333,33.21944444,1245.2
"12226","202303008170",2023-10-12,-118.3025,33.07388889,1139.2
"12227","202303008171",2023-10-12,-118.52111111,32.76194444,413
"12228","202303008172",2023-10-13,-120.06972222,32.73972222,508.8
"12229","202303008173",2023-10-14,-117.87472222,32.94138889,1015.7
"12230","202303008174",2023-10-14,-117.76,32.79916667,1081.2
"12231","202303008175",2023-10-15,-117.33888889,32.59055556,166.1
"12232","202303008176",2023-10-15,-117.31194444,32.76083333,65.1
"12233","202303008177",2023-10-15,-117.48861111,32.80805556,752.6
"12234","202303008178",2023-10-16,-117.99361111,33.47722222,502.5
"12235","202303008179",2023-10-16,-118.00305556,33.51527778,425.4
"12236","202303008180",2023-10-17,-118.31333333,33.51027778,865.8
"12237","202303010002",2023-05-21,-124.79694444,45.29916667,663.7
"12238","202303010003",2023-05-21,-124.63333333,45.46222222,495.5
"12239","202303010004",2023-05-21,-124.59333333,45.62916667,330.9
"12240","202303010005",2023-05-21,-124.70666667,45.66527778,498.4
"12241","202303010006",2023-05-22,-124.08472222,45.45888889,85.4
"12242","202303010007",2023-05-22,-124.04722222,45.42222222,64.4
"12243","202303010008",2023-05-22,-124.05027778,45.58638889,69.8
"12244","202303010009",2023-05-22,-124.05361111,45.58555556,70.7
"12245","202303010010",2023-05-22,-124.18666667,45.58888889,120.4
"12246","202303010011",2023-05-22,-124.10222222,45.68277778,87.6
"12247","202303010012",2023-05-22,-124.15972222,45.68527778,107.6
"12248","202303010013",2023-05-22,-124.26833333,45.68527778,140.3
"12249","202303010014",2023-05-23,-124.25,46.2975,66.8
"12250","202303010015",2023-05-23,-124.28083333,46.4,67.1
"12251","202303010016",2023-05-23,-124.34944444,46.66,74.9
"12252","202303010017",2023-05-24,-124.65361111,47.15555556,95.5
"12253","202303010018",2023-05-24,-124.81083333,47.45805556,140.4
"12254","202303010019",2023-05-24,-124.79805556,47.48722222,122.3
"12255","202303010020",2023-05-24,-125.1225,47.52416667,541
"12256","202303010021",2023-05-24,-125.20055556,47.42861111,670.3
"12257","202303010022",2023-05-25,-125.75,47.7075,1145.9
"12258","202303010023",2023-05-25,-125.28944444,47.61666667,825.4
"12259","202303010024",2023-05-25,-125.30527778,47.6725,987.3
"12260","202303010026",2023-05-26,-125.66527778,48.12777778,212.1
"12261","202303010028",2023-05-26,-125.65444444,48.15888889,180.6
"12262","202303010029",2023-05-26,-125.60027778,48.19305556,162.8
"12263","202303010030",2023-05-27,-124.95583333,48.10083333,106.3
"12264","202303010031",2023-05-27,-124.92861111,48.12972222,92.4
"12265","202303010032",2023-05-27,-124.99611111,47.965,113.5
"12266","202303010033",2023-05-27,-124.89861111,47.86777778,98.4
"12267","202303010036",2023-06-06,-124.19611111,44.68833333,67.3
"12268","202303010037",2023-06-06,-124.28916667,44.495,82.8
"12269","202303010038",2023-06-06,-124.22833333,44.34611111,65.1
"12270","202303010039",2023-06-07,-124.59277778,44.67027778,198.5
"12271","202303010040",2023-06-07,-124.58694444,44.63,175.7
"12272","202303010041",2023-06-07,-124.83388889,44.465,342.8
"12273","202303010042",2023-06-07,-124.91055556,44.26972222,222.5
"12274","202303010043",2023-06-07,-124.63472222,44.17222222,122.4
"12275","202303010044",2023-06-08,-124.37333333,44.07166667,107.3
"12276","202303010045",2023-06-08,-124.59388889,43.88027778,215.5
"12277","202303010046",2023-06-08,-124.65055556,43.89472222,237.2
"12278","202303010047",2023-06-08,-124.62305556,43.74611111,305.6
"12279","202303010048",2023-06-08,-124.52222222,43.68166667,169.9
"12280","202303010049",2023-06-08,-124.45805556,43.70166667,130.2
"12281","202303010050",2023-06-08,-124.40305556,43.69777778,118.1
"12282","202303010051",2023-06-08,-124.42,43.61916667,124.3
"12283","202303010052",2023-06-09,-124.98138889,43.28166667,904.5
"12284","202303010053",2023-06-09,-124.96472222,43.0475,973.8
"12285","202303010054",2023-06-09,-124.91666667,42.97861111,388.1
"12286","202303010055",2023-06-09,-124.71833333,43.01055556,161.6
"12287","202303010056",2023-06-10,-124.61361111,42.68861111,116
"12288","202303010057",2023-06-10,-124.51666667,42.37,82.2
"12289","202303010058",2023-06-10,-124.565,42.13833333,156.8
"12290","202303010059",2023-06-12,-124.39194444,41.93388889,72
"12291","202303010060",2023-06-17,-124.3475,41.67361111,83.5
"12292","202303010061",2023-06-17,-124.28972222,41.50305556,74.1
"12293","202303010062",2023-06-17,-124.20083333,41.43972222,62.2
"12294","202303010063",2023-06-18,-124.75861111,41.22888889,1175.5
"12295","202303010064",2023-06-18,-124.27611111,41.06277778,91.9
"12296","202303010065",2023-06-18,-124.43194444,40.86083333,278.5
"12297","202303010066",2023-06-18,-124.46638889,40.76194444,149.9
"12298","202303010067",2023-06-18,-124.44,40.71083333,73.9
"12299","202303010068",2023-06-19,-125.13388889,40.28055556,1238.7
"12300","202303010069",2023-06-19,-125.04222222,40.18277778,1129.6
"12301","202303010070",2023-06-19,-124.46638889,40.04277778,804.7
"12302","202303010071",2023-06-19,-124.32305556,40.12972222,229.6
"12303","202303010072",2023-06-20,-123.89444444,39.48138889,112.2
"12304","202303010073",2023-06-20,-123.86722222,39.38416667,97.5
"12305","202303010074",2023-06-20,-124.01166667,39.31222222,476.2
"12306","202303010075",2023-06-20,-124.00277778,39.26666667,444.2
"12307","202303010076",2023-06-20,-124.00861111,39.23388889,443.6
"12308","202303010077",2023-06-21,-123.70166667,38.60166667,231.6
"12309","202303010078",2023-06-21,-123.45972222,38.50777778,129.9
"12310","202303010079",2023-06-21,-123.36055556,38.47861111,107.6
"12311","202303010080",2023-06-21,-123.34361111,38.34,122.1
"12312","202303010081",2023-06-21,-123.43194444,38.27555556,216.3
"12313","202303010082",2023-06-22,-123.61527778,38.43194444,346.7
"12314","202303010083",2023-06-22,-123.61777778,38.40416667,466
"12315","202303010084",2023-06-22,-123.48416667,38.14777778,434.1
"12316","202303010085",2023-06-22,-123.33194444,37.91583333,111.4
"12317","202303010086",2023-06-22,-123.20805556,37.92861111,102.4
"12318","202303010087",2023-06-23,-122.78027778,37.49083333,86.6
"12319","202303010088",2023-06-23,-122.70083333,37.49583333,72
"12320","202303010089",2023-06-24,-122.73138889,37.33222222,102.7
"12321","202303010090",2023-06-24,-122.69083333,37.07055556,355.9
"12322","202303010091",2023-06-29,-121.96916667,36.45194444,117.8
"12323","202303010092",2023-06-29,-122.28694444,36.26694444,1093.6
"12324","202303010093",2023-06-30,-121.49972222,35.7825,336.6
"12325","202303010094",2023-06-30,-121.42388889,35.65277778,424.7
"12326","202303010095",2023-07-01,-121.64194444,35.59583333,857.6
"12327","202303010096",2023-07-01,-121.72055556,35.44638889,1110.5
"12328","202303010097",2023-07-01,-121.72,35.41527778,1163.4
"12329","202303010098",2023-07-01,-121.635,35.16361111,1009
"12330","202303010099",2023-07-01,-121.51777778,35.1,528.3
"12331","202303010100",2023-07-02,-121.345,34.60222222,966.6
"12332","202303010101",2023-07-02,-121.20666667,34.82916667,548.8
"12333","202303010102",2023-07-02,-121.07833333,34.88277778,517.4
"12334","202303010103",2023-07-02,-121.19472222,34.91527778,569.3
"12335","202303010104",2023-07-02,-121.37055556,35.05916667,499.2
"12336","202303010105",2023-07-02,-121.46305556,35.03194444,442.5
"12337","202303010106",2023-07-03,-121.54055556,35.39777778,950
"12338","202303010107",2023-07-03,-121.35,35.37472222,621
"12339","202303010108",2023-07-03,-121.21305556,35.48,347.2
"12340","202303010109",2023-07-03,-121.11194444,35.48416667,98.1
"12341","202303010110",2023-07-04,-121.05888889,35.28472222,279.5
"12342","202303010111",2023-07-04,-120.83,35.11,93.2
"12343","202303010112",2023-07-05,-120.78861111,34.76861111,99.2
"12344","202303010113",2023-07-05,-120.83666667,34.66,164.1
"12345","202303010114",2023-07-05,-120.71666667,34.17305556,698.9
"12346","202303010115",2023-07-05,-120.63416667,34.315,479.1
"12347","202303010116",2023-07-05,-120.52611111,34.35583333,348
"12348","202303010117",2023-07-06,-120.26694444,34.42833333,86.9
"12349","202303010118",2023-07-06,-120.20888889,34.33888889,422.4
"12350","202303010120",2023-07-06,-119.01805556,34.0475,63.2
"12351","202303010122",2023-07-11,-119.85027778,34.11333333,94.1
"12352","202303010124",2023-07-12,-120.22472222,34.10861111,104.2
"12353","202303010125",2023-07-12,-120.26861111,34.31527778,395.5
"12354","202303010126",2023-07-12,-120.50527778,34.32333333,397.3
"12355","202303010127",2023-07-12,-120.49666667,33.96416667,362
"12356","202303010128",2023-07-13,-119.93916667,33.89055556,90.2
"12357","202303010129",2023-07-14,-118.72166667,32.00527778,1199.4
"12358","202303010130",2023-07-15,-117.78,32.89861111,1044.5
"12359","202303010131",2023-07-15,-117.385,32.64527778,247.7
"12360","202303010132",2023-07-15,-117.34027778,32.76111111,87.9
"12361","202303010133",2023-07-16,-117.67805556,33.32638889,559.6
"12362","202303010134",2023-07-16,-117.83555556,33.19055556,819
"12363","202303010135",2023-07-16,-118.20277778,33.05416667,1085
"12364","202303010136",2023-07-17,-118.155,33.32055556,786.1
"12365","202303010137",2023-07-17,-118.19722222,33.55388889,189.6
"12366","202303010138",2023-07-17,-118.43416667,33.45194444,270.4
"12367","202303010139",2023-07-18,-117.89888889,33.53305556,430.6
"12368","202303010140",2023-07-18,-117.85972222,33.55944444,83.2
"12369","202303017002",2023-08-21,-124.84888889,44.83166667,464.3
"12370","202303017003",2023-08-21,-124.64777778,44.92916667,441.5
"12371","202303017004",2023-08-22,-124.51916667,46.18861111,142
"12372","202303017005",2023-08-22,-124.51222222,46.41944444,147.1
"12373","202303017006",2023-08-22,-124.68916667,46.42,1102.4
"12374","202303017007",2023-08-22,-124.83666667,46.60166667,563.8
"12375","202303017009",2023-08-23,-125.21222222,46.86166667,876.8
"12376","202303017010",2023-08-23,-125.04,46.90777778,553.1
"12377","202303017011",2023-08-23,-124.93861111,46.8325,478.1
"12378","202303017012",2023-08-23,-124.85777778,46.86222222,166.7
"12379","202303017013",2023-08-23,-124.90611111,47.02055556,171.7
"12380","202303017014",2023-08-23,-124.9025,47.15361111,159.1
"12381","202303017015",2023-08-24,-124.81444444,47.88638889,73.2
"12382","202303017016",2023-08-24,-124.99083333,47.83944444,120.7
"12383","202303017017",2023-08-24,-125.42138889,47.79583333,776.8
"12384","202303017018",2023-08-24,-125.44777778,47.8725,816.4
"12385","202303017019",2023-08-24,-125.36555556,47.90305556,668.3
"12386","202303017020",2023-08-24,-125.46777778,47.90166667,772.1
"12387","202303017021",2023-08-25,-124.98194444,48.17305556,250.7
"12388","202303017022",2023-08-25,-125.27944444,48.24694444,212.8
"12389","202303017023",2023-08-25,-125.2875,48.07472222,249.9
"12390","202303017026",2023-08-25,-125.63277778,48.22472222,292.3
"12391","202303017028",2023-08-26,-125.09222222,47.49166667,811.1
"12392","202303017029",2023-08-26,-124.85277778,47.47583333,251.9
"12393","202303017030",2023-08-26,-125.07583333,47.23916667,780.6
"12394","202303017032",2023-08-26,-124.51805556,47.16055556,70.9
"12395","202303017033",2023-08-26,-124.50388889,47.22083333,63.5
"12396","202303017034",2023-08-27,-125.01,46.78833333,658.8
"12397","202303017035",2023-08-27,-124.86583333,46.74388889,404.2
"12398","202303017036",2023-08-27,-124.76055556,46.82444444,150.3
"12399","202303017037",2023-08-27,-124.76444444,46.87416667,149.6
"12400","202303017038",2023-08-27,-124.37555556,46.635,81.8
"12401","202303017039",2023-08-28,-124.69166667,46.11055556,508.6
"12402","202303017040",2023-08-28,-124.52361111,46.03888889,151.9
"12403","202303017041",2023-08-28,-124.26861111,46.07111111,105.2
"12404","202303017042",2023-08-28,-124.20527778,45.935,104.9
"12405","202303017043",2023-08-28,-124.19444444,45.76916667,150
"12406","202303017044",2023-08-28,-124.10444444,45.60166667,90.6
"12407","202303017045",2023-08-29,-124.27444444,44.88194444,136.2
"12408","202303017046",2023-08-29,-124.30361111,44.7075,86.8
"12409","202303017047",2023-09-02,-124.56277778,44.89666667,360.5
"12410","202303017048",2023-09-02,-124.19888889,45.05527778,132.3
"12411","202303017050",2023-09-02,-124.15944444,45.05666667,108.8
"12412","202303017051",2023-09-02,-124.47027778,45.06194444,359.6
"12413","202303017052",2023-09-02,-124.71694444,45.23083333,547
"12414","202303017053",2023-09-03,-124.70138889,45.60638889,421
"12415","202303017054",2023-09-03,-124.43277778,45.645,187.5
"12416","202303017055",2023-09-03,-124.48361111,45.74722222,181.5
"12417","202303017056",2023-09-03,-124.3425,45.74416667,151
"12418","202303017057",2023-09-03,-124.17916667,45.56861111,120
"12419","202303017058",2023-09-04,-124.79138889,44.84722222,352.8
"12420","202303017059",2023-09-04,-124.59388889,44.82666667,313.2
"12421","202303017060",2023-09-04,-124.30361111,44.58083333,81.1
"12422","202303017061",2023-09-04,-124.52944444,44.48083333,103
"12423","202303017062",2023-09-04,-124.54111111,44.41444444,103.9
"12424","202303017063",2023-09-04,-124.55666667,44.39916667,105.9
"12425","202303017064",2023-09-05,-124.28972222,44.34527778,71.7
"12426","202303017065",2023-09-05,-124.52722222,44.28055556,97.3
"12427","202303017066",2023-09-05,-124.69611111,44.07777778,122.2
"12428","202303017067",2023-09-05,-124.57861111,44.05083333,139
"12429","202303017068",2023-09-05,-124.6,43.95111111,184.4
"12430","202303017069",2023-09-05,-124.30194444,43.90944444,110.8
"12431","202303017070",2023-09-06,-124.31944444,43.535,96.9
"12432","202303017071",2023-09-06,-124.37083333,43.66611111,115.8
"12433","202303017072",2023-09-07,-124.52083333,43.71111111,169.4
"12434","202303017073",2023-09-07,-124.68722222,43.775,450.1
"12435","202303017074",2023-09-07,-124.74111111,43.84805556,340
"12436","202303017075",2023-09-07,-124.82861111,43.57138889,641.1
"12437","202303017076",2023-09-08,-125.08,43.54694444,1154.6
"12438","202303017077",2023-09-08,-125.06027778,43.37888889,968
"12439","202303017078",2023-09-08,-124.80194444,43.41583333,535.5
"12440","202303017079",2023-09-08,-124.72861111,43.29444444,280.6
"12441","202303017080",2023-09-09,-124.93305556,42.92611111,535
"12442","202303017081",2023-09-09,-124.89027778,42.82888889,367.9
"12443","202303017082",2023-09-09,-124.75944444,42.69444444,514.3
"12444","202303017083",2023-09-09,-124.86777778,42.64805556,796.8
"12445","202303017084",2023-09-09,-124.81055556,42.67472222,656.5
"12446","202303017085",2023-09-09,-124.76111111,42.59944444,477.2
"12447","202303017086",2023-09-10,-124.73916667,42.16555556,594.5
"12448","202303017087",2023-09-10,-124.74888889,42.14,624.2
"12449","202303017088",2023-09-10,-124.77972222,41.96611111,754.9
"12450","202303017089",2023-09-10,-125.00777778,41.735,1086.4
"12451","202303017090",2023-09-10,-124.84305556,41.66861111,885.9
"12452","202303017091",2023-09-11,-124.57861111,41.92416667,360.3
"12453","202303017092",2023-09-15,-124.6175,41.99888889,399.5
"12454","202303017093",2023-09-15,-124.545,41.79888889,489.7
"12455","202303017094",2023-09-15,-124.6475,41.635,838.2
"12456","202303017095",2023-09-15,-124.42444444,41.63638889,130.3
"12457","202303017096",2023-09-15,-124.32805556,41.63861111,73
"12458","202303017097",2023-09-15,-124.35972222,41.57083333,93
"12459","202303017098",2023-09-16,-124.51277778,41.52972222,313.8
"12460","202303017099",2023-09-16,-124.4875,41.5025,192.4
"12461","202303017100",2023-09-16,-124.45222222,41.26722222,503.9
"12462","202303017101",2023-09-16,-124.27472222,41.03972222,88.9
"12463","202303017102",2023-09-16,-124.23666667,40.97027778,63.8
"12464","202303017103",2023-09-17,-124.50472222,40.86888889,483.1
"12465","202303017104",2023-09-17,-124.76472222,40.96611111,860.6
"12466","202303017105",2023-09-18,-124.4825,40.07972222,763.6
"12467","202303017106",2023-09-18,-124.16361111,40.08444444,109.6
"12468","202303017107",2023-09-18,-124.13916667,39.93861111,147.5
"12469","202303017108",2023-09-18,-123.94555556,39.83944444,102.7
"12470","202303017109",2023-09-18,-123.91361111,39.64722222,134.7
"12471","202303017110",2023-09-18,-123.88111111,39.60916667,119.2
"12472","202303017111",2023-09-19,-124.17583333,39.35333333,964.7
"12473","202303017112",2023-09-19,-124.13611111,39.24694444,872.1
"12474","202303017114",2023-09-19,-123.77166667,39.08527778,84.4
"12475","202303017115",2023-09-19,-123.83083333,39.05055556,101.2
"12476","202303017116",2023-09-19,-123.83722222,38.75472222,279.7
"12477","202303017117",2023-09-20,-123.64944444,38.52583333,262.3
"12478","202303017118",2023-09-20,-123.43166667,38.45138889,133.3
"12479","202303017119",2023-09-20,-123.5825,38.31555556,466.6
"12480","202303017120",2023-09-20,-123.28027778,38.2175,118.4
"12481","202303017121",2023-09-21,-123.06138889,38.15111111,74.7
"12482","202303017123",2023-09-21,-123.42722222,38.19861111,349.5
"12483","202303017124",2023-09-21,-123.44388889,38.11222222,211.4
"12484","202303017125",2023-09-22,-123.29361111,37.82194444,115.8
"12485","202303017126",2023-09-22,-122.95444444,37.7725,66.5
"12486","202303017127",2023-09-22,-122.91722222,37.77555556,62.5
"12487","202303017128",2023-09-22,-123.13916667,37.24194444,1066.2
"12488","202303017129",2023-09-23,-122.86694444,37.23861111,305.6
"12489","202303017130",2023-09-23,-122.79055556,37.27444444,148
"12490","202303017131",2023-09-23,-122.63194444,37.1425,112.9
"12491","202303017132",2023-09-23,-122.60444444,36.99361111,412.9
"12492","202303017133",2023-09-24,-122.35333333,36.8825,652.2
"12493","202303017135",2023-09-29,-121.98972222,36.215,607.6
"12494","202303017136",2023-09-29,-121.89611111,36.15055556,841.6
"12495","202303017137",2023-09-29,-121.71972222,36.14694444,369.5
"12496","202303017138",2023-09-29,-121.73722222,36.03138889,829.2
"12497","202303017139",2023-09-30,-121.59583333,35.3025,897.4
"12498","202303017140",2023-09-30,-121.42388889,35.23777778,676.9
"12499","202303017141",2023-09-30,-121.36972222,35.25805556,756.4
"12500","202303017143",2023-09-30,-121.2425,35.12166667,595
"12501","202303017144",2023-09-30,-121.09861111,34.885,546
"12502","202303017147",2023-10-01,-120.55861111,34.02416667,414.1
"12503","202303017148",2023-10-01,-120.58722222,34.17944444,259.4
"12504","202303017149",2023-10-01,-120.40194444,34.22277778,464.8
"12505","202303017150",2023-10-02,-121.16583333,35.38027778,346.3
"12506","202303017151",2023-10-02,-120.9325,35.36416667,74.9
"12507","202303017152",2023-10-03,-120.93138889,35.10305556,224.2
"12508","202303017153",2023-10-03,-120.88444444,35.09333333,156
"12509","202303017154",2023-10-03,-120.98888889,34.67777778,482.5
"12510","202303017155",2023-10-03,-120.88583333,34.64694444,294.4
"12511","202303017156",2023-10-04,-120.43888889,33.1775,1030.2
"12512","202303017157",2023-10-04,-120.22333333,33.33055556,1046.1
"12513","202303017158",2023-10-04,-120.20166667,33.53194444,1168.2
"12514","202303017159",2023-10-05,-120.01416667,33.86083333,79.4
"12515","202303017160",2023-10-05,-120.13166667,33.81194444,430.7
"12516","202303017161",2023-10-05,-120.18166667,33.89416667,95.3
"12517","202303017162",2023-10-05,-120.28611111,34.10888889,100.4
"12518","202303017163",2023-10-05,-120.20972222,34.26861111,494.5
"12519","202303017164",2023-10-05,-120.23722222,34.17722222,487.4
"12520","202303017166",2023-10-06,-119.69666667,34.20444444,254.6
"12521","202303017167",2023-10-10,-119.84694444,34.22222222,455.9
"12522","202303017168",2023-10-10,-119.91611111,34.10333333,101.1
"12523","202303017169",2023-10-10,-119.85833333,34.195,475.5
"12524","202303017170",2023-10-10,-119.67416667,34.18527778,284.7
"12525","202303017171",2023-10-10,-119.52138889,34.14694444,239
"12526","202303017172",2023-10-11,-118.69111111,33.95611111,340.4
"12527","202303017173",2023-10-11,-118.72916667,33.88222222,588.8
"12528","202303017174",2023-10-11,-118.73861111,33.78388889,900.7
"12529","202303017175",2023-10-11,-118.47416667,33.85805556,81
"12530","202303017176",2023-10-11,-118.45055556,33.75861111,81
"12531","202303017178",2023-10-12,-118.70694444,33.54111111,414.7
"12532","202303017180",2023-10-12,-118.70583333,33.49361111,254.7
"12533","202303017181",2023-10-12,-118.50527778,33.36916667,82.7
"12534","202303017182",2023-10-13,-118.49777778,33.27833333,1106.5
"12535","202303017183",2023-10-13,-118.36138889,33.09111111,1182.2
"12536","202303017184",2023-10-13,-118.42888889,33.05527778,932.4
"12537","202303017185",2023-10-14,-117.43,33.12722222,323.7
"12538","202303017186",2023-10-14,-117.50638889,33.0575,616.9
"12539","202303017187",2023-10-14,-117.305,32.92527778,85.4
"12540","202303017188",2023-10-15,-117.39194444,32.84694444,384.2
"12541","202303017189",2023-10-15,-117.76472222,33.07388889,845.1
"12542","202303017191",2023-10-16,-118.50361111,33.47833333,199.6
"12543","202303017192",2023-10-17,-117.98277778,33.55611111,212
"12544","202303020001",2023-05-21,-124.94166667,45.40361111,1210.5
"12545","202303020002",2023-05-21,-125.18388889,45.61416667,970.4
"12546","202303020003",2023-05-21,-124.80527778,45.83555556,865.1
"12547","202303020004",2023-05-21,-124.70444444,45.86222222,254.8
"12548","202303020005",2023-05-22,-124.60861111,45.85944444,179.4
"12549","202303020006",2023-05-22,-124.59361111,46.02972222,166.6
"12550","202303020007",2023-05-22,-124.4925,45.99111111,156
"12551","202303020008",2023-05-22,-124.41805556,46.05361111,135.1
"12552","202303020009",2023-05-22,-124.27416667,46.08361111,94.1
"12553","202303020010",2023-05-23,-124.40638889,46.91555556,62.4
"12554","202303020011",2023-05-23,-124.63083333,47.38805556,80.7
"12555","202303020012",2023-05-23,-124.67027778,47.65166667,63.2
"12556","202303020013",2023-05-23,-124.80416667,47.82138889,77.8
"12557","202303020014",2023-05-23,-124.995,47.92222222,116.1
"12558","202303020015",2023-05-23,-125.06138889,48.02305556,127.1
"12559","202303020016",2023-05-23,-125.09861111,48.05027778,135.6
"12560","202303020017",2023-05-24,-125.77916667,48.12666667,502.8
"12561","202303020018",2023-05-24,-125.49027778,48.22805556,182.8
"12562","202303020019",2023-05-24,-125.14472222,48.43277778,171.3
"12563","202303020020",2023-05-24,-125.09027778,48.26555556,187.9
"12564","202303020021",2023-05-24,-125.21972222,48.275,209.5
"12565","202303020022",2023-05-25,-125.21916667,47.90277778,203.7
"12566","202303020023",2023-05-25,-125.16888889,47.90777778,175
"12567","202303020024",2023-05-25,-124.98583333,47.80166667,123
"12568","202303020025",2023-05-25,-125.06666667,47.71777778,174
"12569","202303020026",2023-05-25,-125.11944444,47.775,407.7
"12570","202303020027",2023-05-25,-125.14944444,47.6975,629
"12571","202303020028",2023-05-26,-124.77777778,47.45305556,126.5
"12572","202303020029",2023-05-26,-124.95888889,47.59638889,166.3
"12573","202303020030",2023-05-26,-125.23083333,47.49861111,700.2
"12574","202303020031",2023-05-26,-125.09055556,47.29138889,903.8
"12575","202303020032",2023-05-26,-124.9425,47.195,312.2
"12576","202303020033",2023-05-27,-125.19777778,46.92138889,957.6
"12577","202303020034",2023-05-27,-125.11361111,46.76333333,750
"12578","202303020035",2023-05-27,-125.21055556,46.70444444,959.1
"12579","202303020036",2023-05-27,-125.09611111,46.64083333,997.5
"12580","202303020037",2023-05-27,-124.98138889,46.705,883
"12581","202303020039",2023-05-28,-124.84055556,46.94111111,299.8
"12582","202303020040",2023-05-28,-124.64,46.93861111,113.9
"12583","202303020041",2023-05-28,-124.64888889,46.8975,119.8
"12584","202303020042",2023-05-28,-124.6775,46.83861111,133.3
"12585","202303020043",2023-05-28,-124.66472222,46.80138889,139.5
"12586","202303020044",2023-05-29,-124.51861111,46.27611111,98.8
"12587","202303020045",2023-05-29,-124.27333333,46.44611111,55.3
"12588","202303020046",2023-05-30,-124.50777778,46.56888889,161.9
"12589","202303020047",2023-05-30,-124.94333333,46.23861111,990.7
"12590","202303020048",2023-05-30,-124.6375,46.03583333,184.9
"12591","202303020049",2023-05-30,-124.31305556,45.78277778,149.2
"12592","202303020050",2023-05-30,-124.23611111,45.88361111,122.5
"12593","202303020051",2023-05-31,-124.37194444,45.09611111,274.6
"12594","202303020052",2023-05-31,-124.09777778,45.09472222,78.6
"12595","202303020055",2023-06-06,-124.35444444,44.62972222,83.5
"12596","202303020056",2023-06-06,-124.40111111,44.46888889,62.7
"12597","202303020057",2023-06-06,-124.29222222,44.3625,72.2
"12598","202303020058",2023-06-06,-124.29277778,44.24611111,77.3
"12599","202303020059",2023-06-06,-124.42527778,44.14861111,106.1
"12600","202303020060",2023-06-06,-124.52555556,44.02194444,139.7
"12601","202303020061",2023-06-06,-124.29555556,44.04,89
"12602","202303020062",2023-06-07,-124.91638889,44.50222222,510.3
"12603","202303020063",2023-06-07,-124.99444444,44.42166667,745.8
"12604","202303020064",2023-06-07,-125.1325,44.40944444,1214
"12605","202303020065",2023-06-07,-125.08138889,44.38027778,959.8
"12606","202303020066",2023-06-07,-125.05027778,44.315,883.9
"12607","202303020067",2023-06-07,-124.67416667,44.14416667,122.4
"12608","202303020068",2023-06-08,-125.01833333,44.02111111,1117.3
"12609","202303020069",2023-06-08,-125.02666667,43.85638889,1061.2
"12610","202303020070",2023-06-08,-124.86,43.82305556,382.6
"12611","202303020071",2023-06-08,-124.64222222,43.84138889,317.8
"12612","202303020072",2023-06-08,-124.47527778,43.88277778,133.3
"12613","202303020073",2023-06-08,-124.52777778,43.71277778,173.2
"12614","202303020074",2023-06-08,-124.37555556,43.70916667,114
"12615","202303020075",2023-06-09,-125.06916667,43.465,1134.2
"12616","202303020076",2023-06-09,-124.91027778,43.38638889,678.5
"12617","202303020077",2023-06-09,-124.77916667,43.29111111,486.4
"12618","202303020078",2023-06-09,-124.45416667,43.34722222,83.2
"12619","202303020079",2023-06-09,-124.59833333,42.9575,87.5
"12620","202303020080",2023-06-10,-124.59777778,42.7225,81.9
"12621","202303020081",2023-06-10,-124.6975,42.56666667,170.5
"12622","202303020082",2023-06-10,-124.70305556,42.29055556,461.8
"12623","202303020083",2023-06-12,-124.47555556,41.80805556,170.5
"12624","202303020084",2023-06-12,-124.38416667,41.81638889,71.7
"12625","202303020085",2023-06-17,-124.47666667,42.15111111,111.7
"12626","202303020086",2023-06-17,-124.64305556,42.10222222,457.1
"12627","202303020087",2023-06-17,-124.77361111,41.99583333,735.4
"12628","202303020088",2023-06-17,-125.04305556,41.92361111,978.1
"12629","202303020089",2023-06-18,-124.81527778,41.73055556,864.7
"12630","202303020090",2023-06-18,-124.8575,41.59833333,916.8
"12631","202303020091",2023-06-18,-124.51,41.67222222,391.6
"12632","202303020092",2023-06-18,-124.35972222,41.36333333,107.6
"12633","202303020093",2023-06-18,-124.35166667,41.16416667,176
"12634","202303020094",2023-06-18,-124.30166667,41.13694444,114.6
"12635","202303020095",2023-06-19,-124.84611111,41.31333333,1121.6
"12636","202303020096",2023-06-19,-124.71555556,41.28166667,1149.2
"12637","202303020097",2023-06-19,-124.58638889,41.00388889,657.9
"12638","202303020098",2023-06-19,-124.4125,40.8675,200.2
"12639","202303020099",2023-06-19,-124.23805556,40.92416667,61.1
"12640","202303020100",2023-06-20,-124.32083333,40.79583333,60.1
"12641","202303020101",2023-06-20,-124.33333333,40.81111111,66.6
"12642","202303020102",2023-06-20,-124.43944444,40.67972222,59.4
"12643","202303020103",2023-06-20,-124.64277778,40.59472222,196.2
"12644","202303020104",2023-06-20,-124.6,40.45527778,143.6
"12645","202303020105",2023-06-20,-124.46777778,40.31583333,282.1
"12646","202303020106",2023-06-20,-124.49333333,40.23944444,163.7
"12647","202303020107",2023-06-21,-124.27777778,39.98361111,734.5
"12648","202303020108",2023-06-21,-124.13083333,39.485,869.1
"12649","202303020109",2023-06-21,-124.17361111,39.32111111,937
"12650","202303020110",2023-06-21,-123.93277778,38.84777778,364.8
"12651","202303020111",2023-06-22,-123.77638889,38.65083333,355.2
"12652","202303020112",2023-06-22,-123.67638889,38.6075,194.8
"12653","202303020113",2023-06-22,-123.55583333,38.28277778,443.1
"12654","202303020114",2023-06-22,-123.19777778,38.11166667,107.7
"12655","202303020116",2023-06-29,-122.68138889,37.29277778,101.3
"12656","202303020117",2023-06-29,-122.98777778,37.37833333,775
"12657","202303020118",2023-06-29,-123.02861111,37.49833333,495.7
"12658","202303020119",2023-06-29,-122.95416667,37.45583333,259.7
"12659","202303020120",2023-06-29,-122.64388889,37.46,71.3
"12660","202303020121",2023-06-29,-122.53944444,37.26416667,83.8
"12661","202303020122",2023-06-30,-121.97777778,36.40444444,125.7
"12662","202303020123",2023-06-30,-121.87638889,36.21972222,227.8
"12663","202303020124",2023-06-30,-121.90666667,35.91111111,1195.6
"12664","202303020125",2023-06-30,-121.85388889,35.88666667,374.1
"12665","202303020127",2023-06-30,-121.50888889,35.92833333,77.5
"12666","202303020128",2023-07-01,-121.57055556,35.72722222,670.4
"12667","202303020129",2023-07-01,-121.45638889,35.66,511.1
"12668","202303020130",2023-07-01,-121.34583333,35.52055556,500.2
"12669","202303020131",2023-07-01,-121.40833333,35.41972222,717.9
"12670","202303020132",2023-07-01,-121.59277778,35.39194444,1044.3
"12671","202303020133",2023-07-01,-121.3975,35.13777778,558.3
"12672","202303020134",2023-07-02,-121.53166667,35.075,587
"12673","202303020135",2023-07-02,-121.19861111,34.78333333,546.7
"12674","202303020136",2023-07-02,-121.28666667,34.59916667,968.9
"12675","202303020137",2023-07-02,-120.88444444,34.51361111,580.2
"12676","202303020138",2023-07-02,-120.71861111,34.43472222,473.2
"12677","202303020139",2023-07-03,-121.08444444,35.25166667,396.5
"12678","202303020140",2023-07-03,-121.135,35.45444444,251.5
"12679","202303020141",2023-07-04,-120.91083333,35.06888889,203.7
"12680","202303020142",2023-07-04,-120.76916667,34.95833333,84.7
"12681","202303020143",2023-07-04,-120.90111111,34.77138889,231.8
"12682","202303020144",2023-07-04,-120.79944444,34.50305556,421
"12683","202303020145",2023-07-04,-120.70055556,34.36194444,563.2
"12684","202303020146",2023-07-04,-120.53194444,34.4575,74.5
"12685","202303020147",2023-07-05,-120.35805556,34.39972222,103.3
"12686","202303020148",2023-07-05,-120.07,34.4075,96
"12687","202303020149",2023-07-05,-120.54777778,34.30694444,441.2
"12688","202303020150",2023-07-05,-120.66027778,34.29111111,551.1
"12689","202303020151",2023-07-05,-120.59638889,34.22611111,584.4
"12690","202303020152",2023-07-05,-120.61,34.20194444,442.5
"12691","202303020153",2023-07-06,-120.42916667,34.11916667,69.9
"12692","202303020154",2023-07-06,-120.44638889,33.95583333,229.5
"12693","202303020155",2023-07-06,-120.00861111,33.805,112.2
"12694","202303020156",2023-07-06,-119.91444444,33.63333333,209.3
"12695","202303020157",2023-07-06,-119.91111111,33.69833333,146.4
"12696","202303020158",2023-07-07,-119.52361111,34.06416667,150.2
"12697","202303020159",2023-07-07,-119.34888889,34.0025,84.1
"12698","202303020160",2023-07-11,-119.06805556,34.05055556,237.3
"12699","202303020161",2023-07-11,-119.19305556,34.06,200.8
"12700","202303020163",2023-07-11,-119.9275,33.75666667,168.7
"12701","202303020164",2023-07-12,-120.46388889,33.58444444,1109.4
"12702","202303020165",2023-07-12,-120.51611111,33.32972222,1099.7
"12703","202303020166",2023-07-12,-120.49027778,33.30861111,1103
"12704","202303020167",2023-07-12,-120.46833333,33.30805556,1079.2
"12705","202303020168",2023-07-12,-120.28916667,32.89777778,753.7
"12706","202303020169",2023-07-13,-118.79111111,32.95305556,1230
"12707","202303020170",2023-07-13,-118.70527778,32.90444444,1133.9
"12708","202303020171",2023-07-13,-118.6475,32.51111111,785.1
"12709","202303020173",2023-07-14,-117.43972222,32.69472222,499
"12710","202303020174",2023-07-14,-117.36194444,32.68027778,236.7
"12711","202303020175",2023-07-14,-117.34,32.71444444,115.3
"12712","202303020176",2023-07-14,-117.32055556,32.70861111,85.6
"12713","202303020177",2023-07-16,-117.42055556,33.07944444,429.6
"12714","202303020178",2023-07-16,-118.24388889,33.25388889,294.1
"12715","202303020179",2023-07-17,-118.22111111,33.55166667,252.5
"12716","202303020180",2023-07-17,-118.2225,33.30638889,368.5
"12717","202303020183",2023-07-18,-118.10416667,33.4725,478
